event_id,vehicle_id,timestamp,latitude,longitude,speed_kmh
G0000001,V0042,2025-01-01 08:15:00,40.78549793592959,-73.97700292581776,30
G0000002,V0005,2025-01-01 08:15:00,40.64229773183227,-73.95282548053693,12
G0000003,V0030,2025-01-01 08:15:00,40.782804754101086,-74.04664015145671,17
G0000004,V0030,2025-01-01 08:15:00,40.66713111591873,-74.02416440932748,45
G0000005,V0045,2025-01-01 08:15:00,40.763689474927396,-74.0864648692346,6
G0000006,V0019,2025-01-01 08:15:00,40.72684429740639,-73.91762946070426,17
G0000007,V0007,2025-01-01 08:15:00,40.75564693570189,-74.03042567574217,16
G0000008,V0014,2025-01-01 08:15:00,40.61506538171277,-74.07941041953252,49
G0000009,V0041,2025-01-01 08:15:00,40.69823118469498,-73.922601788936,59
G0000010,V0001,2025-01-01 08:15:00,40.79162693112979,-74.07587059496201,7
G0000011,V0011,2025-01-01 08:15:00,40.74445902087806,-74.02082144289092,46
G0000012,V0016,2025-01-01 08:15:00,40.636646230867385,-73.9926677166343,2
G0000013,V0014,2025-01-01 08:15:00,40.63117147914241,-74.10030253400691,7
G0000014,V0020,2025-01-01 08:15:00,40.792115312481606,-73.99123376046265,35
G0000015,V0049,2025-01-01 08:15:00,40.7117158724151,-74.07732567778268,19
G0000016,V0042,2025-01-01 08:15:00,40.642877705431616,-74.01830873146949,0
G0000017,V0035,2025-01-01 08:15:00,40.671096618793854,-73.91352414529958,51
G0000018,V0050,2025-01-01 08:15:00,40.62240413782284,-73.94273713110489,48
G0000019,V0006,2025-01-01 08:15:00,40.75513967635621,-73.98448762983492,10
G0000020,V0009,2025-01-01 08:15:00,40.696979767897275,-74.01376258192082,36
G0000021,V0016,2025-01-01 08:15:00,40.7976556659815,-74.01255088120773,49
G0000022,V0009,2025-01-01 08:15:00,40.63938721181194,-73.91488244838602,50
G0000023,V0048,2025-01-01 08:15:00,40.647560951932945,-74.04273539946074,55
G0000024,V0026,2025-01-01 08:15:00,40.75074145196631,-74.04180847206683,37
G0000025,V0017,2025-01-01 08:15:00,40.6818152810474,-73.99934844156243,48
G0000026,V0007,2025-01-01 08:15:00,40.656038244036175,-74.024075505711,21
G0000027,V0036,2025-01-01 08:15:00,40.7881821541047,-73.91871744116364,14
G0000028,V0025,2025-01-01 08:15:00,40.81010275011635,-74.07114337031786,14
G0000029,V0012,2025-01-01 08:15:00,40.788630500684164,-73.91908869114341,9
G0000030,V0036,2025-01-01 08:15:00,40.70646459686942,-74.0758289681218,51
G0000031,V0038,2025-01-01 08:15:00,40.76908734913632,-73.92132077508582,35
G0000032,V0048,2025-01-01 08:15:00,40.80306315088907,-73.99186063137135,12
G0000033,V0019,2025-01-01 08:15:00,40.753127616518675,-73.99921166057217,2
G0000034,V0020,2025-01-01 08:15:00,40.655058784101314,-74.092819963955,34
G0000035,V0037,2025-01-01 08:15:00,40.776150688551034,-73.95562350508742,6
G0000036,V0030,2025-01-01 08:15:00,40.78836878974231,-74.02422767568727,40
G0000037,V0038,2025-01-01 08:15:00,40.67883849288033,-74.05763305898857,36
G0000038,V0005,2025-01-01 08:15:00,40.71536310626208,-73.95247946431118,38
G0000039,V0039,2025-01-01 08:15:00,40.615100362462606,-74.00120263105008,5
G0000040,V0040,2025-01-01 08:15:00,40.6722124365465,-73.94911256683288,4
G0000041,V0012,2025-01-01 08:15:00,40.61976207075917,-73.98348554597284,43
G0000042,V0048,2025-01-01 08:15:00,40.69460925810236,-74.06780609885556,49
G0000043,V0028,2025-01-01 08:15:00,40.63043919582215,-73.94500720553278,35
G0000044,V0030,2025-01-01 08:15:00,40.69342683345591,-74.01059246849206,19
G0000045,V0006,2025-01-01 08:15:00,40.72346770886676,-73.96434579647271,46
G0000046,V0031,2025-01-01 08:15:00,40.61391826342095,-74.09241689869219,55
G0000047,V0039,2025-01-01 08:15:00,40.68771893773352,-73.98791428816172,26
G0000048,V0003,2025-01-01 08:15:00,40.639493520944285,-73.99810808550971,2
G0000049,V0002,2025-01-01 08:15:00,40.62921630769385,-74.00335104357787,5
G0000050,V0016,2025-01-01 08:15:00,40.68292592864911,-74.04612906924426,24
G0000051,V0025,2025-01-01 08:15:00,40.77119632749441,-74.09834761557914,40
G0000052,V0032,2025-01-01 08:15:00,40.621662164606434,-74.00992254795217,27
G0000053,V0010,2025-01-01 08:15:00,40.76839731428946,-73.95683617195496,13
G0000054,V0039,2025-01-01 08:15:00,40.64241909973961,-73.95498263159074,38
G0000055,V0035,2025-01-01 08:15:00,40.659609270747865,-74.08034685916313,27
G0000056,V0035,2025-01-01 08:15:00,40.69978510786255,-73.9425962843726,35
G0000057,V0048,2025-01-01 08:15:00,40.71966134667852,-74.04664359055539,4
G0000058,V0011,2025-01-01 08:15:00,40.65805791287476,-74.02519895891555,2
G0000059,V0015,2025-01-01 08:15:00,40.615925196721534,-73.9461272806487,40
G0000060,V0021,2025-01-01 08:15:00,40.623301260197664,-73.9323426908211,4
G0000061,V0046,2025-01-01 08:15:00,40.67720847575719,-74.06179808546636,57
G0000062,V0042,2025-01-01 08:15:00,40.80992740579199,-74.09721849413607,28
G0000063,V0033,2025-01-01 08:15:00,40.7324161408393,-74.00670906302862,48
G0000064,V0034,2025-01-01 08:15:00,40.63086259672504,-74.0993510606067,50
G0000065,V0023,2025-01-01 08:15:00,40.68600077703899,-74.02266698328314,25
G0000066,V0050,2025-01-01 08:15:00,40.7254385755339,-74.04907355132079,28
G0000067,V0012,2025-01-01 08:15:00,40.75052443198326,-74.07123295485464,10
G0000068,V0009,2025-01-01 08:15:00,40.78092003899302,-74.03322007942714,34
G0000069,V0040,2025-01-01 08:15:00,40.6468607450358,-74.01239856108528,8
G0000070,V0045,2025-01-01 08:15:00,40.624062092055595,-74.05920740642058,30
G0000071,V0045,2025-01-01 08:15:00,40.70248399443202,-74.01152499497879,33
G0000072,V0050,2025-01-01 08:15:00,40.78929862322549,-73.92818041585146,33
G0000073,V0016,2025-01-01 08:15:00,40.75033457963679,-73.96702221347888,49
G0000074,V0018,2025-01-01 08:15:00,40.700109973930026,-74.04867059556177,38
G0000075,V0019,2025-01-01 08:15:00,40.731248391429524,-74.09368244637814,57
G0000076,V0001,2025-01-01 08:15:00,40.701452942377415,-74.0678661266223,44
G0000077,V0021,2025-01-01 08:15:00,40.76034847854092,-74.0483096263478,26
G0000078,V0048,2025-01-01 08:15:00,40.78646132241234,-74.04148807696176,18
G0000079,V0015,2025-01-01 08:15:00,40.72504517395148,-74.03327380991267,17
G0000080,V0046,2025-01-01 08:15:00,40.758936857376625,-74.0466324632737,44
G0000081,V0002,2025-01-01 08:15:00,40.745952408261,-74.06480362424946,30
G0000082,V0035,2025-01-01 08:15:00,40.614984896453294,-74.02887940823419,57
G0000083,V0022,2025-01-01 08:15:00,40.7868770078271,-74.04919424521731,8
G0000084,V0045,2025-01-01 08:15:00,40.770953413406836,-74.02524375724393,44
G0000085,V0007,2025-01-01 08:15:00,40.64720948487942,-74.06256671871914,10
G0000086,V0035,2025-01-01 08:15:00,40.77490646496142,-73.97415732455372,59
G0000087,V0026,2025-01-01 08:15:00,40.62795766602928,-74.04626908441756,7
G0000088,V0043,2025-01-01 08:15:00,40.80986663112688,-74.00997966288746,58
G0000089,V0048,2025-01-01 08:15:00,40.67877604019691,-74.02095142180684,23
G0000090,V0004,2025-01-01 08:15:00,40.73137107758046,-74.05732023702895,40
G0000091,V0017,2025-01-01 08:15:00,40.640037367799074,-74.09220737345746,11
G0000092,V0049,2025-01-01 08:15:00,40.77524210046144,-73.99881161912427,57
G0000093,V0003,2025-01-01 08:15:00,40.747518766182786,-73.92772555371616,59
G0000094,V0002,2025-01-01 08:15:00,40.641064796336835,-74.01343492374163,32
G0000095,V0006,2025-01-01 08:15:00,40.76898555438029,-74.01649969989464,1
G0000096,V0001,2025-01-01 08:15:00,40.766675608531266,-73.98259158301596,6
G0000097,V0038,2025-01-01 08:15:00,40.738672566807935,-73.99276069681444,37
G0000098,V0032,2025-01-01 08:15:00,40.760140621708544,-74.05700181026481,5
G0000099,V0031,2025-01-01 08:15:00,40.71680888314625,-73.99878601358671,2
G0000100,V0028,2025-01-01 08:15:00,40.802979172778066,-74.10562859473008,27
G0000101,V0009,2025-01-01 08:15:00,40.74110744420625,-73.95342021666178,49
G0000102,V0023,2025-01-01 08:15:00,40.61548601322262,-74.07199649040477,5
G0000103,V0008,2025-01-01 08:15:00,40.63916081722532,-73.98672252824562,9
G0000104,V0032,2025-01-01 08:15:00,40.742957681436195,-73.93965598709292,48
G0000105,V0009,2025-01-01 08:15:00,40.719927880513445,-74.06837171270661,36
G0000106,V0046,2025-01-01 08:15:00,40.66661809334406,-73.98466875311185,13
G0000107,V0020,2025-01-01 08:15:00,40.68932855735423,-74.06699087266342,33
G0000108,V0025,2025-01-01 08:15:00,40.62616316222389,-74.0802377766955,39
G0000109,V0033,2025-01-01 08:15:00,40.80533544920855,-74.09280197211496,48
G0000110,V0019,2025-01-01 08:15:00,40.67095839097299,-73.93193032020199,1
G0000111,V0030,2025-01-01 08:15:00,40.71527704502051,-73.92752896272776,8
G0000112,V0034,2025-01-01 08:15:00,40.80334112656748,-73.93432001131302,17
G0000113,V0049,2025-01-01 08:15:00,40.80039406201351,-73.91557181751503,3
G0000114,V0015,2025-01-01 08:15:00,40.6856220355347,-73.96206207747679,3
G0000115,V0043,2025-01-01 08:15:00,40.7495555336138,-74.04666982313967,44
G0000116,V0027,2025-01-01 08:15:00,40.66026866733641,-73.98751722979132,37
G0000117,V0010,2025-01-01 08:15:00,40.79874231915292,-73.98943602957178,59
G0000118,V0032,2025-01-01 08:15:00,40.63632649751324,-74.03586706042472,54
G0000119,V0008,2025-01-01 08:15:00,40.67040542700007,-74.08857186732945,34
G0000120,V0029,2025-01-01 08:15:00,40.744437909963274,-74.04268997389146,31
G0000121,V0016,2025-01-01 08:15:00,40.750444683399245,-73.93290151145719,51
G0000122,V0048,2025-01-01 08:15:00,40.6298072624145,-74.07116990301994,38
G0000123,V0016,2025-01-01 08:15:00,40.797321230215424,-73.91870884761852,20
G0000124,V0032,2025-01-01 08:15:00,40.757245007027606,-74.05870771622538,45
G0000125,V0011,2025-01-01 08:15:00,40.67023271425195,-73.94895785721408,32
G0000126,V0006,2025-01-01 08:15:00,40.79753884524671,-73.94418767647596,58
G0000127,V0049,2025-01-01 08:15:00,40.657781799591156,-73.94248188625428,54
G0000128,V0038,2025-01-01 08:15:00,40.711014539603205,-74.01530354387363,37
G0000129,V0002,2025-01-01 08:15:00,40.63896977142917,-74.00377159578031,53
G0000130,V0047,2025-01-01 08:15:00,40.68132142140446,-73.92033409147197,4
G0000131,V0020,2025-01-01 08:15:00,40.795924386482895,-74.01829684652999,47
G0000132,V0043,2025-01-01 08:15:00,40.71140950466822,-74.04457718900888,40
G0000133,V0031,2025-01-01 08:15:00,40.80571653666563,-73.95453847801004,57
G0000134,V0046,2025-01-01 08:15:00,40.741691553729915,-73.9219294259114,18
G0000135,V0024,2025-01-01 08:15:00,40.812697748869915,-73.93765924114284,60
G0000136,V0004,2025-01-01 08:15:00,40.71546393914033,-74.0082939761153,57
G0000137,V0038,2025-01-01 08:15:00,40.61596733497464,-74.01467150274827,3
G0000138,V0009,2025-01-01 08:15:00,40.71865439779021,-73.90764772938138,1
G0000139,V0044,2025-01-01 08:15:00,40.72502799823428,-74.05642469073274,60
G0000140,V0050,2025-01-01 08:15:00,40.643398282170956,-73.9327745301127,30
G0000141,V0023,2025-01-01 08:15:00,40.78573186171768,-74.06205099540621,26
G0000142,V0022,2025-01-01 08:15:00,40.80590427879203,-73.9406199917195,1
G0000143,V0001,2025-01-01 08:15:00,40.64670464064123,-73.9960278339984,23
G0000144,V0044,2025-01-01 08:15:00,40.761564798205534,-74.05489142140026,47
G0000145,V0036,2025-01-01 08:15:00,40.70056525063152,-73.97770507408295,43
G0000146,V0009,2025-01-01 08:15:00,40.7511465755998,-73.9437770693539,58
G0000147,V0007,2025-01-01 08:15:00,40.802389085985894,-74.08132612867765,34
G0000148,V0037,2025-01-01 08:15:00,40.77939099140285,-73.9943272853933,49
G0000149,V0014,2025-01-01 08:15:00,40.75758198877391,-74.05616027974706,55
G0000150,V0014,2025-01-01 08:15:00,40.76685301585457,-74.048765222029,3
G0000151,V0019,2025-01-01 08:15:00,40.628901360495256,-74.09550934467237,39
G0000152,V0001,2025-01-01 08:15:00,40.69319195012285,-74.01738615131178,36
G0000153,V0031,2025-01-01 08:15:00,40.77162409722204,-74.05433933192062,42
G0000154,V0016,2025-01-01 08:15:00,40.626014704793235,-74.01920428943916,46
G0000155,V0006,2025-01-01 08:15:00,40.704100897062666,-73.9369603279159,7
G0000156,V0006,2025-01-01 08:15:00,40.62139282603983,-74.1013031840594,30
G0000157,V0020,2025-01-01 08:15:00,40.619020936937765,-74.03329336668776,54
G0000158,V0019,2025-01-01 08:15:00,40.74463728590623,-74.10578679019821,46
G0000159,V0016,2025-01-01 08:15:00,40.72977446985826,-73.91999983550916,40
G0000160,V0021,2025-01-01 08:15:00,40.70391099666771,-74.01315936959487,45
G0000161,V0037,2025-01-01 08:15:00,40.70914429629102,-73.91978337385335,46
G0000162,V0045,2025-01-01 08:15:00,40.77254830852929,-73.91405276958945,54
G0000163,V0047,2025-01-01 08:15:00,40.76621150088201,-74.09269947727402,12
G0000164,V0013,2025-01-01 08:15:00,40.71312246961687,-74.04035579670459,39
G0000165,V0024,2025-01-01 08:15:00,40.743857019345896,-74.04405595629865,9
G0000166,V0050,2025-01-01 08:15:00,40.761675321219606,-73.94586494507972,58
G0000167,V0006,2025-01-01 08:15:00,40.724446759506364,-74.03923807055207,19
G0000168,V0030,2025-01-01 08:15:00,40.64448094886484,-73.97232828207423,46
G0000169,V0046,2025-01-01 08:15:00,40.72228996684111,-74.08142164807663,37
G0000170,V0040,2025-01-01 08:15:00,40.812799024456865,-73.92737170521038,5
G0000171,V0008,2025-01-01 08:15:00,40.80809577242064,-73.9869639098333,49
G0000172,V0011,2025-01-01 08:15:00,40.726136973172245,-73.99313938513099,27
G0000173,V0030,2025-01-01 08:15:00,40.75083236059716,-74.02433648981604,44
G0000174,V0011,2025-01-01 08:15:00,40.703750623167934,-73.93607467923786,11
G0000175,V0019,2025-01-01 08:15:00,40.74426654873358,-73.99120957682781,10
G0000176,V0002,2025-01-01 08:15:00,40.76351161080325,-74.09865958568686,28
G0000177,V0007,2025-01-01 08:15:00,40.78564076234962,-74.03576686714497,10
G0000178,V0029,2025-01-01 08:15:00,40.78833578571526,-74.0978053832889,36
G0000179,V0044,2025-01-01 08:15:00,40.68577514505654,-73.92615259837852,56
G0000180,V0007,2025-01-01 08:15:00,40.62954532782928,-74.06706156823009,24
G0000181,V0013,2025-01-01 08:15:00,40.61654700303264,-74.04011313593746,57
G0000182,V0035,2025-01-01 08:15:00,40.706002010501685,-73.91573236404426,47
G0000183,V0040,2025-01-01 08:15:00,40.808495599513456,-74.03055452559006,20
G0000184,V0004,2025-01-01 08:15:00,40.681209945993125,-73.98896163363717,55
G0000185,V0007,2025-01-01 08:15:00,40.61586073984326,-73.9326857184808,13
G0000186,V0036,2025-01-01 08:15:00,40.76143769781475,-73.98945264555478,8
G0000187,V0018,2025-01-01 08:15:00,40.72970424810793,-73.95942789984325,39
G0000188,V0022,2025-01-01 08:15:00,40.78253082387141,-74.08931846132991,52
G0000189,V0036,2025-01-01 08:15:00,40.73576757174706,-73.94666893079119,43
G0000190,V0019,2025-01-01 08:15:00,40.800553164513204,-74.05149004538414,13
G0000191,V0005,2025-01-01 08:15:00,40.77712562416226,-73.9658588031943,49
G0000192,V0044,2025-01-01 08:15:00,40.622719445610066,-73.99426846229464,56
G0000193,V0049,2025-01-01 08:15:00,40.72569700208849,-74.1035029695269,1
G0000194,V0027,2025-01-01 08:15:00,40.6411563994671,-73.99023119250377,39
G0000195,V0034,2025-01-01 08:15:00,40.613159490290045,-74.08134560374381,39
G0000196,V0007,2025-01-01 08:15:00,40.68794904036967,-73.91493900744041,56
G0000197,V0009,2025-01-01 08:15:00,40.70138083375413,-74.08224264495223,28
G0000198,V0005,2025-01-01 08:15:00,40.74764805794046,-73.9253375384147,7
G0000199,V0047,2025-01-01 08:15:00,40.64592942360438,-74.08573522203487,60
G0000200,V0015,2025-01-01 08:15:00,40.61642581125361,-73.97638125444585,41
G0000201,V0016,2025-01-01 08:15:00,40.73510322940981,-73.90828128524294,5
G0000202,V0046,2025-01-01 08:15:00,40.69956995586599,-73.98434881620865,17
G0000203,V0045,2025-01-01 08:15:00,40.75615911266161,-73.97299951397848,22
G0000204,V0007,2025-01-01 08:15:00,40.654405461277456,-73.97055423604365,44
G0000205,V0030,2025-01-01 08:15:00,40.648103866244554,-73.98428376842148,24
G0000206,V0026,2025-01-01 08:15:00,40.6459527485104,-73.90756497665606,45
G0000207,V0014,2025-01-01 08:15:00,40.62037862788565,-73.95544265399526,32
G0000208,V0005,2025-01-01 08:15:00,40.719334201388136,-73.98784364664446,48
G0000209,V0001,2025-01-01 08:15:00,40.766557624878445,-73.97175788091882,6
G0000210,V0039,2025-01-01 08:15:00,40.74796833752636,-74.10120053606286,10
G0000211,V0016,2025-01-01 08:15:00,40.61507094288297,-73.99789662707045,32
G0000212,V0012,2025-01-01 08:15:00,40.71174115326952,-73.96285683635298,3
G0000213,V0012,2025-01-01 08:15:00,40.77926633058585,-74.00203686057965,28
G0000214,V0050,2025-01-01 08:15:00,40.664127191915824,-73.92556286564925,43
G0000215,V0045,2025-01-01 08:15:00,40.78971036935176,-73.93972732264909,4
G0000216,V0033,2025-01-01 08:15:00,40.775408537665655,-74.00305659052843,26
G0000217,V0027,2025-01-01 08:15:00,40.68284884604078,-74.05050577382174,50
G0000218,V0016,2025-01-01 08:15:00,40.73569098306264,-74.05122243744681,16
G0000219,V0046,2025-01-01 08:15:00,40.615627238694216,-74.00487056076197,35
G0000220,V0008,2025-01-01 08:15:00,40.61339512680246,-73.99115141010293,0
G0000221,V0014,2025-01-01 08:15:00,40.80012657722055,-74.00030668523232,31
G0000222,V0015,2025-01-01 08:15:00,40.77132489736035,-73.95544871649649,12
G0000223,V0013,2025-01-01 08:15:00,40.637213945990894,-74.09576246227819,20
G0000224,V0011,2025-01-01 08:15:00,40.69711891746701,-74.07589181694547,18
G0000225,V0017,2025-01-01 08:15:00,40.77395525466774,-73.93268231229801,41
G0000226,V0009,2025-01-01 08:15:00,40.65415683156126,-74.08371570658049,33
G0000227,V0049,2025-01-01 08:15:00,40.62019070639423,-73.9646620428405,39
G0000228,V0041,2025-01-01 08:15:00,40.64020708514046,-73.93955627839927,5
G0000229,V0015,2025-01-01 08:15:00,40.64824887143882,-74.0166197888591,29
G0000230,V0003,2025-01-01 08:15:00,40.633256645858815,-74.04749019374775,55
G0000231,V0046,2025-01-01 08:15:00,40.61403720978239,-73.96920112925227,19
G0000232,V0020,2025-01-01 08:15:00,40.71174966179986,-74.06645119628813,21
G0000233,V0043,2025-01-01 08:15:00,40.67406601722521,-73.95205280426629,10
G0000234,V0047,2025-01-01 08:15:00,40.62637525663489,-74.04544752128244,46
G0000235,V0048,2025-01-01 08:15:00,40.76562603551159,-73.97931688440991,48
G0000236,V0012,2025-01-01 08:15:00,40.633734615774806,-74.10360045588463,15
G0000237,V0046,2025-01-01 08:15:00,40.665023595781214,-73.95938187714262,28
G0000238,V0002,2025-01-01 08:15:00,40.65779868220867,-73.95468749829371,10
G0000239,V0036,2025-01-01 08:15:00,40.66076029137921,-73.91024589642902,8
G0000240,V0012,2025-01-01 08:15:00,40.685623084655994,-73.98516055857375,46
G0000241,V0035,2025-01-01 08:15:00,40.62508057188017,-73.97305276634127,19
G0000242,V0026,2025-01-01 08:15:00,40.65093514470246,-73.92883280158297,18
G0000243,V0004,2025-01-01 08:15:00,40.68934824910702,-73.99111939067969,40
G0000244,V0025,2025-01-01 08:15:00,40.61630606912626,-74.04930243706276,33
G0000245,V0009,2025-01-01 08:15:00,40.68338949759016,-74.00359676509865,29
G0000246,V0050,2025-01-01 08:15:00,40.73912519157671,-74.0616424638729,45
G0000247,V0032,2025-01-01 08:15:00,40.69556969630866,-74.07693412953147,48
G0000248,V0045,2025-01-01 08:15:00,40.619301785095615,-74.04581545741102,44
G0000249,V0026,2025-01-01 08:15:00,40.733926855544134,-74.06839563594718,45
G0000250,V0030,2025-01-01 08:15:00,40.77277906538754,-74.01345379171156,55
G0000251,V0041,2025-01-01 08:15:00,40.720726799747304,-73.99450918989582,40
G0000252,V0020,2025-01-01 08:15:00,40.70087055610636,-73.91942696028092,41
G0000253,V0012,2025-01-01 08:15:00,40.66125190789806,-74.0112015229373,11
G0000254,V0038,2025-01-01 08:15:00,40.63536831786913,-73.97050780281397,17
G0000255,V0046,2025-01-01 08:15:00,40.65163354227881,-74.0604300385922,7
G0000256,V0007,2025-01-01 08:15:00,40.681013945747026,-74.03707899124056,5
G0000257,V0009,2025-01-01 08:15:00,40.62465284888872,-74.06078010392719,33
G0000258,V0017,2025-01-01 08:15:00,40.70264023822849,-74.04893304115677,35
G0000259,V0043,2025-01-01 08:15:00,40.6777623354044,-74.01624547251994,37
G0000260,V0004,2025-01-01 08:15:00,40.66467754742657,-74.098812288493,5
G0000261,V0027,2025-01-01 08:15:00,40.69658040010353,-74.10167437828989,6
G0000262,V0004,2025-01-01 08:15:00,40.78836308470664,-73.98236771892383,20
G0000263,V0024,2025-01-01 08:15:00,40.74027449651458,-73.93178707259385,53
G0000264,V0009,2025-01-01 08:15:00,40.791241591066836,-73.9447707152735,60
G0000265,V0006,2025-01-01 08:15:00,40.672576743843756,-74.05501997966843,33
G0000266,V0044,2025-01-01 08:15:00,40.7316873757515,-73.91920963517188,53
G0000267,V0022,2025-01-01 08:15:00,40.73062041859524,-73.97025364009694,54
G0000268,V0018,2025-01-01 08:15:00,40.77615051177402,-73.92531025385495,46
G0000269,V0031,2025-01-01 08:15:00,40.66809401112956,-74.0426013392431,8
G0000270,V0048,2025-01-01 08:15:00,40.784425909362305,-73.94406513568153,47
G0000271,V0034,2025-01-01 08:15:00,40.6483516309714,-74.07562586976998,17
G0000272,V0048,2025-01-01 08:15:00,40.67907373876038,-74.06944114575307,3
G0000273,V0038,2025-01-01 08:15:00,40.74270251186985,-74.0361273320445,28
G0000274,V0044,2025-01-01 08:15:00,40.8055401017828,-73.97906309359703,53
G0000275,V0024,2025-01-01 08:15:00,40.767011442577584,-74.01742389165878,52
G0000276,V0017,2025-01-01 08:15:00,40.798915067627966,-73.91543945678437,20
G0000277,V0003,2025-01-01 08:15:00,40.617282516627334,-74.09377910569563,43
G0000278,V0003,2025-01-01 08:15:00,40.80763794446346,-73.96153761151321,49
G0000279,V0039,2025-01-01 08:15:00,40.718702070100775,-73.91127265132485,11
G0000280,V0008,2025-01-01 08:15:00,40.64535651295256,-73.96510291850045,8
G0000281,V0047,2025-01-01 08:15:00,40.74436496291146,-74.00687666342498,11
G0000282,V0014,2025-01-01 08:15:00,40.710199246007704,-74.09329131957259,38
G0000283,V0011,2025-01-01 08:15:00,40.71788125605753,-73.96290181263372,39
G0000284,V0017,2025-01-01 08:15:00,40.776853707187875,-74.06534898742564,50
G0000285,V0042,2025-01-01 08:15:00,40.647296747596435,-74.02847710060553,45
G0000286,V0049,2025-01-01 08:15:00,40.7219940161795,-74.08649392850647,21
G0000287,V0043,2025-01-01 08:15:00,40.71537649780533,-74.01902731716872,25
G0000288,V0011,2025-01-01 08:15:00,40.728996551414646,-74.09441829506453,41
G0000289,V0007,2025-01-01 08:15:00,40.619625172138605,-74.10286197970585,33
G0000290,V0031,2025-01-01 08:15:00,40.74808633476787,-73.96195636422317,9
G0000291,V0024,2025-01-01 08:15:00,40.68922921599518,-73.91970436173463,51
G0000292,V0044,2025-01-01 08:15:00,40.68472950082134,-73.95013892255305,22
G0000293,V0004,2025-01-01 08:15:00,40.80150722137489,-73.99248648442916,31
G0000294,V0022,2025-01-01 08:15:00,40.61754892924806,-73.93667161275728,11
G0000295,V0045,2025-01-01 08:15:00,40.71617084136885,-74.07586769626445,56
G0000296,V0006,2025-01-01 08:15:00,40.72213671660928,-74.05575934560552,54
G0000297,V0004,2025-01-01 08:15:00,40.685284012168765,-73.9468858528624,14
G0000298,V0001,2025-01-01 08:15:00,40.68767541040006,-74.0246187522822,25
G0000299,V0010,2025-01-01 08:15:00,40.62732822227268,-73.97902880574341,5
G0000300,V0002,2025-01-01 08:15:00,40.728251384171784,-73.99572271209742,10
G0000301,V0008,2025-01-01 08:15:00,40.704055960240204,-74.10093753351299,0
G0000302,V0032,2025-01-01 08:15:00,40.793436042405105,-74.03328387737184,4
G0000303,V0037,2025-01-01 08:15:00,40.616113965972794,-73.97401965174384,23
G0000304,V0050,2025-01-01 08:15:00,40.72037010599486,-73.98728637956961,4
G0000305,V0047,2025-01-01 08:15:00,40.78547640022899,-74.0416030879694,8
G0000306,V0045,2025-01-01 08:15:00,40.661349602058635,-73.9542835150484,18
G0000307,V0024,2025-01-01 08:15:00,40.714957116157045,-74.07412860096026,20
G0000308,V0034,2025-01-01 08:15:00,40.79452195096951,-73.98769042563396,9
G0000309,V0044,2025-01-01 08:15:00,40.61750791849051,-73.95518052908902,36
G0000310,V0030,2025-01-01 08:15:00,40.81160042017889,-74.02492254861956,16
G0000311,V0013,2025-01-01 08:15:00,40.627215200845455,-73.94766946846518,37
G0000312,V0034,2025-01-01 08:15:00,40.6616814485116,-74.05962002695902,0
G0000313,V0044,2025-01-01 08:15:00,40.6789030988268,-73.97412818074103,36
G0000314,V0040,2025-01-01 08:15:00,40.69442741001231,-74.00839602422542,29
G0000315,V0043,2025-01-01 08:15:00,40.72400901956108,-74.08574358473045,28
G0000316,V0021,2025-01-01 08:15:00,40.65633982454997,-73.99143414045116,32
G0000317,V0046,2025-01-01 08:15:00,40.61883624701843,-73.98700165683756,27
G0000318,V0031,2025-01-01 08:15:00,40.69237300148245,-74.08550688447268,15
G0000319,V0009,2025-01-01 08:15:00,40.69491928215409,-74.09331536601601,4
G0000320,V0049,2025-01-01 08:15:00,40.699640018343956,-74.0714847516307,6
G0000321,V0031,2025-01-01 08:15:00,40.67827211729845,-74.02414040082813,57
G0000322,V0043,2025-01-01 08:15:00,40.62797063294005,-73.98590476035425,13
G0000323,V0035,2025-01-01 08:15:00,40.79758893085683,-73.94272756871888,9
G0000324,V0046,2025-01-01 08:15:00,40.61379932137047,-73.94878673414571,25
G0000325,V0028,2025-01-01 08:15:00,40.726385376605855,-73.92842142927243,41
G0000326,V0002,2025-01-01 08:15:00,40.76651529056607,-74.00679960518386,34
G0000327,V0035,2025-01-01 08:15:00,40.68838616070015,-74.04988060324077,3
G0000328,V0003,2025-01-01 08:15:00,40.72513681937023,-73.91158788718913,25
G0000329,V0030,2025-01-01 08:15:00,40.81080434554781,-73.91013665971845,40
G0000330,V0046,2025-01-01 08:15:00,40.64497442510925,-73.9659988411502,26
G0000331,V0011,2025-01-01 08:15:00,40.657022128069926,-74.01753540322767,16
G0000332,V0040,2025-01-01 08:15:00,40.685324063057685,-74.02030758031923,50
G0000333,V0019,2025-01-01 08:15:00,40.61409342448365,-74.0925140180959,34
G0000334,V0012,2025-01-01 08:15:00,40.75677270634289,-74.03485140197351,40
G0000335,V0050,2025-01-01 08:15:00,40.701254091118976,-73.91077520768395,54
G0000336,V0038,2025-01-01 08:15:00,40.636829543722214,-74.02009999881349,6
G0000337,V0020,2025-01-01 08:15:00,40.79576863300605,-73.93183349877945,43
G0000338,V0026,2025-01-01 08:15:00,40.73133483657914,-73.96645939572056,33
G0000339,V0041,2025-01-01 08:15:00,40.63583082467445,-73.93207535658168,44
G0000340,V0004,2025-01-01 08:15:00,40.80467739445101,-74.06839338383769,58
G0000341,V0029,2025-01-01 08:15:00,40.68738551085691,-73.96561351005845,11
G0000342,V0027,2025-01-01 08:15:00,40.787941115235945,-74.04156099164453,55
G0000343,V0031,2025-01-01 08:15:00,40.79082710645127,-73.96083405951218,60
G0000344,V0032,2025-01-01 08:15:00,40.65738557793302,-74.10122874351305,39
G0000345,V0002,2025-01-01 08:15:00,40.74630567509004,-73.9143536762208,58
G0000346,V0018,2025-01-01 08:15:00,40.74654641299754,-73.98274141917776,21
G0000347,V0006,2025-01-01 08:15:00,40.735292177308736,-74.0449227980643,23
G0000348,V0024,2025-01-01 08:15:00,40.67017607973105,-74.10008185065976,47
G0000349,V0016,2025-01-01 08:15:00,40.76559219696564,-73.91535336556915,18
G0000350,V0006,2025-01-01 08:15:00,40.697803314673315,-73.94265826681126,27
G0000351,V0004,2025-01-01 08:15:00,40.71033053630262,-73.96161817077422,1
G0000352,V0010,2025-01-01 08:15:00,40.70436831650326,-73.93131374873522,1
G0000353,V0048,2025-01-01 08:15:00,40.64930634028444,-74.02474603281887,8
G0000354,V0005,2025-01-01 08:15:00,40.73462440597719,-73.94793639445929,8
G0000355,V0023,2025-01-01 08:15:00,40.71653522695061,-73.97703511059322,13
G0000356,V0019,2025-01-01 08:15:00,40.70895619319084,-74.0507233079032,33
G0000357,V0022,2025-01-01 08:15:00,40.79130837047271,-74.0299435567551,32
G0000358,V0019,2025-01-01 08:15:00,40.69538238882143,-73.96534094367362,7
G0000359,V0027,2025-01-01 08:15:00,40.787326562228195,-73.90849455596953,41
G0000360,V0043,2025-01-01 08:15:00,40.63159227538487,-73.98656938821225,29
G0000361,V0017,2025-01-01 08:15:00,40.70660256627696,-73.97504599715482,2
G0000362,V0016,2025-01-01 08:15:00,40.694663428027646,-74.0641881551316,58
G0000363,V0018,2025-01-01 08:15:00,40.753233498151815,-74.01079370516885,18
G0000364,V0010,2025-01-01 08:15:00,40.70097947100375,-73.9341160933146,37
G0000365,V0020,2025-01-01 08:15:00,40.80338463511934,-73.95017221045715,4
G0000366,V0003,2025-01-01 08:15:00,40.746154028383266,-74.08087835182782,18
G0000367,V0001,2025-01-01 08:15:00,40.73122063717161,-73.95562154528209,54
G0000368,V0032,2025-01-01 08:15:00,40.693689566577675,-74.02884429716728,48
G0000369,V0006,2025-01-01 08:15:00,40.67844299046408,-74.09402962474647,54
G0000370,V0022,2025-01-01 08:15:00,40.66615685219148,-74.04322196231755,34
G0000371,V0050,2025-01-01 08:15:00,40.796868236203345,-74.00114064493884,40
G0000372,V0002,2025-01-01 08:15:00,40.62813358705488,-73.93452237337387,31
G0000373,V0041,2025-01-01 08:15:00,40.685990605744855,-74.08343354206689,48
G0000374,V0029,2025-01-01 08:15:00,40.684279187344856,-73.93631239040421,12
G0000375,V0011,2025-01-01 08:15:00,40.64895228180302,-73.98418963823848,27
G0000376,V0018,2025-01-01 08:15:00,40.77023384301234,-74.09603754791434,44
G0000377,V0040,2025-01-01 08:15:00,40.655684280155,-73.94417307756365,2
G0000378,V0042,2025-01-01 08:15:00,40.77021242252261,-74.09822980461614,20
G0000379,V0011,2025-01-01 08:15:00,40.7268489019093,-73.97386903038515,53
G0000380,V0030,2025-01-01 08:15:00,40.79532706499552,-73.99430769660958,37
G0000381,V0026,2025-01-01 08:15:00,40.722356594877375,-74.09607260470428,40
G0000382,V0029,2025-01-01 08:15:00,40.7869439110211,-74.00605553440855,11
G0000383,V0018,2025-01-01 08:15:00,40.626186584099614,-74.02926553928569,44
G0000384,V0038,2025-01-01 08:15:00,40.7822345185423,-74.08191618321648,34
G0000385,V0018,2025-01-01 08:15:00,40.62320270569195,-73.98211178945722,30
G0000386,V0046,2025-01-01 08:15:00,40.688259951429465,-74.09467031358393,50
G0000387,V0043,2025-01-01 08:15:00,40.72561930711127,-73.96744599313585,0
G0000388,V0008,2025-01-01 08:15:00,40.78967142178912,-74.0176106406625,9
G0000389,V0007,2025-01-01 08:15:00,40.79392696921603,-73.98588713718446,17
G0000390,V0037,2025-01-01 08:15:00,40.63048082705275,-74.03426996279396,42
G0000391,V0019,2025-01-01 08:15:00,40.635325929654,-74.05768332214896,30
G0000392,V0011,2025-01-01 08:15:00,40.70673127134704,-74.02489703006728,30
G0000393,V0034,2025-01-01 08:15:00,40.64327984969398,-73.98458854822033,60
G0000394,V0047,2025-01-01 08:15:00,40.66647607987503,-73.92001248428856,45
G0000395,V0045,2025-01-01 08:15:00,40.66515818568912,-74.08321174137018,5
G0000396,V0006,2025-01-01 08:15:00,40.7456009812644,-74.03864743268775,22
G0000397,V0028,2025-01-01 08:15:00,40.61737483551338,-73.96426626644623,36
G0000398,V0021,2025-01-01 08:15:00,40.78072272279735,-74.0554052672572,7
G0000399,V0004,2025-01-01 08:15:00,40.687520760375065,-74.10445561241748,48
G0000400,V0037,2025-01-01 08:15:00,40.69470272820959,-73.93605724546009,39
G0000401,V0046,2025-01-01 08:15:00,40.66737468084056,-73.90832783968085,4
G0000402,V0036,2025-01-01 08:15:00,40.72496523042197,-74.06165876335538,41
G0000403,V0040,2025-01-01 08:15:00,40.71049978712747,-74.06329065190492,28
G0000404,V0016,2025-01-01 08:15:00,40.72362296834177,-74.04948848317109,45
G0000405,V0046,2025-01-01 08:15:00,40.70046061585057,-74.10038551073494,5
G0000406,V0015,2025-01-01 08:15:00,40.64351677629948,-74.07572610072923,58
G0000407,V0039,2025-01-01 08:15:00,40.8026034359672,-73.91803885006135,21
G0000408,V0005,2025-01-01 08:15:00,40.63999767022557,-73.92221043336855,25
G0000409,V0040,2025-01-01 08:15:00,40.68605968567949,-73.96807669160724,58
G0000410,V0016,2025-01-01 08:15:00,40.685348142888074,-74.09421894074123,35
G0000411,V0026,2025-01-01 08:15:00,40.77436263304679,-73.99702190809641,54
G0000412,V0044,2025-01-01 08:15:00,40.74757565604251,-73.95086657783355,60
G0000413,V0013,2025-01-01 08:15:00,40.639200553763935,-73.9834787293634,4
G0000414,V0050,2025-01-01 08:15:00,40.66674745167099,-74.02095912278423,58
G0000415,V0042,2025-01-01 08:15:00,40.624215612408136,-74.01768609942268,45
G0000416,V0035,2025-01-01 08:15:00,40.8052553129052,-73.96200540199685,9
G0000417,V0016,2025-01-01 08:15:00,40.75741861682363,-74.02568983061046,12
G0000418,V0002,2025-01-01 08:15:00,40.665578226507684,-74.0724109416039,51
G0000419,V0029,2025-01-01 08:15:00,40.6737016776505,-74.04726091156,54
G0000420,V0018,2025-01-01 08:15:00,40.78896819620194,-73.99503662257318,23
G0000421,V0015,2025-01-01 08:15:00,40.62327473753019,-74.04462503668286,9
G0000422,V0039,2025-01-01 08:15:00,40.61722695626791,-74.0561882612387,38
G0000423,V0044,2025-01-01 08:15:00,40.756557367404746,-74.05347838000208,49
G0000424,V0046,2025-01-01 08:15:00,40.653456345855794,-73.94623320023376,55
G0000425,V0017,2025-01-01 08:15:00,40.76860528523258,-74.04375219683062,7
G0000426,V0047,2025-01-01 08:15:00,40.672641294617264,-74.09887022942901,25
G0000427,V0008,2025-01-01 08:15:00,40.647084964039095,-74.04877232804981,18
G0000428,V0040,2025-01-01 08:15:00,40.75237137317243,-74.08607259379545,7
G0000429,V0041,2025-01-01 08:15:00,40.652627722887594,-73.94272538916955,1
G0000430,V0008,2025-01-01 08:15:00,40.68083936881448,-74.023452626509,12
G0000431,V0036,2025-01-01 08:15:00,40.66314831671655,-73.97967438664793,39
G0000432,V0011,2025-01-01 08:15:00,40.77465493674002,-73.97250431140264,16
G0000433,V0003,2025-01-01 08:15:00,40.62204653801481,-73.97266773392447,12
G0000434,V0032,2025-01-01 08:15:00,40.62998114266639,-73.99557940562433,46
G0000435,V0048,2025-01-01 08:15:00,40.79822382571901,-73.93915443538236,30
G0000436,V0034,2025-01-01 08:15:00,40.75617188173319,-73.91103465181516,14
G0000437,V0045,2025-01-01 08:15:00,40.68512288796002,-73.92885100808385,17
G0000438,V0043,2025-01-01 08:15:00,40.749907234392765,-73.90835014070659,8
G0000439,V0045,2025-01-01 08:15:00,40.72467119487925,-73.92359319813167,49
G0000440,V0020,2025-01-01 08:15:00,40.679982374923156,-74.05822364489728,56
G0000441,V0050,2025-01-01 08:15:00,40.743079557835806,-74.02645141096008,15
G0000442,V0012,2025-01-01 08:15:00,40.71252649540719,-74.00191079226954,19
G0000443,V0017,2025-01-01 08:15:00,40.81010019813164,-74.03399247701967,35
G0000444,V0003,2025-01-01 08:15:00,40.760018008375106,-74.01255397421934,55
G0000445,V0028,2025-01-01 08:15:00,40.749955131075964,-73.97851540335904,59
G0000446,V0043,2025-01-01 08:15:00,40.796005215308675,-74.09029396765486,30
G0000447,V0025,2025-01-01 08:15:00,40.75108267040299,-74.04535927533125,53
G0000448,V0046,2025-01-01 08:15:00,40.674081859666,-74.00383615804871,14
G0000449,V0004,2025-01-01 08:15:00,40.646923289263015,-74.05677674370581,26
G0000450,V0050,2025-01-01 08:15:00,40.80282610150113,-73.92241155038238,30
G0000451,V0047,2025-01-01 08:15:00,40.755880937886054,-73.93281746552546,28
G0000452,V0031,2025-01-01 08:15:00,40.81146619525445,-73.95047032299549,13
G0000453,V0022,2025-01-01 08:15:00,40.810085097930326,-74.08027991283733,44
G0000454,V0041,2025-01-01 08:15:00,40.775359867726365,-73.99878312608423,9
G0000455,V0050,2025-01-01 08:15:00,40.781454316499975,-73.973917321465,24
G0000456,V0038,2025-01-01 08:15:00,40.72313697763517,-73.90839094769007,43
G0000457,V0035,2025-01-01 08:15:00,40.76554901183209,-74.04490081995388,32
G0000458,V0029,2025-01-01 08:15:00,40.669275637084574,-73.9597020081769,44
G0000459,V0008,2025-01-01 08:15:00,40.639374172724374,-73.95908227123485,45
G0000460,V0046,2025-01-01 08:15:00,40.71418204196317,-73.96210451341969,0
G0000461,V0020,2025-01-01 08:15:00,40.63278517700618,-73.95960278761927,38
G0000462,V0010,2025-01-01 08:15:00,40.714549980034064,-74.01031927345349,1
G0000463,V0011,2025-01-01 08:15:00,40.654002085897076,-73.98659228900796,12
G0000464,V0046,2025-01-01 08:15:00,40.663504696595865,-74.08587829594532,43
G0000465,V0007,2025-01-01 08:15:00,40.714572290327766,-73.99389090810799,48
G0000466,V0001,2025-01-01 08:15:00,40.75254367705881,-74.03869649446872,42
G0000467,V0036,2025-01-01 08:15:00,40.63539524900683,-74.06269622399543,53
G0000468,V0047,2025-01-01 08:15:00,40.806373875866655,-73.98952262901442,28
G0000469,V0026,2025-01-01 08:15:00,40.67076204641921,-73.94756474408759,13
G0000470,V0010,2025-01-01 08:15:00,40.695755300600126,-74.02110367766498,4
G0000471,V0006,2025-01-01 08:15:00,40.63490897508427,-74.073765988054,51
G0000472,V0003,2025-01-01 08:15:00,40.70783068072056,-73.9959810712097,60
G0000473,V0041,2025-01-01 08:15:00,40.72932903584237,-73.95273828475926,40
G0000474,V0008,2025-01-01 08:15:00,40.77412212413393,-74.0590594436609,55
G0000475,V0040,2025-01-01 08:15:00,40.808257509422546,-74.10498794904942,1
G0000476,V0007,2025-01-01 08:15:00,40.797487742772695,-74.04845189385998,32
G0000477,V0038,2025-01-01 08:15:00,40.73870525830014,-74.04669637760118,21
G0000478,V0014,2025-01-01 08:15:00,40.766459643680406,-74.06532800322076,23
G0000479,V0014,2025-01-01 08:15:00,40.786903683193785,-74.07296515521881,22
G0000480,V0001,2025-01-01 08:15:00,40.67460287830779,-74.03434182062705,16
G0000481,V0032,2025-01-01 08:15:00,40.71255323519736,-74.08668312948241,11
G0000482,V0004,2025-01-01 08:15:00,40.79586278481281,-74.01684001902092,39
G0000483,V0034,2025-01-01 08:15:00,40.61939482537761,-74.04136209510875,60
G0000484,V0012,2025-01-01 08:15:00,40.74948531473793,-73.96134930689331,32
G0000485,V0038,2025-01-01 08:15:00,40.76867452124044,-74.04686964425122,58
G0000486,V0004,2025-01-01 08:15:00,40.67048586655864,-74.00121217693008,33
G0000487,V0025,2025-01-01 08:15:00,40.72495842442284,-73.94981873190008,32
G0000488,V0027,2025-01-01 08:15:00,40.759935183095216,-74.07638587729313,7
G0000489,V0046,2025-01-01 08:15:00,40.64902007078471,-73.92889129512945,48
G0000490,V0010,2025-01-01 08:15:00,40.74646295465608,-74.0465854487331,57
G0000491,V0030,2025-01-01 08:15:00,40.65500168341124,-74.07217511650909,45
G0000492,V0043,2025-01-01 08:15:00,40.66785432744863,-73.97746826320149,40
G0000493,V0046,2025-01-01 08:15:00,40.659625386919984,-74.10554950477336,53
G0000494,V0018,2025-01-01 08:15:00,40.634780695122586,-74.02044082971423,4
G0000495,V0014,2025-01-01 08:15:00,40.76275854918948,-74.04235391408346,22
G0000496,V0015,2025-01-01 08:15:00,40.66655071021054,-73.90881569114053,28
G0000497,V0002,2025-01-01 08:15:00,40.660030440902474,-74.06172122775953,19
G0000498,V0024,2025-01-01 08:15:00,40.81039776541213,-73.99211806575693,53
G0000499,V0022,2025-01-01 08:15:00,40.636460040088245,-74.04602465808884,34
G0000500,V0003,2025-01-01 08:15:00,40.802546862935024,-73.97667289671946,44
G0000501,V0026,2025-01-01 08:15:00,40.71766627582258,-73.92850626469523,59
G0000502,V0008,2025-01-01 08:15:00,40.67655526167856,-74.03209428280644,27
G0000503,V0001,2025-01-01 08:15:00,40.76553465158606,-74.04971795867502,44
G0000504,V0025,2025-01-01 08:15:00,40.69732401517469,-74.07831465855637,39
G0000505,V0011,2025-01-01 08:15:00,40.807033967594016,-73.93630127202789,49
G0000506,V0004,2025-01-01 08:15:00,40.74415433434692,-74.07506489486215,20
G0000507,V0014,2025-01-01 08:15:00,40.64957577991318,-74.01470323747074,34
G0000508,V0026,2025-01-01 08:15:00,40.805988076803565,-73.98587177499385,45
G0000509,V0003,2025-01-01 08:15:00,40.67566835852286,-74.03229278868899,10
G0000510,V0006,2025-01-01 08:15:00,40.78554724962868,-74.07827259892677,6
G0000511,V0030,2025-01-01 08:15:00,40.74446789567561,-73.92391345297636,16
G0000512,V0043,2025-01-01 08:15:00,40.65503138034527,-74.02043495900837,27
G0000513,V0007,2025-01-01 08:15:00,40.71627129854825,-74.01657092956341,0
G0000514,V0031,2025-01-01 08:15:00,40.791588010148025,-73.99553831422855,44
G0000515,V0034,2025-01-01 08:15:00,40.71533415451133,-74.06295932198542,54
G0000516,V0033,2025-01-01 08:15:00,40.72954557016481,-73.91724919085941,37
G0000517,V0039,2025-01-01 08:15:00,40.72075444684555,-73.90930319880366,49
G0000518,V0006,2025-01-01 08:15:00,40.617318276094345,-73.9499288951869,14
G0000519,V0032,2025-01-01 08:15:00,40.70991330699313,-73.96848792246584,4
G0000520,V0019,2025-01-01 08:15:00,40.615645743820565,-74.07791045988775,3
G0000521,V0001,2025-01-01 08:15:00,40.76737006814938,-74.07765118417225,37
G0000522,V0032,2025-01-01 08:15:00,40.77212996197779,-73.9468029907333,21
G0000523,V0034,2025-01-01 08:15:00,40.76657955243077,-74.07248163384017,58
G0000524,V0042,2025-01-01 08:15:00,40.63708025144074,-74.05678689302013,59
G0000525,V0046,2025-01-01 08:15:00,40.66272621029832,-73.91993469951564,45
G0000526,V0003,2025-01-01 08:15:00,40.686286768240414,-74.04496662229612,1
G0000527,V0021,2025-01-01 08:15:00,40.62934297913318,-73.95255569973305,38
G0000528,V0020,2025-01-01 08:15:00,40.653629468029216,-74.05003326169948,16
G0000529,V0004,2025-01-01 08:15:00,40.79137844277115,-74.0265655486422,24
G0000530,V0005,2025-01-01 08:15:00,40.657253030884846,-73.98879667885215,37
G0000531,V0040,2025-01-01 08:15:00,40.72972473341549,-73.94434107595727,15
G0000532,V0004,2025-01-01 08:15:00,40.80862174370833,-74.02424356383696,25
G0000533,V0050,2025-01-01 08:15:00,40.71484650930896,-74.02841580130593,5
G0000534,V0049,2025-01-01 08:15:00,40.748394356707706,-74.0502073771929,44
G0000535,V0033,2025-01-01 08:15:00,40.6171039973019,-74.06546257561416,6
G0000536,V0017,2025-01-01 08:15:00,40.65539812641114,-73.98251594047075,21
G0000537,V0039,2025-01-01 08:15:00,40.77243436055706,-74.09296362646103,39
G0000538,V0040,2025-01-01 08:15:00,40.77347499402652,-74.01031400197895,0
G0000539,V0041,2025-01-01 08:15:00,40.65016953205242,-74.09720811586573,46
G0000540,V0046,2025-01-01 08:15:00,40.78869776064766,-73.9287425972767,51
G0000541,V0002,2025-01-01 08:15:00,40.80529462067268,-74.03988248062296,41
G0000542,V0014,2025-01-01 08:15:00,40.719874870006656,-74.0197845527498,55
G0000543,V0040,2025-01-01 08:15:00,40.70973570661679,-74.05073080947612,18
G0000544,V0038,2025-01-01 08:15:00,40.654301719483435,-73.97940430255076,54
G0000545,V0042,2025-01-01 08:15:00,40.80746000823311,-74.09511575640006,7
G0000546,V0010,2025-01-01 08:15:00,40.77975800974059,-73.94869224780733,7
G0000547,V0025,2025-01-01 08:15:00,40.62294468083343,-73.9792118953332,12
G0000548,V0041,2025-01-01 08:15:00,40.78713823752291,-74.0818512474143,14
G0000549,V0008,2025-01-01 08:15:00,40.6284096729792,-74.068503072511,31
G0000550,V0031,2025-01-01 08:15:00,40.81174173051503,-73.90694394243702,5
G0000551,V0032,2025-01-01 08:15:00,40.684782568828815,-73.93859615360682,3
G0000552,V0046,2025-01-01 08:15:00,40.69815266349978,-73.9486302256807,60
G0000553,V0044,2025-01-01 08:15:00,40.795479186502405,-74.04679148778916,11
G0000554,V0008,2025-01-01 08:15:00,40.6399957952185,-73.99859081368928,51
G0000555,V0040,2025-01-01 08:15:00,40.7306615203854,-74.08051795696743,37
G0000556,V0002,2025-01-01 08:15:00,40.73796577886052,-73.97818841753434,44
G0000557,V0023,2025-01-01 08:15:00,40.75933274129498,-74.03675193733858,38
G0000558,V0022,2025-01-01 08:15:00,40.67073215041298,-74.02562292978311,28
G0000559,V0038,2025-01-01 08:15:00,40.67962601369705,-73.93381538432116,33
G0000560,V0020,2025-01-01 08:15:00,40.71413229441455,-73.90986756185923,41
G0000561,V0011,2025-01-01 08:15:00,40.63239824088821,-73.94325473186377,49
G0000562,V0044,2025-01-01 08:15:00,40.71433565634123,-73.99441612501687,32
G0000563,V0029,2025-01-01 08:15:00,40.709078851511165,-74.10449489257475,36
G0000564,V0017,2025-01-01 08:15:00,40.78497764610637,-74.03808222250579,26
G0000565,V0012,2025-01-01 08:15:00,40.795134131768215,-73.94329827730715,26
G0000566,V0042,2025-01-01 08:15:00,40.62074263893707,-73.9774657269764,46
G0000567,V0036,2025-01-01 08:15:00,40.77451058316681,-73.96280902593008,46
G0000568,V0025,2025-01-01 08:15:00,40.62233640722758,-74.01573929567314,0
G0000569,V0034,2025-01-01 08:15:00,40.68395329818982,-73.93808350567797,6
G0000570,V0005,2025-01-01 08:15:00,40.81008269371444,-73.91614476755537,5
G0000571,V0006,2025-01-01 08:15:00,40.770792964013715,-73.95253743027396,46
G0000572,V0047,2025-01-01 08:15:00,40.79116074044466,-73.99981894354374,14
G0000573,V0027,2025-01-01 08:15:00,40.79792227249469,-74.00636047858902,3
G0000574,V0012,2025-01-01 08:15:00,40.77151053497705,-74.08916493444214,54
G0000575,V0012,2025-01-01 08:15:00,40.67290684469919,-73.94907611049106,35
G0000576,V0043,2025-01-01 08:15:00,40.77424910555713,-73.99618977008959,60
G0000577,V0039,2025-01-01 08:15:00,40.74658752641979,-74.02465102799079,1
G0000578,V0046,2025-01-01 08:15:00,40.6208844453645,-73.92296046316544,17
G0000579,V0039,2025-01-01 08:15:00,40.78629310386136,-73.99125679393717,27
G0000580,V0010,2025-01-01 08:15:00,40.767497465004745,-73.92718074389362,14
G0000581,V0039,2025-01-01 08:15:00,40.677474324696284,-74.00654705371338,50
G0000582,V0034,2025-01-01 08:15:00,40.786180491847574,-74.00308279411367,48
G0000583,V0017,2025-01-01 08:15:00,40.69860436239474,-73.97910899015487,28
G0000584,V0048,2025-01-01 08:15:00,40.683677421869554,-73.93544027247852,7
G0000585,V0018,2025-01-01 08:15:00,40.73214402735643,-74.02121115586843,29
G0000586,V0035,2025-01-01 08:15:00,40.75036023688815,-73.91715206327417,53
G0000587,V0033,2025-01-01 08:15:00,40.75227025110257,-73.98882651338552,59
G0000588,V0037,2025-01-01 08:15:00,40.797737752089006,-74.08315732401533,28
G0000589,V0013,2025-01-01 08:15:00,40.692546194826065,-74.0285328122843,31
G0000590,V0018,2025-01-01 08:15:00,40.758912499229616,-74.07219957577267,6
G0000591,V0030,2025-01-01 08:15:00,40.72662272294308,-74.02287644066406,45
G0000592,V0021,2025-01-01 08:15:00,40.7372479113641,-74.0499551337375,34
G0000593,V0018,2025-01-01 08:15:00,40.7885539037662,-74.04763236073771,19
G0000594,V0043,2025-01-01 08:15:00,40.760917415039415,-74.02638157872487,44
G0000595,V0011,2025-01-01 08:15:00,40.62751009289467,-73.98662561822806,41
G0000596,V0043,2025-01-01 08:15:00,40.71591758720431,-73.978640469504,57
G0000597,V0040,2025-01-01 08:15:00,40.73323673752082,-73.9506239869219,10
G0000598,V0018,2025-01-01 08:15:00,40.771266481648595,-74.05188301050481,9
G0000599,V0033,2025-01-01 08:15:00,40.672564158723695,-73.94427717825471,16
G0000600,V0032,2025-01-01 08:15:00,40.62941285659199,-73.96039903638211,20
G0000601,V0033,2025-01-01 08:15:00,40.72992318870111,-73.93507023650017,22
G0000602,V0019,2025-01-01 08:15:00,40.6580971575892,-74.03106471823102,14
G0000603,V0039,2025-01-01 08:15:00,40.66530028329435,-74.09993703007089,51
G0000604,V0021,2025-01-01 08:15:00,40.733562892025475,-73.9667732061553,23
G0000605,V0028,2025-01-01 08:15:00,40.78682460948301,-74.08070463033792,29
G0000606,V0036,2025-01-01 08:15:00,40.64086186135054,-74.05135965612922,50
G0000607,V0013,2025-01-01 08:15:00,40.70633329694304,-74.01747144849134,51
G0000608,V0035,2025-01-01 08:15:00,40.74179268162431,-74.0945639808471,2
G0000609,V0007,2025-01-01 08:15:00,40.67115409319919,-74.10036944918687,26
G0000610,V0029,2025-01-01 08:15:00,40.62554536281671,-73.98867635722235,11
G0000611,V0049,2025-01-01 08:15:00,40.61543313311467,-74.0396638997594,25
G0000612,V0042,2025-01-01 08:15:00,40.61345704492907,-73.98304928244661,15
G0000613,V0011,2025-01-01 08:15:00,40.62679824816744,-73.99982066424536,13
G0000614,V0038,2025-01-01 08:15:00,40.77411805521554,-74.0743190511724,56
G0000615,V0029,2025-01-01 08:15:00,40.790583782182566,-73.98178722739654,21
G0000616,V0006,2025-01-01 08:15:00,40.72831784080692,-73.97626615588318,24
G0000617,V0022,2025-01-01 08:15:00,40.794355778178144,-73.99770674002836,37
G0000618,V0026,2025-01-01 08:15:00,40.72519441226593,-74.05762627890736,12
G0000619,V0043,2025-01-01 08:15:00,40.62554290825135,-73.93316744021723,11
G0000620,V0023,2025-01-01 08:15:00,40.785128200367424,-74.09907269355605,23
G0000621,V0006,2025-01-01 08:15:00,40.615346186916234,-73.93009473206887,34
G0000622,V0030,2025-01-01 08:15:00,40.779566597018295,-74.05123223415778,53
G0000623,V0006,2025-01-01 08:15:00,40.79729432615865,-74.0140433624677,16
G0000624,V0018,2025-01-01 08:15:00,40.786727248760066,-74.0556899749023,53
G0000625,V0036,2025-01-01 08:15:00,40.74129066298898,-74.06501130717204,48
G0000626,V0020,2025-01-01 08:15:00,40.73051940029754,-73.97105691491433,51
G0000627,V0007,2025-01-01 08:15:00,40.64993852295868,-74.06037628282455,18
G0000628,V0031,2025-01-01 08:15:00,40.810574194080864,-73.9320762790741,34
G0000629,V0021,2025-01-01 08:15:00,40.6436841672938,-74.01764264956407,39
G0000630,V0023,2025-01-01 08:15:00,40.64174530022144,-74.06890447750226,1
G0000631,V0049,2025-01-01 08:15:00,40.61963089701788,-73.98193985994516,34
G0000632,V0038,2025-01-01 08:15:00,40.681888423078476,-73.92643929811489,5
G0000633,V0003,2025-01-01 08:15:00,40.67623310049175,-74.03758115134893,22
G0000634,V0035,2025-01-01 08:15:00,40.78443793110154,-74.011055434537,54
G0000635,V0037,2025-01-01 08:15:00,40.773938420611955,-73.99970330844612,45
G0000636,V0033,2025-01-01 08:15:00,40.678898234855744,-74.01582887004666,20
G0000637,V0011,2025-01-01 08:15:00,40.65056599196647,-74.06691754848802,31
G0000638,V0024,2025-01-01 08:15:00,40.64100100902145,-74.04462722697004,46
G0000639,V0024,2025-01-01 08:15:00,40.76769387750259,-73.92370343222466,10
G0000640,V0035,2025-01-01 08:15:00,40.640168324405806,-73.97972865512338,57
G0000641,V0033,2025-01-01 08:15:00,40.68905134470935,-73.92538380053712,3
G0000642,V0012,2025-01-01 08:15:00,40.81015180434089,-73.93977449826848,5
G0000643,V0031,2025-01-01 08:15:00,40.686489968294886,-73.97980109345471,35
G0000644,V0012,2025-01-01 08:15:00,40.68144075290374,-73.9374209040106,53
G0000645,V0050,2025-01-01 08:15:00,40.64938588229133,-74.01952077543255,12
G0000646,V0030,2025-01-01 08:15:00,40.63820742585078,-74.02983195252772,13
G0000647,V0046,2025-01-01 08:15:00,40.67853658232065,-74.03804108830565,1
G0000648,V0004,2025-01-01 08:15:00,40.644282413067536,-74.00681952940323,51
G0000649,V0031,2025-01-01 08:15:00,40.78911943833773,-73.98049943528468,39
G0000650,V0015,2025-01-01 08:15:00,40.67174985883018,-73.98184635557263,18
G0000651,V0008,2025-01-01 08:15:00,40.727433280558145,-73.99975889389852,21
G0000652,V0031,2025-01-01 08:15:00,40.79319995924817,-73.94189830007643,29
G0000653,V0046,2025-01-01 08:15:00,40.675221246183234,-74.02583149391685,36
G0000654,V0042,2025-01-01 08:15:00,40.77794103229736,-74.01051762547546,15
G0000655,V0024,2025-01-01 08:15:00,40.77971070086676,-74.07572945677279,17
G0000656,V0035,2025-01-01 08:15:00,40.727796534846355,-74.04849697070073,54
G0000657,V0020,2025-01-01 08:15:00,40.70707210919221,-73.95679312836269,30
G0000658,V0048,2025-01-01 08:15:00,40.68080055716278,-73.90846990245063,52
G0000659,V0009,2025-01-01 08:15:00,40.62907382939842,-74.09724906697168,33
G0000660,V0017,2025-01-01 08:15:00,40.701057961849074,-74.08787437115551,18
G0000661,V0021,2025-01-01 08:15:00,40.79984522660785,-74.0108389470486,25
G0000662,V0021,2025-01-01 08:15:00,40.670507147200034,-73.96084996576393,4
G0000663,V0031,2025-01-01 08:15:00,40.72068388600837,-74.01048404374698,6
G0000664,V0017,2025-01-01 08:15:00,40.64228471146814,-74.07991785512189,29
G0000665,V0012,2025-01-01 08:15:00,40.679452384433496,-74.06716500633493,50
G0000666,V0002,2025-01-01 08:15:00,40.76519693496239,-73.97039726035811,17
G0000667,V0003,2025-01-01 08:15:00,40.662180581639014,-73.98371279638798,54
G0000668,V0029,2025-01-01 08:15:00,40.74352304060393,-73.94343935189656,26
G0000669,V0031,2025-01-01 08:15:00,40.69327762452935,-73.988025426333,17
G0000670,V0018,2025-01-01 08:15:00,40.782398600768786,-73.98726252547551,18
G0000671,V0025,2025-01-01 08:15:00,40.61991859314359,-74.05095680602919,7
G0000672,V0043,2025-01-01 08:15:00,40.77492417457871,-73.94438480355316,22
G0000673,V0001,2025-01-01 08:15:00,40.616439610968975,-73.95018040804908,27
G0000674,V0008,2025-01-01 08:15:00,40.77274003189482,-73.9490751652701,48
G0000675,V0047,2025-01-01 08:15:00,40.637864372604035,-73.95575336129399,11
G0000676,V0009,2025-01-01 08:15:00,40.660101693493466,-74.033315013136,28
G0000677,V0042,2025-01-01 08:15:00,40.770248351548354,-73.9888715193264,58
G0000678,V0040,2025-01-01 08:15:00,40.782813860197344,-73.94427074578216,17
G0000679,V0029,2025-01-01 08:15:00,40.77224910790562,-74.02437589058647,9
G0000680,V0008,2025-01-01 08:15:00,40.62654321327922,-74.09112892339614,11
G0000681,V0013,2025-01-01 08:15:00,40.740131715824056,-73.98026510592962,24
G0000682,V0028,2025-01-01 08:15:00,40.79781518501106,-73.98735996812022,49
G0000683,V0016,2025-01-01 08:15:00,40.645719092979434,-74.09409824059999,21
G0000684,V0020,2025-01-01 08:15:00,40.66662605819981,-74.10286238253428,3
G0000685,V0035,2025-01-01 08:15:00,40.68003398125953,-74.09017259771612,29
G0000686,V0033,2025-01-01 08:15:00,40.71237120408053,-74.01864130418535,42
G0000687,V0018,2025-01-01 08:15:00,40.63948633496137,-74.04335548021005,50
G0000688,V0043,2025-01-01 08:15:00,40.71221602981027,-73.92971206466186,27
G0000689,V0031,2025-01-01 08:15:00,40.6629681920534,-73.99558027856672,52
G0000690,V0048,2025-01-01 08:15:00,40.68069468102435,-74.01726820843788,56
G0000691,V0029,2025-01-01 08:15:00,40.744348214315245,-74.04723443245906,6
G0000692,V0025,2025-01-01 08:15:00,40.79808491330551,-74.0515709932211,21
G0000693,V0030,2025-01-01 08:15:00,40.68311673113894,-73.9967486648645,51
G0000694,V0044,2025-01-01 08:15:00,40.63679238820576,-74.06834785890375,30
G0000695,V0038,2025-01-01 08:15:00,40.769681782080305,-74.01144439529536,16
G0000696,V0012,2025-01-01 08:15:00,40.701008979699786,-74.09300152452515,6
G0000697,V0038,2025-01-01 08:15:00,40.73881003196743,-73.93494341396509,28
G0000698,V0041,2025-01-01 08:15:00,40.69169176549122,-74.08043496158945,25
G0000699,V0049,2025-01-01 08:15:00,40.64367714811014,-73.91799916184273,56
G0000700,V0031,2025-01-01 08:15:00,40.79443188759624,-73.91402995120225,45
G0000701,V0019,2025-01-01 08:15:00,40.659922878382815,-74.00207831086199,9
G0000702,V0031,2025-01-01 08:15:00,40.61287052353705,-73.93711806739324,17
G0000703,V0042,2025-01-01 08:15:00,40.76117244061008,-74.07029916370891,6
G0000704,V0010,2025-01-01 08:15:00,40.71457710205737,-74.05839631080315,8
G0000705,V0048,2025-01-01 08:15:00,40.71484752674194,-74.0524427550142,5
G0000706,V0007,2025-01-01 08:15:00,40.749344594039016,-73.91267685467083,51
G0000707,V0022,2025-01-01 08:15:00,40.759377291425956,-74.09984342199164,30
G0000708,V0045,2025-01-01 08:15:00,40.65075501322009,-74.03323925060437,36
G0000709,V0006,2025-01-01 08:15:00,40.77565063833597,-74.06075751514722,14
G0000710,V0007,2025-01-01 08:15:00,40.67406881251125,-73.97479436376507,53
G0000711,V0001,2025-01-01 08:15:00,40.64109158552767,-74.09293944259804,41
G0000712,V0034,2025-01-01 08:15:00,40.776287848190215,-74.06391713339438,25
G0000713,V0022,2025-01-01 08:15:00,40.72793274245579,-73.92667579491923,32
G0000714,V0030,2025-01-01 08:15:00,40.745495871309714,-74.05970669153703,29
G0000715,V0020,2025-01-01 08:15:00,40.689791398324786,-73.96686518364744,27
G0000716,V0045,2025-01-01 08:15:00,40.61572743037051,-73.91712486455575,49
G0000717,V0003,2025-01-01 08:15:00,40.65462049652208,-74.06655989711079,5
G0000718,V0016,2025-01-01 08:15:00,40.80741668888167,-74.00049200262525,17
G0000719,V0038,2025-01-01 08:15:00,40.70589712695826,-74.00560143431865,21
G0000720,V0002,2025-01-01 08:15:00,40.747456654675936,-74.10345007403302,57
G0000721,V0043,2025-01-01 08:15:00,40.741823575587034,-73.95691379507993,12
G0000722,V0017,2025-01-01 08:15:00,40.69695922159249,-74.10421597194684,28
G0000723,V0044,2025-01-01 08:15:00,40.65727582262262,-74.10300186799837,17
G0000724,V0025,2025-01-01 08:15:00,40.74911265854149,-74.01111686891386,42
G0000725,V0011,2025-01-01 08:15:00,40.63051595094057,-73.90903832348774,18
G0000726,V0011,2025-01-01 08:15:00,40.634562731754365,-73.93112549771837,48
G0000727,V0035,2025-01-01 08:15:00,40.8000313358731,-73.92574479888164,25
G0000728,V0010,2025-01-01 08:15:00,40.75790804459362,-74.00916953394213,9
G0000729,V0041,2025-01-01 08:15:00,40.675493938487456,-73.97254029958883,35
G0000730,V0046,2025-01-01 08:15:00,40.66657817237324,-74.0731789828898,55
G0000731,V0018,2025-01-01 08:15:00,40.772551180543516,-74.0064764629729,52
G0000732,V0007,2025-01-01 08:15:00,40.68605937878123,-74.07319406140283,52
G0000733,V0017,2025-01-01 08:15:00,40.69274894125347,-74.04284781966516,19
G0000734,V0014,2025-01-01 08:15:00,40.62490651119497,-73.97009141199511,59
G0000735,V0047,2025-01-01 08:15:00,40.6301678497739,-74.01621252798576,45
G0000736,V0005,2025-01-01 08:15:00,40.77804014663315,-73.9816820786749,37
G0000737,V0041,2025-01-01 08:15:00,40.74372477234344,-74.01250963676615,50
G0000738,V0037,2025-01-01 08:15:00,40.64917058210803,-73.94158593412006,55
G0000739,V0030,2025-01-01 08:15:00,40.678337909269686,-73.93143108998605,36
G0000740,V0027,2025-01-01 08:15:00,40.70868221934347,-73.90706063440417,54
G0000741,V0041,2025-01-01 08:15:00,40.6302263051685,-74.01397436034111,21
G0000742,V0023,2025-01-01 08:15:00,40.66230000485417,-74.10249670696103,11
G0000743,V0034,2025-01-01 08:15:00,40.8050521409954,-73.99328797306443,48
G0000744,V0034,2025-01-01 08:15:00,40.620885393392584,-73.98684558877859,47
G0000745,V0017,2025-01-01 08:15:00,40.617479491359425,-73.9449959648636,34
G0000746,V0033,2025-01-01 08:15:00,40.661825865903765,-74.03939683346145,44
G0000747,V0018,2025-01-01 08:15:00,40.67372706861019,-73.98523482939333,44
G0000748,V0017,2025-01-01 08:15:00,40.63544450536747,-73.91179504951981,8
G0000749,V0017,2025-01-01 08:15:00,40.64950240596474,-74.02842604038025,38
G0000750,V0023,2025-01-01 08:15:00,40.660560234769775,-73.93404071076239,48
G0000751,V0011,2025-01-01 08:15:00,40.806304563574855,-74.06066483883043,23
G0000752,V0023,2025-01-01 08:15:00,40.79353355373992,-74.04047832004564,44
G0000753,V0009,2025-01-01 08:15:00,40.70011121882951,-73.97030687337254,12
G0000754,V0045,2025-01-01 08:15:00,40.644183886633854,-74.05698558495196,55
G0000755,V0009,2025-01-01 08:15:00,40.76771691317812,-74.00156682619415,3
G0000756,V0024,2025-01-01 08:15:00,40.793656618491354,-73.90858232363897,16
G0000757,V0010,2025-01-01 08:15:00,40.70059151287327,-73.92479704359562,12
G0000758,V0039,2025-01-01 08:15:00,40.78388205850121,-74.05543631803792,23
G0000759,V0010,2025-01-01 08:15:00,40.638000539094854,-73.9426718766321,58
G0000760,V0047,2025-01-01 08:15:00,40.7900487259234,-73.91860979641248,59
G0000761,V0007,2025-01-01 08:15:00,40.74102562127,-73.9950200410821,51
G0000762,V0045,2025-01-01 08:15:00,40.637332824514175,-74.0425958092608,31
G0000763,V0037,2025-01-01 08:15:00,40.80029900367575,-74.08224910256662,35
G0000764,V0036,2025-01-01 08:15:00,40.800637602250944,-74.02500373976507,5
G0000765,V0048,2025-01-01 08:15:00,40.752488710803554,-73.94961373918113,5
G0000766,V0031,2025-01-01 08:15:00,40.64079514247836,-73.9700534328109,34
G0000767,V0036,2025-01-01 08:15:00,40.62479435724594,-73.98530467035732,54
G0000768,V0016,2025-01-01 08:15:00,40.73568284983938,-73.93774996783326,39
G0000769,V0002,2025-01-01 08:15:00,40.7293018163396,-74.02883757841362,17
G0000770,V0026,2025-01-01 08:15:00,40.69497997411074,-74.01922343177517,56
G0000771,V0037,2025-01-01 08:15:00,40.80413510016022,-73.96832417871761,48
G0000772,V0030,2025-01-01 08:15:00,40.69354107682298,-73.94756661791712,19
G0000773,V0026,2025-01-01 08:15:00,40.69529449710955,-73.92360132210902,3
G0000774,V0038,2025-01-01 08:15:00,40.79539752923465,-74.02630824096268,43
G0000775,V0039,2025-01-01 08:15:00,40.725813919435495,-73.97329332597161,15
G0000776,V0033,2025-01-01 08:15:00,40.73245098136481,-74.07069757759628,1
G0000777,V0049,2025-01-01 08:15:00,40.67332058536601,-74.00136084336144,32
G0000778,V0027,2025-01-01 08:15:00,40.68427158364631,-73.9644938483968,3
G0000779,V0044,2025-01-01 08:15:00,40.80466830734335,-73.9964648105724,20
G0000780,V0030,2025-01-01 08:15:00,40.80888341543127,-73.99107250660172,15
G0000781,V0018,2025-01-01 08:15:00,40.71964797074589,-73.97732875852103,42
G0000782,V0014,2025-01-01 08:15:00,40.726162562948595,-73.99625571615401,44
G0000783,V0035,2025-01-01 08:15:00,40.66897604339201,-74.0601532231188,14
G0000784,V0050,2025-01-01 08:15:00,40.61929844018256,-73.94939553283014,39
G0000785,V0039,2025-01-01 08:15:00,40.80202379146961,-74.09500427338558,24
G0000786,V0032,2025-01-01 08:15:00,40.741454136474076,-73.93375856899378,39
G0000787,V0012,2025-01-01 08:15:00,40.742278002105714,-74.04579731756517,43
G0000788,V0044,2025-01-01 08:15:00,40.78381132644484,-73.93150175312846,34
G0000789,V0012,2025-01-01 08:15:00,40.6537970394607,-73.9830213899253,19
G0000790,V0032,2025-01-01 08:15:00,40.79886575687197,-74.09602174402697,13
G0000791,V0036,2025-01-01 08:15:00,40.80055786865589,-73.9417705456488,51
G0000792,V0025,2025-01-01 08:15:00,40.6855868654862,-73.97944705260694,58
G0000793,V0029,2025-01-01 08:15:00,40.64293105500222,-74.08315563531205,36
G0000794,V0044,2025-01-01 08:15:00,40.7102338276791,-74.09572362089915,20
G0000795,V0039,2025-01-01 08:15:00,40.8002285708673,-74.08646569760619,20
G0000796,V0006,2025-01-01 08:15:00,40.75726353541505,-73.92031389551322,9
G0000797,V0026,2025-01-01 08:15:00,40.81144351600869,-73.96401692003727,60
G0000798,V0040,2025-01-01 08:15:00,40.7453155976318,-73.97467985555959,54
G0000799,V0011,2025-01-01 08:15:00,40.79112314777143,-73.91739790539651,48
G0000800,V0050,2025-01-01 08:15:00,40.68739647157131,-74.09692529374645,15
G0000801,V0003,2025-01-01 08:15:00,40.801084871678626,-74.03777437646221,47
G0000802,V0029,2025-01-01 08:15:00,40.658226144894094,-73.99782705872533,18
G0000803,V0003,2025-01-01 08:15:00,40.6256564053775,-73.91033183532545,46
G0000804,V0025,2025-01-01 08:15:00,40.76109272353493,-74.04870976625094,38
G0000805,V0006,2025-01-01 08:15:00,40.64450209180767,-74.02723897003939,52
G0000806,V0002,2025-01-01 08:15:00,40.70141947129979,-74.04771666192283,33
G0000807,V0042,2025-01-01 08:15:00,40.78729051402393,-73.90976725428267,48
G0000808,V0037,2025-01-01 08:15:00,40.760887190834694,-73.91840435673964,43
G0000809,V0045,2025-01-01 08:15:00,40.75099163750564,-74.04779554454856,4
G0000810,V0023,2025-01-01 08:15:00,40.653832689107176,-74.05219889508221,23
G0000811,V0012,2025-01-01 08:15:00,40.778784402894765,-74.04702948812175,45
G0000812,V0017,2025-01-01 08:15:00,40.73988455196886,-73.92910815675133,42
G0000813,V0003,2025-01-01 08:15:00,40.72091623877097,-73.92743726875851,5
G0000814,V0034,2025-01-01 08:15:00,40.773123049739155,-74.02664746709284,2
G0000815,V0026,2025-01-01 08:15:00,40.64762658338776,-73.97736588857718,49
G0000816,V0037,2025-01-01 08:15:00,40.75505114293436,-74.0934930971139,15
G0000817,V0030,2025-01-01 08:15:00,40.67211441730073,-73.97545499845543,52
G0000818,V0028,2025-01-01 08:15:00,40.81108453692039,-74.02327850088591,27
G0000819,V0021,2025-01-01 08:15:00,40.7773238660819,-73.93539001839974,56
G0000820,V0033,2025-01-01 08:15:00,40.65017689956094,-74.08516952821691,11
G0000821,V0031,2025-01-01 08:15:00,40.794178211504416,-74.00912316657352,2
G0000822,V0039,2025-01-01 08:15:00,40.812020145691626,-73.95755253729972,8
G0000823,V0038,2025-01-01 08:15:00,40.620168325484705,-73.92356696658071,35
G0000824,V0007,2025-01-01 08:15:00,40.77053229217703,-73.98594042281812,47
G0000825,V0014,2025-01-01 08:15:00,40.76780398536563,-73.94840668138195,33
G0000826,V0050,2025-01-01 08:15:00,40.742771326583345,-74.00934528505002,9
G0000827,V0005,2025-01-01 08:15:00,40.75057906791353,-74.01073912063448,44
G0000828,V0017,2025-01-01 08:15:00,40.6432144852381,-74.08279246456996,40
G0000829,V0009,2025-01-01 08:15:00,40.71676557023459,-74.02903673076116,47
G0000830,V0026,2025-01-01 08:15:00,40.7680765980985,-73.92527592210361,29
G0000831,V0030,2025-01-01 08:15:00,40.770373728723506,-74.04724310115104,25
G0000832,V0026,2025-01-01 08:15:00,40.632211911931265,-73.92428055895539,6
G0000833,V0028,2025-01-01 08:15:00,40.71480600055519,-73.92692546520986,11
G0000834,V0033,2025-01-01 08:15:00,40.66014683490891,-74.0142179740916,18
G0000835,V0023,2025-01-01 08:15:00,40.674835951248866,-73.94709797988938,49
G0000836,V0031,2025-01-01 08:15:00,40.67661808943815,-73.97768861421572,30
G0000837,V0024,2025-01-01 08:15:00,40.69798944240605,-73.97016156814193,55
G0000838,V0024,2025-01-01 08:15:00,40.72205270374201,-73.95449197598937,14
G0000839,V0016,2025-01-01 08:15:00,40.7590023666079,-73.93684939483417,7
G0000840,V0006,2025-01-01 08:15:00,40.63816200477066,-74.05443534977495,51
G0000841,V0047,2025-01-01 08:15:00,40.77536317320339,-73.93849006040793,57
G0000842,V0016,2025-01-01 08:15:00,40.67562231573319,-74.08891534245403,21
G0000843,V0004,2025-01-01 08:15:00,40.64166919518676,-73.92037760627198,45
G0000844,V0004,2025-01-01 08:15:00,40.776112804490005,-74.05713739560886,23
G0000845,V0025,2025-01-01 08:15:00,40.68537014195271,-73.94004525317196,3
G0000846,V0049,2025-01-01 08:15:00,40.7771192108301,-74.0349103725469,8
G0000847,V0037,2025-01-01 08:15:00,40.655661833389686,-73.93678642239264,9
G0000848,V0017,2025-01-01 08:15:00,40.6865608883188,-74.03732808428663,2
G0000849,V0019,2025-01-01 08:15:00,40.69810203464846,-73.97670445976868,46
G0000850,V0045,2025-01-01 08:15:00,40.649618006858645,-74.01825236065909,45
G0000851,V0010,2025-01-01 08:15:00,40.64184202549609,-73.97705480519457,45
G0000852,V0029,2025-01-01 08:15:00,40.65666254929164,-74.02713330931712,23
G0000853,V0013,2025-01-01 08:15:00,40.651352761940096,-74.02703412746787,44
G0000854,V0003,2025-01-01 08:15:00,40.812662673666026,-73.91029037131594,8
G0000855,V0007,2025-01-01 08:15:00,40.717360413377065,-74.07895156414173,26
G0000856,V0014,2025-01-01 08:15:00,40.77795452522751,-73.93527205451014,53
G0000857,V0015,2025-01-01 08:15:00,40.72071030644341,-73.9131971244337,1
G0000858,V0007,2025-01-01 08:15:00,40.64192148350154,-73.98398871761245,18
G0000859,V0010,2025-01-01 08:15:00,40.69774015111977,-73.96574311848038,23
G0000860,V0047,2025-01-01 08:15:00,40.66855234399116,-74.04757516633501,36
G0000861,V0017,2025-01-01 08:15:00,40.62695058000609,-73.92496301831352,18
G0000862,V0006,2025-01-01 08:15:00,40.70646244438505,-74.02245959456125,34
G0000863,V0016,2025-01-01 08:15:00,40.783913758903665,-73.9888993893056,38
G0000864,V0007,2025-01-01 08:15:00,40.7452545412888,-73.97449711863125,12
G0000865,V0033,2025-01-01 08:15:00,40.75912968044229,-73.94992730783568,26
G0000866,V0036,2025-01-01 08:15:00,40.75552548653827,-74.06647162190282,19
G0000867,V0014,2025-01-01 08:15:00,40.751001131563434,-74.06641828394608,14
G0000868,V0016,2025-01-01 08:15:00,40.69162645734458,-73.91179014265524,20
G0000869,V0031,2025-01-01 08:15:00,40.67002271243873,-74.04032420586734,27
G0000870,V0047,2025-01-01 08:15:00,40.702084654268766,-73.97051660916625,23
G0000871,V0015,2025-01-01 08:15:00,40.68145505677975,-74.03148006240575,37
G0000872,V0002,2025-01-01 08:15:00,40.64827086005928,-74.02992685501138,16
G0000873,V0046,2025-01-01 08:15:00,40.74042710289253,-74.06796296583867,6
G0000874,V0008,2025-01-01 08:15:00,40.73805966136427,-73.91848564280124,17
G0000875,V0027,2025-01-01 08:15:00,40.712934440580284,-74.09037981583303,52
G0000876,V0039,2025-01-01 08:15:00,40.78860241818835,-73.96305485266292,38
G0000877,V0031,2025-01-01 08:15:00,40.805126102454096,-73.98794236479583,4
G0000878,V0049,2025-01-01 08:15:00,40.71325689838901,-73.98797249784803,38
G0000879,V0014,2025-01-01 08:15:00,40.666443861210524,-73.97375387542498,20
G0000880,V0012,2025-01-01 08:15:00,40.64620138671261,-74.05581578784732,37
G0000881,V0020,2025-01-01 08:15:00,40.71418664849286,-74.09085860139676,46
G0000882,V0016,2025-01-01 08:15:00,40.6306932523555,-74.03922264812358,25
G0000883,V0040,2025-01-01 08:15:00,40.7675609830214,-74.05553061812387,17
G0000884,V0039,2025-01-01 08:15:00,40.71131352681469,-73.98710664318956,18
G0000885,V0009,2025-01-01 08:15:00,40.71872724229824,-74.04262181034134,34
G0000886,V0010,2025-01-01 08:15:00,40.75305083339662,-74.0680394361979,5
G0000887,V0019,2025-01-01 08:15:00,40.78384526150992,-73.97210655369142,24
G0000888,V0024,2025-01-01 08:15:00,40.64783089302801,-74.0445179511045,11
G0000889,V0020,2025-01-01 08:15:00,40.68667697669252,-74.04938420075682,20
G0000890,V0032,2025-01-01 08:15:00,40.65857590952205,-74.02171781191525,49
G0000891,V0022,2025-01-01 08:15:00,40.68685921691386,-73.97785084966978,50
G0000892,V0004,2025-01-01 08:15:00,40.666931274447144,-73.96378769884423,54
G0000893,V0001,2025-01-01 08:15:00,40.73358497776017,-74.01287401554606,53
G0000894,V0037,2025-01-01 08:15:00,40.7010233927935,-73.94748431890818,16
G0000895,V0014,2025-01-01 08:15:00,40.761322458058935,-73.99258264429518,8
G0000896,V0001,2025-01-01 08:15:00,40.79320217886625,-74.08661129176289,33
G0000897,V0033,2025-01-01 08:15:00,40.64147701944111,-74.04325121149384,39
G0000898,V0014,2025-01-01 08:15:00,40.73849127237675,-73.92155207372984,49
G0000899,V0008,2025-01-01 08:15:00,40.80678774380493,-73.9617912143503,46
G0000900,V0022,2025-01-01 08:15:00,40.63244585330108,-74.10088487981811,23
G0000901,V0049,2025-01-01 08:15:00,40.80578848430393,-73.98344743509378,6
G0000902,V0001,2025-01-01 08:15:00,40.74242017271376,-73.91841842434393,49
G0000903,V0040,2025-01-01 08:15:00,40.764793906710175,-73.98467727365401,37
G0000904,V0044,2025-01-01 08:15:00,40.7500640453915,-73.91611408471772,31
G0000905,V0038,2025-01-01 08:15:00,40.79485079558645,-73.93825887314793,16
G0000906,V0014,2025-01-01 08:15:00,40.78752352288757,-74.07186647366183,48
G0000907,V0008,2025-01-01 08:15:00,40.6381295616377,-73.95200325493411,14
G0000908,V0005,2025-01-01 08:15:00,40.81240992352582,-74.05813746875523,26
G0000909,V0032,2025-01-01 08:15:00,40.629477500017494,-73.91663320576272,8
G0000910,V0007,2025-01-01 08:15:00,40.714744864549274,-73.94436965902781,54
G0000911,V0007,2025-01-01 08:15:00,40.81163663518497,-73.96380991235696,17
G0000912,V0046,2025-01-01 08:15:00,40.66789728920579,-73.94729115133075,60
G0000913,V0032,2025-01-01 08:15:00,40.75475151472635,-74.09767768113078,36
G0000914,V0022,2025-01-01 08:15:00,40.62442125713858,-73.98015358150488,55
G0000915,V0004,2025-01-01 08:15:00,40.70886718000591,-74.05640335833179,5
G0000916,V0036,2025-01-01 08:15:00,40.79694709571482,-74.05668296244554,38
G0000917,V0048,2025-01-01 08:15:00,40.77250528378313,-73.99915547727639,33
G0000918,V0018,2025-01-01 08:15:00,40.79870515566547,-74.01881706998054,14
G0000919,V0014,2025-01-01 08:15:00,40.7223874226029,-73.98372904992972,45
G0000920,V0039,2025-01-01 08:15:00,40.65647841145324,-73.94992388366914,3
G0000921,V0030,2025-01-01 08:15:00,40.62658435998239,-74.00025902322626,23
G0000922,V0012,2025-01-01 08:15:00,40.714618569002546,-74.01518446229704,47
G0000923,V0050,2025-01-01 08:15:00,40.6718360178067,-74.01121333505586,42
G0000924,V0023,2025-01-01 08:15:00,40.775294211000954,-74.05493657747621,36
G0000925,V0016,2025-01-01 08:15:00,40.630152147942184,-73.98254860906077,3
G0000926,V0020,2025-01-01 08:15:00,40.6622913360476,-73.94062848657532,40
G0000927,V0038,2025-01-01 08:15:00,40.65154531095721,-73.94314965432343,22
G0000928,V0009,2025-01-01 08:15:00,40.6784253631341,-73.96911393949077,31
G0000929,V0038,2025-01-01 08:15:00,40.74390611688424,-73.97590307575591,23
G0000930,V0010,2025-01-01 08:15:00,40.61801003866782,-74.01484039480796,23
G0000931,V0025,2025-01-01 08:15:00,40.711002874795255,-73.91169821633153,44
G0000932,V0014,2025-01-01 08:15:00,40.617857250166864,-73.9682606605232,32
G0000933,V0001,2025-01-01 08:15:00,40.740622567503515,-73.98777430022062,13
G0000934,V0032,2025-01-01 08:15:00,40.69995820803455,-74.00832327795666,5
G0000935,V0011,2025-01-01 08:15:00,40.65814266001541,-74.04612303804704,31
G0000936,V0004,2025-01-01 08:15:00,40.737796764609406,-74.0504383643172,50
G0000937,V0030,2025-01-01 08:15:00,40.6424373397228,-74.10364490658019,17
G0000938,V0005,2025-01-01 08:15:00,40.77638081134119,-74.01480134663187,39
G0000939,V0040,2025-01-01 08:15:00,40.76767464599328,-73.91149826606687,25
G0000940,V0016,2025-01-01 08:15:00,40.725791795035775,-74.02193646450158,7
G0000941,V0034,2025-01-01 08:15:00,40.72896089788544,-73.93349050826437,25
G0000942,V0033,2025-01-01 08:15:00,40.63512287021548,-74.07307064205204,1
G0000943,V0017,2025-01-01 08:15:00,40.80966115692259,-74.08580800935935,48
G0000944,V0034,2025-01-01 08:15:00,40.65339378039424,-74.08844897456387,11
G0000945,V0015,2025-01-01 08:15:00,40.79824203552203,-74.05072779312293,45
G0000946,V0001,2025-01-01 08:15:00,40.74069426954368,-74.0097448030639,8
G0000947,V0014,2025-01-01 08:15:00,40.73037921674932,-74.07621694884801,39
G0000948,V0036,2025-01-01 08:15:00,40.6518172171542,-73.9237712163664,23
G0000949,V0022,2025-01-01 08:15:00,40.68014404327667,-73.95340569715576,21
G0000950,V0029,2025-01-01 08:15:00,40.739173319688724,-74.02745907764238,54
G0000951,V0014,2025-01-01 08:15:00,40.62444373978367,-74.07484881664418,32
G0000952,V0050,2025-01-01 08:15:00,40.72059515186582,-74.02959332835125,21
G0000953,V0032,2025-01-01 08:15:00,40.71407445370385,-73.90859195432016,46
G0000954,V0010,2025-01-01 08:15:00,40.74646907977704,-74.06585513571733,21
G0000955,V0010,2025-01-01 08:15:00,40.779108844274106,-73.97249680431929,51
G0000956,V0001,2025-01-01 08:15:00,40.80986228799491,-73.96427023453427,13
G0000957,V0004,2025-01-01 08:15:00,40.70035189966409,-74.07813625959825,18
G0000958,V0016,2025-01-01 08:15:00,40.71466786825631,-74.07878271156417,55
G0000959,V0036,2025-01-01 08:15:00,40.64219900210364,-74.0283214531838,31
G0000960,V0015,2025-01-01 08:15:00,40.7113609599175,-73.95649526234357,0
G0000961,V0015,2025-01-01 08:15:00,40.64158593574223,-74.00819502627442,29
G0000962,V0046,2025-01-01 08:15:00,40.76638797367619,-73.94024040426079,38
G0000963,V0019,2025-01-01 08:15:00,40.68644594479729,-74.08778757378296,24
G0000964,V0029,2025-01-01 08:15:00,40.75695866469804,-73.94329594716918,32
G0000965,V0007,2025-01-01 08:15:00,40.782837057314694,-74.07081352754533,14
G0000966,V0010,2025-01-01 08:15:00,40.67740608346505,-73.92351010884312,43
G0000967,V0028,2025-01-01 08:15:00,40.7423918296946,-74.0078583613841,47
G0000968,V0047,2025-01-01 08:15:00,40.61398068306563,-73.97764302682468,26
G0000969,V0016,2025-01-01 08:15:00,40.80402445271913,-73.97324057598755,36
G0000970,V0010,2025-01-01 08:15:00,40.74771884293259,-73.92853565132332,41
G0000971,V0014,2025-01-01 08:15:00,40.64973143665408,-74.00309549593602,10
G0000972,V0022,2025-01-01 08:15:00,40.75200996445254,-73.91373330139402,19
G0000973,V0035,2025-01-01 08:15:00,40.663247493373355,-73.92050933415241,19
G0000974,V0006,2025-01-01 08:15:00,40.77233942403402,-73.94132216370053,37
G0000975,V0007,2025-01-01 08:15:00,40.76280975598484,-74.08554302583424,25
G0000976,V0028,2025-01-01 08:15:00,40.746609002342666,-74.07207663537109,40
G0000977,V0008,2025-01-01 08:15:00,40.65685592919481,-74.0102565002297,47
G0000978,V0008,2025-01-01 08:15:00,40.6171250425527,-74.02289350577333,44
G0000979,V0050,2025-01-01 08:15:00,40.65521179204072,-73.95740373202266,51
G0000980,V0027,2025-01-01 08:15:00,40.790301225614215,-74.02834183425763,60
G0000981,V0031,2025-01-01 08:15:00,40.80926179316201,-74.04688645946327,41
G0000982,V0019,2025-01-01 08:15:00,40.76138520233615,-74.0012186212143,57
G0000983,V0001,2025-01-01 08:15:00,40.68056271309545,-74.06794753540946,19
G0000984,V0017,2025-01-01 08:15:00,40.78986469524694,-74.02211207555433,41
G0000985,V0035,2025-01-01 08:15:00,40.625319323313924,-74.02046489807454,23
G0000986,V0030,2025-01-01 08:15:00,40.69993759701583,-74.09382910365143,12
G0000987,V0025,2025-01-01 08:15:00,40.64566572634196,-73.99325762697733,9
G0000988,V0019,2025-01-01 08:15:00,40.61466701432164,-74.01130760556133,4
G0000989,V0032,2025-01-01 08:15:00,40.67838302721147,-74.03650468177656,29
G0000990,V0013,2025-01-01 08:15:00,40.732166018963966,-73.90868985237788,57
G0000991,V0021,2025-01-01 08:15:00,40.708868877958245,-74.03112509995181,18
G0000992,V0049,2025-01-01 08:15:00,40.630258220614465,-74.06543792556778,40
G0000993,V0003,2025-01-01 08:15:00,40.70483216450946,-74.07036589902918,1
G0000994,V0036,2025-01-01 08:15:00,40.798674827639715,-74.00202752849228,36
G0000995,V0015,2025-01-01 08:15:00,40.723153260868685,-74.0189268015223,42
G0000996,V0041,2025-01-01 08:15:00,40.702092732645156,-73.98181681832382,34
G0000997,V0040,2025-01-01 08:15:00,40.692589283440434,-73.94774668990632,0
G0000998,V0001,2025-01-01 08:15:00,40.72297331481684,-73.94097545109953,46
G0000999,V0015,2025-01-01 08:15:00,40.71388423064987,-74.05362060526868,13
G0001000,V0024,2025-01-01 08:15:00,40.717432892652305,-73.96314899496049,15
G0001001,V0021,2025-01-01 08:15:00,40.74106873611269,-73.99866595640987,29
G0001002,V0023,2025-01-01 08:15:00,40.71977883309294,-73.99814073824672,46
G0001003,V0008,2025-01-01 08:15:00,40.75348552159337,-74.10363884053561,0
G0001004,V0036,2025-01-01 08:15:00,40.78217475195254,-73.9190151367095,19
G0001005,V0032,2025-01-01 08:15:00,40.7070112473841,-74.02678465050944,18
G0001006,V0050,2025-01-01 08:15:00,40.80935456809739,-73.96163939165231,32
G0001007,V0024,2025-01-01 08:15:00,40.74620188559139,-74.06391334826533,23
G0001008,V0013,2025-01-01 08:15:00,40.76710670618861,-73.9952101722031,30
G0001009,V0021,2025-01-01 08:15:00,40.75113740348064,-74.10026966283296,27
G0001010,V0045,2025-01-01 08:15:00,40.674184096227286,-74.03351222926402,33
G0001011,V0018,2025-01-01 08:15:00,40.617781315357725,-73.91830854402241,12
G0001012,V0003,2025-01-01 08:15:00,40.762126677322236,-73.9340431209652,46
G0001013,V0005,2025-01-01 08:15:00,40.797229871884646,-73.9294883484876,25
G0001014,V0023,2025-01-01 08:15:00,40.80624874300687,-73.97345784732279,37
G0001015,V0023,2025-01-01 08:15:00,40.80788547679445,-73.92345302334668,58
G0001016,V0018,2025-01-01 08:15:00,40.64185529616539,-73.96839257127434,7
G0001017,V0045,2025-01-01 08:15:00,40.73701101544131,-74.03801308951485,33
G0001018,V0005,2025-01-01 08:15:00,40.81028795388134,-74.08441848194366,53
G0001019,V0020,2025-01-01 08:15:00,40.71337349946025,-74.08100936754899,53
G0001020,V0027,2025-01-01 08:15:00,40.74639041765281,-73.90776438454522,24
G0001021,V0007,2025-01-01 08:15:00,40.680298856236064,-73.9941664452449,53
G0001022,V0027,2025-01-01 08:15:00,40.67868670850384,-74.02284239139927,40
G0001023,V0007,2025-01-01 08:15:00,40.74182562035121,-74.09324636382233,40
G0001024,V0043,2025-01-01 08:15:00,40.68952654310193,-74.03033551177492,23
G0001025,V0027,2025-01-01 08:15:00,40.65138449325151,-74.0005118521926,31
G0001026,V0023,2025-01-01 08:15:00,40.62556215041355,-73.96180128456471,53
G0001027,V0005,2025-01-01 08:15:00,40.77998214996956,-73.97110137624604,58
G0001028,V0024,2025-01-01 08:15:00,40.62559443924854,-73.9932395861052,26
G0001029,V0018,2025-01-01 08:15:00,40.775568996021725,-74.02743845126092,58
G0001030,V0047,2025-01-01 08:15:00,40.72343411368299,-74.00214823229086,23
G0001031,V0026,2025-01-01 08:15:00,40.654595087876594,-74.0245494910078,2
G0001032,V0028,2025-01-01 08:15:00,40.70197168626144,-74.02075392162025,8
G0001033,V0044,2025-01-01 08:15:00,40.7063841808701,-74.10592763356274,18
G0001034,V0021,2025-01-01 08:15:00,40.664130823309904,-74.0347799907271,32
G0001035,V0014,2025-01-01 08:15:00,40.79537438177923,-74.04202431728008,7
G0001036,V0031,2025-01-01 08:15:00,40.66283694832927,-73.97482686048812,31
G0001037,V0039,2025-01-01 08:15:00,40.79499765698918,-73.99302664028899,46
G0001038,V0003,2025-01-01 08:15:00,40.73361588407063,-74.04682628929119,38
G0001039,V0047,2025-01-01 08:15:00,40.65031270039575,-74.04539860626461,46
G0001040,V0017,2025-01-01 08:15:00,40.74688896867199,-74.10338052854728,45
G0001041,V0049,2025-01-01 08:15:00,40.76451775909967,-73.96794947283868,31
G0001042,V0044,2025-01-01 08:15:00,40.80079073238064,-74.09442347468195,53
G0001043,V0039,2025-01-01 08:15:00,40.72607001373043,-73.92285692448996,10
G0001044,V0050,2025-01-01 08:15:00,40.81246806926112,-74.05633765875203,0
G0001045,V0016,2025-01-01 08:15:00,40.72396330008758,-73.97832780009269,34
G0001046,V0027,2025-01-01 08:15:00,40.738710783303084,-73.9294940799397,42
G0001047,V0011,2025-01-01 08:15:00,40.72445869181678,-74.07895488259969,19
G0001048,V0019,2025-01-01 08:15:00,40.67829949409477,-73.9821413485285,35
G0001049,V0036,2025-01-01 08:15:00,40.65938281870187,-74.0095490038519,41
G0001050,V0005,2025-01-01 08:15:00,40.75348110667321,-74.00302591375761,46
G0001051,V0046,2025-01-01 08:15:00,40.72913069959489,-74.06941891821816,32
G0001052,V0040,2025-01-01 08:15:00,40.694374506072506,-74.0982866977845,33
G0001053,V0009,2025-01-01 08:15:00,40.63606012202229,-74.04447469991567,6
G0001054,V0040,2025-01-01 08:15:00,40.78843113124807,-73.91993846633633,49
G0001055,V0019,2025-01-01 08:15:00,40.781946523282436,-73.93846969385024,2
G0001056,V0007,2025-01-01 08:15:00,40.7615197883103,-74.03546648523059,2
G0001057,V0039,2025-01-01 08:15:00,40.669010608079596,-73.93532534867171,13
G0001058,V0019,2025-01-01 08:15:00,40.720799306426024,-74.04803101105301,2
G0001059,V0011,2025-01-01 08:15:00,40.688289633395804,-73.98209701444155,59
G0001060,V0042,2025-01-01 08:15:00,40.659237853496194,-73.95808538288348,46
G0001061,V0032,2025-01-01 08:15:00,40.69067067349396,-74.02082602345092,29
G0001062,V0037,2025-01-01 08:15:00,40.64907305926885,-74.0092421475245,54
G0001063,V0027,2025-01-01 08:15:00,40.703428471736586,-74.02280343356384,49
G0001064,V0017,2025-01-01 08:15:00,40.65713156255001,-73.99342473659047,46
G0001065,V0049,2025-01-01 08:15:00,40.63746468855521,-74.05566868429707,11
G0001066,V0034,2025-01-01 08:15:00,40.71121272702095,-74.0113832361658,55
G0001067,V0027,2025-01-01 08:15:00,40.62092461790965,-74.0834684627372,13
G0001068,V0035,2025-01-01 08:15:00,40.76431562709594,-74.0036002561914,58
G0001069,V0013,2025-01-01 08:15:00,40.73814631403989,-74.0255917471512,12
G0001070,V0018,2025-01-01 08:15:00,40.66097423849697,-73.91128348743683,49
G0001071,V0016,2025-01-01 08:15:00,40.75575048906931,-74.05991275251782,43
G0001072,V0031,2025-01-01 08:15:00,40.637383457338956,-73.92533483691093,47
G0001073,V0002,2025-01-01 08:15:00,40.674881882146344,-74.01801417835608,14
G0001074,V0008,2025-01-01 08:15:00,40.7341215782068,-74.07236428908102,34
G0001075,V0045,2025-01-01 08:15:00,40.66791780847102,-74.05234970972705,43
G0001076,V0013,2025-01-01 08:15:00,40.80810729710782,-74.08588767289729,16
G0001077,V0010,2025-01-01 08:15:00,40.670950381785104,-73.96728158864987,43
G0001078,V0047,2025-01-01 08:15:00,40.721129408547746,-74.00503799729493,40
G0001079,V0011,2025-01-01 08:15:00,40.73304690395092,-74.08504345074616,25
G0001080,V0036,2025-01-01 08:15:00,40.73015051555461,-74.09367445005027,55
G0001081,V0028,2025-01-01 08:15:00,40.77433944800243,-73.9654356957844,32
G0001082,V0034,2025-01-01 08:15:00,40.732787116865914,-74.01423871872676,21
G0001083,V0013,2025-01-01 08:15:00,40.719857699839615,-73.9683890737301,38
G0001084,V0034,2025-01-01 08:15:00,40.62763504796384,-74.05593236210653,0
G0001085,V0046,2025-01-01 08:15:00,40.71479413663186,-73.99217845428471,0
G0001086,V0040,2025-01-01 08:15:00,40.758086808681654,-73.93347412986117,47
G0001087,V0049,2025-01-01 08:15:00,40.63711364611198,-74.08307195667389,11
G0001088,V0049,2025-01-01 08:15:00,40.657540742616085,-73.9411623770247,47
G0001089,V0028,2025-01-01 08:15:00,40.64410597759293,-73.98195409317545,39
G0001090,V0036,2025-01-01 08:15:00,40.68481689345829,-73.93681984347805,57
G0001091,V0045,2025-01-01 08:15:00,40.771184561218675,-74.03017355808693,16
G0001092,V0036,2025-01-01 08:15:00,40.708503661716264,-74.08115142109865,34
G0001093,V0028,2025-01-01 08:15:00,40.81202854943941,-73.99272304915087,43
G0001094,V0033,2025-01-01 08:15:00,40.717618769361195,-73.95581131996548,19
G0001095,V0002,2025-01-01 08:15:00,40.67795381611426,-73.91607925708573,40
G0001096,V0025,2025-01-01 08:15:00,40.80983584279411,-73.91721671979887,21
G0001097,V0041,2025-01-01 08:15:00,40.788930832591724,-73.9594436835052,2
G0001098,V0022,2025-01-01 08:15:00,40.674092374222646,-74.01241142698643,31
G0001099,V0037,2025-01-01 08:15:00,40.76916871021806,-73.94486547361676,14
G0001100,V0033,2025-01-01 08:15:00,40.652406188317364,-73.90606371911619,14
G0001101,V0010,2025-01-01 08:15:00,40.789772973708146,-74.04216714586605,40
G0001102,V0047,2025-01-01 08:15:00,40.644009812713634,-73.99567340683214,7
G0001103,V0035,2025-01-01 08:15:00,40.7533228338923,-73.91301800335219,50
G0001104,V0030,2025-01-01 08:15:00,40.80209625527231,-74.08380988201017,15
G0001105,V0003,2025-01-01 08:15:00,40.64188164371791,-74.05560503443924,24
G0001106,V0019,2025-01-01 08:15:00,40.74457006813073,-74.00032132480604,36
G0001107,V0016,2025-01-01 08:15:00,40.75652052882506,-74.09795090732652,47
G0001108,V0002,2025-01-01 08:15:00,40.78478715539384,-74.06606065442607,34
G0001109,V0047,2025-01-01 08:15:00,40.652229008872375,-74.01157056329149,45
G0001110,V0048,2025-01-01 08:15:00,40.768720431357266,-73.94316188543554,4
G0001111,V0040,2025-01-01 08:15:00,40.74810418391902,-73.96351265839358,11
G0001112,V0002,2025-01-01 08:15:00,40.69296358703263,-74.05978365126808,55
G0001113,V0011,2025-01-01 08:15:00,40.65054627994551,-74.1053467783502,13
G0001114,V0049,2025-01-01 08:15:00,40.80303511023178,-73.99725077634288,25
G0001115,V0020,2025-01-01 08:15:00,40.655732303757134,-74.03824403867652,3
G0001116,V0047,2025-01-01 08:15:00,40.6515732929649,-74.08912111949364,35
G0001117,V0011,2025-01-01 08:15:00,40.61987704769741,-74.04318927106456,33
G0001118,V0002,2025-01-01 08:15:00,40.6286306414307,-74.00276646433305,21
G0001119,V0050,2025-01-01 08:15:00,40.764254522860604,-73.9662397226807,13
G0001120,V0015,2025-01-01 08:15:00,40.6334990214747,-74.02065934942992,39
G0001121,V0024,2025-01-01 08:15:00,40.72559646948099,-73.91591185306893,13
G0001122,V0017,2025-01-01 08:15:00,40.79328040438012,-73.95349167721561,23
G0001123,V0023,2025-01-01 08:15:00,40.693298816196126,-74.01285576840925,25
G0001124,V0028,2025-01-01 08:15:00,40.72763505775219,-73.92167360365444,54
G0001125,V0018,2025-01-01 08:15:00,40.738095755440014,-73.94019909909888,8
G0001126,V0001,2025-01-01 08:15:00,40.68316118700008,-73.97195531984677,45
G0001127,V0022,2025-01-01 08:15:00,40.731517567397674,-74.09595362463426,5
G0001128,V0017,2025-01-01 08:15:00,40.634443925667206,-73.98315640281236,39
G0001129,V0025,2025-01-01 08:15:00,40.66583210994996,-74.07027918269708,47
G0001130,V0046,2025-01-01 08:15:00,40.691625069386305,-74.02844469115296,17
G0001131,V0003,2025-01-01 08:15:00,40.77878815909167,-73.9750463876348,18
G0001132,V0020,2025-01-01 08:15:00,40.63287167185087,-73.93828426848894,41
G0001133,V0035,2025-01-01 08:15:00,40.79391661457011,-73.97098455246774,52
G0001134,V0042,2025-01-01 08:15:00,40.69980239699543,-74.09338209066586,52
G0001135,V0017,2025-01-01 08:15:00,40.65334612914411,-73.9499151817793,0
G0001136,V0050,2025-01-01 08:15:00,40.74426024336338,-74.04166152170315,11
G0001137,V0007,2025-01-01 08:15:00,40.69012415204521,-73.98980878084674,59
G0001138,V0028,2025-01-01 08:15:00,40.75507124633398,-74.00004714293624,29
G0001139,V0012,2025-01-01 08:15:00,40.61615160893095,-73.98202846572376,12
G0001140,V0011,2025-01-01 08:15:00,40.7902876835693,-74.04483272730178,57
G0001141,V0009,2025-01-01 08:15:00,40.73710782184602,-74.05158538393793,55
G0001142,V0005,2025-01-01 08:15:00,40.70386770654592,-74.01829083952296,5
G0001143,V0050,2025-01-01 08:15:00,40.758290039762734,-74.07054708906566,45
G0001144,V0019,2025-01-01 08:15:00,40.80928071144489,-74.0766283608973,0
G0001145,V0014,2025-01-01 08:15:00,40.79970549259703,-73.94389030353402,15
G0001146,V0046,2025-01-01 08:15:00,40.78875849285078,-73.96737039695233,5
G0001147,V0016,2025-01-01 08:15:00,40.62691530987724,-74.04560157167943,46
G0001148,V0021,2025-01-01 08:15:00,40.77247848189082,-73.92595298589296,28
G0001149,V0029,2025-01-01 08:15:00,40.79864859697231,-74.08619417937494,36
G0001150,V0028,2025-01-01 08:15:00,40.74523081186656,-74.0225474180535,37
G0001151,V0050,2025-01-01 08:15:00,40.775824017925096,-74.03367707196607,17
G0001152,V0044,2025-01-01 08:15:00,40.80483262193432,-74.0909884046774,32
G0001153,V0022,2025-01-01 08:15:00,40.80903596096331,-73.90625355873154,42
G0001154,V0008,2025-01-01 08:15:00,40.65694870111314,-73.98031669770708,0
G0001155,V0009,2025-01-01 08:15:00,40.77833423646655,-73.91657682309908,31
G0001156,V0010,2025-01-01 08:15:00,40.804195093479116,-74.03493539894079,19
G0001157,V0012,2025-01-01 08:15:00,40.71300005470037,-74.09745040005829,38
G0001158,V0015,2025-01-01 08:15:00,40.75413112255878,-74.02830080708956,32
G0001159,V0034,2025-01-01 08:15:00,40.787911786246376,-74.09333108094064,13
G0001160,V0019,2025-01-01 08:15:00,40.78518224517923,-73.97742501638325,56
G0001161,V0009,2025-01-01 08:15:00,40.70200039550591,-73.9839447690558,14
G0001162,V0014,2025-01-01 08:15:00,40.756879755504045,-74.09110145966298,1
G0001163,V0029,2025-01-01 08:15:00,40.72264165836432,-73.99732448660565,50
G0001164,V0046,2025-01-01 08:15:00,40.662361230703794,-73.95585416021963,3
G0001165,V0047,2025-01-01 08:15:00,40.68446506345557,-74.0168621622078,50
G0001166,V0039,2025-01-01 08:15:00,40.6501647264916,-74.03845252738755,58
G0001167,V0014,2025-01-01 08:15:00,40.654774355381825,-74.08690021729083,19
G0001168,V0018,2025-01-01 08:15:00,40.79260153752216,-73.97526408968378,11
G0001169,V0003,2025-01-01 08:15:00,40.67863110107518,-73.92587517026094,41
G0001170,V0005,2025-01-01 08:15:00,40.66044414927432,-74.01601919693454,16
G0001171,V0046,2025-01-01 08:15:00,40.65105388828086,-74.02242939627635,15
G0001172,V0026,2025-01-01 08:15:00,40.63292342547093,-74.01822670546444,33
G0001173,V0024,2025-01-01 08:15:00,40.80092995514101,-73.98733949564753,15
G0001174,V0035,2025-01-01 08:15:00,40.78084573878676,-74.04552179614713,32
G0001175,V0046,2025-01-01 08:15:00,40.793163746705225,-74.01234855979357,53
G0001176,V0041,2025-01-01 08:15:00,40.801100956329364,-73.96036655054236,39
G0001177,V0041,2025-01-01 08:15:00,40.75726124693576,-73.93106604382957,9
G0001178,V0045,2025-01-01 08:15:00,40.75281735516111,-73.99112992455777,5
G0001179,V0035,2025-01-01 08:15:00,40.756471905584384,-74.10361163408751,52
G0001180,V0028,2025-01-01 08:15:00,40.73001783271056,-74.10169187043772,3
G0001181,V0030,2025-01-01 08:15:00,40.765813875008696,-74.00253256671371,55
G0001182,V0040,2025-01-01 08:15:00,40.68077562355195,-73.92429135204196,29
G0001183,V0021,2025-01-01 08:15:00,40.69396899798565,-73.94564198858015,35
G0001184,V0046,2025-01-01 08:15:00,40.78538822518973,-74.0547537323622,6
G0001185,V0044,2025-01-01 08:15:00,40.68483167842578,-74.02357447992817,57
G0001186,V0040,2025-01-01 08:15:00,40.69562232632867,-73.96446565241394,49
G0001187,V0049,2025-01-01 08:15:00,40.767595000424755,-74.00988938041607,29
G0001188,V0019,2025-01-01 08:15:00,40.708611864318264,-74.0561278460772,8
G0001189,V0040,2025-01-01 08:15:00,40.79067776659538,-74.03037133994215,1
G0001190,V0026,2025-01-01 08:15:00,40.63685422115636,-73.93874859884487,2
G0001191,V0028,2025-01-01 08:15:00,40.63436639440877,-74.06622797413482,17
G0001192,V0045,2025-01-01 08:15:00,40.760080083520734,-74.04555431588028,39
G0001193,V0039,2025-01-01 08:15:00,40.72658589328705,-74.05425658558481,43
G0001194,V0049,2025-01-01 08:15:00,40.7753264957823,-73.9368222559602,13
G0001195,V0015,2025-01-01 08:15:00,40.70975945309185,-74.07967002127818,53
G0001196,V0013,2025-01-01 08:15:00,40.75343988957241,-74.01266669082693,10
G0001197,V0012,2025-01-01 08:15:00,40.80063307545659,-74.09505386239984,57
G0001198,V0004,2025-01-01 08:15:00,40.70159053619825,-74.01856134626792,4
G0001199,V0001,2025-01-01 08:15:00,40.72934300298553,-73.91304013180854,59
G0001200,V0021,2025-01-01 08:15:00,40.6961258211054,-74.07214593434259,28
G0001201,V0016,2025-01-01 08:15:00,40.61911999717482,-74.01136083060953,26
G0001202,V0048,2025-01-01 08:15:00,40.71509530976043,-74.00301686034496,6
G0001203,V0039,2025-01-01 08:15:00,40.70185207294697,-74.0897358404534,41
G0001204,V0004,2025-01-01 08:15:00,40.69187536606502,-73.94717493470031,35
G0001205,V0006,2025-01-01 08:15:00,40.63695729837299,-74.03525949385661,6
G0001206,V0032,2025-01-01 08:15:00,40.68279458357131,-73.95686099794398,43
G0001207,V0004,2025-01-01 08:15:00,40.65166213159608,-74.09328808214299,57
G0001208,V0045,2025-01-01 08:15:00,40.614073053577755,-74.05272447583457,35
G0001209,V0015,2025-01-01 08:15:00,40.75365703754395,-74.01447320115817,16
G0001210,V0041,2025-01-01 08:15:00,40.63621665906334,-74.02866518820673,30
G0001211,V0050,2025-01-01 08:15:00,40.62134458190294,-74.06589100735303,56
G0001212,V0019,2025-01-01 08:15:00,40.71835509204351,-73.91865555366108,9
G0001213,V0002,2025-01-01 08:15:00,40.7881662372483,-73.98922996729539,38
G0001214,V0040,2025-01-01 08:15:00,40.66959193118848,-73.98685162735632,14
G0001215,V0048,2025-01-01 08:15:00,40.63164435474971,-73.99579706060341,23
G0001216,V0001,2025-01-01 08:15:00,40.786210284763044,-74.00853853592832,24
G0001217,V0028,2025-01-01 08:15:00,40.79014273302925,-74.01542230620359,10
G0001218,V0026,2025-01-01 08:15:00,40.73507510016662,-74.10335890664216,4
G0001219,V0028,2025-01-01 08:15:00,40.72149169525218,-74.08671279455838,36
G0001220,V0044,2025-01-01 08:15:00,40.784735859335,-73.966151154041,13
G0001221,V0007,2025-01-01 08:15:00,40.733113927229525,-74.00182324261358,28
G0001222,V0024,2025-01-01 08:15:00,40.72232707235361,-74.09996012624133,13
G0001223,V0040,2025-01-01 08:15:00,40.693382679216235,-73.9573322423464,3
G0001224,V0010,2025-01-01 08:15:00,40.688525913645826,-73.90958773520794,42
G0001225,V0050,2025-01-01 08:15:00,40.78468133702195,-74.0505780882527,46
G0001226,V0040,2025-01-01 08:15:00,40.66176149388473,-73.94005003572835,24
G0001227,V0040,2025-01-01 08:15:00,40.61423377589492,-73.94899589871216,46
G0001228,V0030,2025-01-01 08:15:00,40.67870059633842,-74.10490378147811,42
G0001229,V0009,2025-01-01 08:15:00,40.63378760564948,-73.9592621671484,10
G0001230,V0014,2025-01-01 08:15:00,40.724410655017316,-73.99091042308102,51
G0001231,V0028,2025-01-01 08:15:00,40.699301841348756,-74.08590800683021,51
G0001232,V0038,2025-01-01 08:15:00,40.713672930162716,-73.98778469249879,38
G0001233,V0043,2025-01-01 08:15:00,40.711417006101826,-74.03391992440392,39
G0001234,V0013,2025-01-01 08:15:00,40.62776245333303,-73.94388916726886,10
G0001235,V0038,2025-01-01 08:15:00,40.78170332411065,-74.04714399786897,28
G0001236,V0034,2025-01-01 08:15:00,40.73467613613766,-73.94935489633772,58
G0001237,V0012,2025-01-01 08:15:00,40.754190941454816,-74.01313144177243,37
G0001238,V0041,2025-01-01 08:15:00,40.68586934284816,-74.06708730708097,5
G0001239,V0027,2025-01-01 08:15:00,40.658165164604895,-73.93457674530671,34
G0001240,V0010,2025-01-01 08:15:00,40.68126229158643,-74.08235714550996,16
G0001241,V0048,2025-01-01 08:15:00,40.75100214205439,-73.93551136264814,38
G0001242,V0018,2025-01-01 08:15:00,40.777770717916695,-74.07755745087144,52
G0001243,V0040,2025-01-01 08:15:00,40.78315931077458,-73.98989507803499,58
G0001244,V0043,2025-01-01 08:15:00,40.63714346976064,-73.93694519806168,32
G0001245,V0011,2025-01-01 08:15:00,40.727957121077786,-73.9945687804742,8
G0001246,V0005,2025-01-01 08:15:00,40.64557259967068,-74.09816030950704,21
G0001247,V0003,2025-01-01 08:15:00,40.682999867539735,-73.9838602804399,45
G0001248,V0019,2025-01-01 08:15:00,40.644814529795376,-73.91145618505374,0
G0001249,V0007,2025-01-01 08:15:00,40.725182018241085,-74.07864733476579,29
G0001250,V0013,2025-01-01 08:15:00,40.691734778305424,-73.9374570143579,53
G0001251,V0028,2025-01-01 08:15:00,40.68119919722596,-74.04304861471617,6
G0001252,V0043,2025-01-01 08:15:00,40.69589385924023,-74.03751215015195,13
G0001253,V0003,2025-01-01 08:15:00,40.79173423565635,-73.95992205197662,9
G0001254,V0032,2025-01-01 08:15:00,40.665101894929855,-73.92069374857459,2
G0001255,V0042,2025-01-01 08:15:00,40.78126434732092,-73.90847336773602,19
G0001256,V0027,2025-01-01 08:15:00,40.72527051381812,-74.08755887319397,45
G0001257,V0032,2025-01-01 08:15:00,40.6469568030845,-73.93195179079734,51
G0001258,V0025,2025-01-01 08:15:00,40.69442974333354,-74.08984513631108,1
G0001259,V0027,2025-01-01 08:15:00,40.80024736165983,-73.94033815993646,22
G0001260,V0021,2025-01-01 08:15:00,40.797889455800856,-73.94116055648908,42
G0001261,V0032,2025-01-01 08:15:00,40.77772586476395,-74.1032732404651,58
G0001262,V0013,2025-01-01 08:15:00,40.718250832417766,-74.09809114232867,54
G0001263,V0039,2025-01-01 08:15:00,40.672262627065855,-74.07049626586047,21
G0001264,V0040,2025-01-01 08:15:00,40.67964370660403,-74.00693030142862,36
G0001265,V0005,2025-01-01 08:15:00,40.79458631251661,-73.9416713800747,4
G0001266,V0003,2025-01-01 08:15:00,40.750570466367115,-74.07147508704983,1
G0001267,V0013,2025-01-01 08:15:00,40.8108587275445,-73.91842281090884,22
G0001268,V0017,2025-01-01 08:15:00,40.79654957176679,-74.0377722434056,36
G0001269,V0018,2025-01-01 08:15:00,40.79454605991405,-73.98969817663186,5
G0001270,V0036,2025-01-01 08:15:00,40.62794340779235,-74.08045477127735,5
G0001271,V0001,2025-01-01 08:15:00,40.791050509328954,-74.07628486988,29
G0001272,V0002,2025-01-01 08:15:00,40.75863838580739,-74.02449960015849,53
G0001273,V0008,2025-01-01 08:15:00,40.637133899615336,-73.91797535858107,60
G0001274,V0028,2025-01-01 08:15:00,40.74725466983147,-73.92187932424125,55
G0001275,V0046,2025-01-01 08:15:00,40.70402609806882,-74.06994041359197,36
G0001276,V0003,2025-01-01 08:15:00,40.71212186710807,-73.92693949128547,42
G0001277,V0038,2025-01-01 08:15:00,40.61924607343903,-73.95694199257643,25
G0001278,V0008,2025-01-01 08:15:00,40.64787918493614,-73.97058281435088,1
G0001279,V0015,2025-01-01 08:15:00,40.62485730882989,-73.9728978732279,52
G0001280,V0003,2025-01-01 08:15:00,40.64064557201577,-74.05825978443427,48
G0001281,V0044,2025-01-01 08:15:00,40.71605231817713,-73.96594697373787,55
G0001282,V0001,2025-01-01 08:15:00,40.70937086301303,-74.07652280853272,1
G0001283,V0024,2025-01-01 08:15:00,40.659556609862186,-73.94247834619695,2
G0001284,V0019,2025-01-01 08:15:00,40.652264484366036,-74.07926957034009,0
G0001285,V0009,2025-01-01 08:15:00,40.78830741096792,-74.04451099184566,45
G0001286,V0049,2025-01-01 08:15:00,40.747433891122476,-74.00457566131966,3
G0001287,V0002,2025-01-01 08:15:00,40.750538053823824,-73.92377766783456,25
G0001288,V0043,2025-01-01 08:15:00,40.69290491415696,-74.08926604641785,20
G0001289,V0007,2025-01-01 08:15:00,40.70209121237884,-73.96934773881836,59
G0001290,V0020,2025-01-01 08:15:00,40.6442564346947,-73.99495323788524,2
G0001291,V0048,2025-01-01 08:15:00,40.80849691673585,-74.04290772022341,46
G0001292,V0032,2025-01-01 08:15:00,40.65215211409875,-74.05638462590333,27
G0001293,V0013,2025-01-01 08:15:00,40.66451981388381,-73.9123260324414,2
G0001294,V0010,2025-01-01 08:15:00,40.63261112756998,-74.07629651768508,46
G0001295,V0002,2025-01-01 08:15:00,40.753052553614594,-73.98234301918338,16
G0001296,V0006,2025-01-01 08:15:00,40.74505181219323,-74.04776312712704,0
G0001297,V0050,2025-01-01 08:15:00,40.7522372373231,-74.0204946344186,12
G0001298,V0003,2025-01-01 08:15:00,40.70347667412136,-73.96462996056056,21
G0001299,V0024,2025-01-01 08:15:00,40.80034718383298,-73.90668257717759,38
G0001300,V0046,2025-01-01 08:15:00,40.65828488731119,-74.03658477685867,59
G0001301,V0024,2025-01-01 08:15:00,40.66485918640212,-74.03442621928885,39
G0001302,V0042,2025-01-01 08:15:00,40.754863900135526,-73.91885065595643,38
G0001303,V0037,2025-01-01 08:15:00,40.749643246126,-74.07985213277126,54
G0001304,V0012,2025-01-01 08:15:00,40.75373758336351,-73.99535058098564,25
G0001305,V0034,2025-01-01 08:15:00,40.67697923514009,-74.01339463486822,20
G0001306,V0042,2025-01-01 08:15:00,40.61804167136819,-73.9823358994703,54
G0001307,V0027,2025-01-01 08:15:00,40.624075983286865,-73.91719422518449,46
G0001308,V0003,2025-01-01 08:15:00,40.76509831369313,-74.06763420055125,36
G0001309,V0009,2025-01-01 08:15:00,40.692113413316,-73.92956982245207,15
G0001310,V0007,2025-01-01 08:15:00,40.631979353597494,-74.10167731930404,11
G0001311,V0019,2025-01-01 08:15:00,40.63742313046545,-73.99713598189554,30
G0001312,V0047,2025-01-01 08:15:00,40.77602759014602,-74.0740675387903,40
G0001313,V0028,2025-01-01 08:15:00,40.65600214700009,-74.04180599204656,9
G0001314,V0030,2025-01-01 08:15:00,40.727589036204485,-74.00288736800053,51
G0001315,V0048,2025-01-01 08:15:00,40.62029899240543,-74.02047949832787,43
G0001316,V0034,2025-01-01 08:15:00,40.67902901622109,-74.09494491228453,1
G0001317,V0045,2025-01-01 08:15:00,40.783226535163834,-74.07302590636253,22
G0001318,V0029,2025-01-01 08:15:00,40.63002080537272,-73.98847140830782,28
G0001319,V0034,2025-01-01 08:15:00,40.80895428749926,-74.08116924370097,27
G0001320,V0039,2025-01-01 08:15:00,40.71526242508423,-73.95432623629284,33
G0001321,V0008,2025-01-01 08:15:00,40.68724860987653,-73.92587260886877,14
G0001322,V0004,2025-01-01 08:15:00,40.704691972188066,-74.07682863978343,60
G0001323,V0041,2025-01-01 08:15:00,40.73631251857539,-74.10383475968942,45
G0001324,V0010,2025-01-01 08:15:00,40.77239773381862,-73.95086927739845,37
G0001325,V0044,2025-01-01 08:15:00,40.781237545262655,-73.97577620786039,31
G0001326,V0002,2025-01-01 08:15:00,40.7104117916785,-74.09337543561634,39
G0001327,V0008,2025-01-01 08:15:00,40.677291529527174,-73.99800924866497,48
G0001328,V0045,2025-01-01 08:15:00,40.628514171258935,-74.03570328506729,27
G0001329,V0012,2025-01-01 08:15:00,40.738531975047806,-73.93516293846518,25
G0001330,V0039,2025-01-01 08:15:00,40.66027832184497,-73.9372065224619,52
G0001331,V0029,2025-01-01 08:15:00,40.7828311657446,-73.9432914153642,7
G0001332,V0010,2025-01-01 08:15:00,40.69042993722964,-73.92841013692771,6
G0001333,V0038,2025-01-01 08:15:00,40.798129613169195,-74.02993767775641,51
G0001334,V0028,2025-01-01 08:15:00,40.733018566969626,-74.02866334345896,19
G0001335,V0050,2025-01-01 08:15:00,40.65531154017552,-73.98173874619091,50
G0001336,V0036,2025-01-01 08:15:00,40.81026621328036,-74.0916847478048,1
G0001337,V0034,2025-01-01 08:15:00,40.711882120119625,-73.98979082505727,35
G0001338,V0022,2025-01-01 08:15:00,40.721823464717495,-73.97096213817012,1
G0001339,V0045,2025-01-01 08:15:00,40.70020361390915,-74.06513163391155,14
G0001340,V0007,2025-01-01 08:15:00,40.77857978763421,-73.9150028953894,24
G0001341,V0001,2025-01-01 08:15:00,40.745505744926206,-74.00470322288814,40
G0001342,V0047,2025-01-01 08:15:00,40.678591551657476,-73.9180415568111,44
G0001343,V0017,2025-01-01 08:15:00,40.688602476329955,-73.93664483044138,59
G0001344,V0029,2025-01-01 08:15:00,40.78291397324312,-73.94615314447063,8
G0001345,V0034,2025-01-01 08:15:00,40.75691754623323,-73.9828065474432,21
G0001346,V0032,2025-01-01 08:15:00,40.80954904472203,-73.92785202134435,24
G0001347,V0042,2025-01-01 08:15:00,40.77687037462251,-74.03498643365975,22
G0001348,V0012,2025-01-01 08:15:00,40.787368807193396,-74.09229049350104,56
G0001349,V0017,2025-01-01 08:15:00,40.614567187906886,-74.00633803611622,12
G0001350,V0028,2025-01-01 08:15:00,40.738895278914825,-73.98192204940152,37
G0001351,V0015,2025-01-01 08:15:00,40.72741052299111,-74.09753501205782,13
G0001352,V0033,2025-01-01 08:15:00,40.7349036929036,-73.95024029449384,0
G0001353,V0025,2025-01-01 08:15:00,40.7283757334896,-74.01505810304064,26
G0001354,V0027,2025-01-01 08:15:00,40.645820991299885,-74.02401603352213,5
G0001355,V0009,2025-01-01 08:15:00,40.69306293364891,-73.97896165000115,7
G0001356,V0026,2025-01-01 08:15:00,40.77567461372255,-73.91017685073882,42
G0001357,V0012,2025-01-01 08:15:00,40.731858342619994,-73.95368343605367,12
G0001358,V0003,2025-01-01 08:15:00,40.750578187678194,-74.05691402921784,40
G0001359,V0023,2025-01-01 08:15:00,40.77983679810062,-73.98482064805495,24
G0001360,V0036,2025-01-01 08:15:00,40.70194898809651,-74.08160407525111,24
G0001361,V0043,2025-01-01 08:15:00,40.793997086255125,-74.00799172028408,35
G0001362,V0038,2025-01-01 08:15:00,40.634723920457276,-74.05258764811428,33
G0001363,V0038,2025-01-01 08:15:00,40.68200451323111,-74.10363419052888,17
G0001364,V0001,2025-01-01 08:15:00,40.67121752687774,-73.95592368810503,46
G0001365,V0016,2025-01-01 08:15:00,40.62695807632961,-74.08147086273632,29
G0001366,V0040,2025-01-01 08:15:00,40.64467011150756,-73.9256300679108,1
G0001367,V0037,2025-01-01 08:15:00,40.80598153305299,-74.04844636415326,15
G0001368,V0041,2025-01-01 08:15:00,40.81164495407764,-73.9213990611315,40
G0001369,V0015,2025-01-01 08:15:00,40.771654227535606,-74.0471899092694,15
G0001370,V0028,2025-01-01 08:15:00,40.810256289676545,-74.02279063263319,58
G0001371,V0035,2025-01-01 08:15:00,40.71339092217686,-73.94991251229669,12
G0001372,V0012,2025-01-01 08:15:00,40.61785906260734,-73.94709418085975,54
G0001373,V0046,2025-01-01 08:15:00,40.69139727495165,-73.97874170094056,23
G0001374,V0030,2025-01-01 08:15:00,40.69519620792795,-74.05961093262495,23
G0001375,V0050,2025-01-01 08:15:00,40.69225737106517,-73.96656539771594,21
G0001376,V0018,2025-01-01 08:15:00,40.74974239138413,-74.10223383198722,14
G0001377,V0016,2025-01-01 08:15:00,40.63852802706223,-74.02118830482797,55
G0001378,V0048,2025-01-01 08:15:00,40.68265177351149,-74.03960925360431,52
G0001379,V0023,2025-01-01 08:15:00,40.797233001912836,-74.08891418671227,1
G0001380,V0014,2025-01-01 08:15:00,40.6165026229491,-74.10436636630513,27
G0001381,V0046,2025-01-01 08:15:00,40.63993273020941,-74.0076111949788,52
G0001382,V0005,2025-01-01 08:15:00,40.80347284033373,-74.07068876825856,36
G0001383,V0050,2025-01-01 08:15:00,40.675331245899216,-74.00515368060945,51
G0001384,V0028,2025-01-01 08:15:00,40.64420030493805,-73.95935201276178,51
G0001385,V0002,2025-01-01 08:15:00,40.67632131922505,-73.9734175619935,27
G0001386,V0024,2025-01-01 08:15:00,40.67932268739367,-74.05058453160066,0
G0001387,V0043,2025-01-01 08:15:00,40.753610900587255,-73.94079601701004,39
G0001388,V0014,2025-01-01 08:15:00,40.620118951833604,-73.98638969149624,23
G0001389,V0040,2025-01-01 08:15:00,40.75601771890585,-73.95884512990163,48
G0001390,V0015,2025-01-01 08:15:00,40.62156611480042,-74.03786384408654,38
G0001391,V0028,2025-01-01 08:15:00,40.668412281125796,-74.00275108071108,26
G0001392,V0004,2025-01-01 08:15:00,40.71010360642589,-73.91481076741498,43
G0001393,V0023,2025-01-01 08:15:00,40.616296496929394,-73.91062777106421,16
G0001394,V0025,2025-01-01 08:15:00,40.73675780132261,-74.0278136184534,48
G0001395,V0013,2025-01-01 08:15:00,40.764730668538235,-73.96951912420414,24
G0001396,V0021,2025-01-01 08:15:00,40.671987743363914,-74.02363452478708,17
G0001397,V0010,2025-01-01 08:15:00,40.6172446995713,-74.0448733079166,2
G0001398,V0018,2025-01-01 08:15:00,40.63516723593739,-74.0759249604015,28
G0001399,V0006,2025-01-01 08:15:00,40.791087157943416,-74.06588421953668,6
G0001400,V0036,2025-01-01 08:15:00,40.76574614217563,-74.0316847325037,15
G0001401,V0038,2025-01-01 08:15:00,40.750240381349144,-73.95565697841853,38
G0001402,V0033,2025-01-01 08:15:00,40.64855173241111,-73.98646716184882,40
G0001403,V0008,2025-01-01 08:15:00,40.77881321200247,-73.9146197477661,23
G0001404,V0012,2025-01-01 08:15:00,40.711025388195985,-74.08998294442023,23
G0001405,V0002,2025-01-01 08:15:00,40.79478862421284,-73.97747475307445,36
G0001406,V0019,2025-01-01 08:15:00,40.74913493892729,-74.0426112968695,22
G0001407,V0045,2025-01-01 08:15:00,40.74619561592679,-74.07061585069263,20
G0001408,V0015,2025-01-01 08:15:00,40.664462070123555,-73.92425471754608,56
G0001409,V0018,2025-01-01 08:15:00,40.72795062651385,-73.99729479864749,20
G0001410,V0033,2025-01-01 08:15:00,40.67274075548488,-74.0621822429076,7
G0001411,V0005,2025-01-01 08:15:00,40.707622745234005,-74.05159099713174,54
G0001412,V0015,2025-01-01 08:15:00,40.72605104682489,-73.96875106749114,46
G0001413,V0018,2025-01-01 08:15:00,40.638725457986084,-74.0599037809503,42
G0001414,V0010,2025-01-01 08:15:00,40.65641243526329,-73.91249842510102,20
G0001415,V0050,2025-01-01 08:15:00,40.72761130378843,-74.05161308220482,25
G0001416,V0009,2025-01-01 08:15:00,40.61407123427469,-73.97968683174665,40
G0001417,V0047,2025-01-01 08:15:00,40.770251023406544,-74.08000995593675,47
G0001418,V0043,2025-01-01 08:15:00,40.772710045038025,-73.93392024295704,55
G0001419,V0025,2025-01-01 08:15:00,40.73063833039584,-73.95786747438123,48
G0001420,V0035,2025-01-01 08:15:00,40.665184272459314,-74.07477142790715,41
G0001421,V0002,2025-01-01 08:15:00,40.696410856664684,-73.9907392546968,20
G0001422,V0026,2025-01-01 08:15:00,40.81198241545666,-73.95813131488245,30
G0001423,V0033,2025-01-01 08:15:00,40.76077234316844,-73.94680237636727,39
G0001424,V0033,2025-01-01 08:15:00,40.65509541666814,-73.93947934631731,39
G0001425,V0009,2025-01-01 08:15:00,40.697694400971905,-74.06611846321344,17
G0001426,V0011,2025-01-01 08:15:00,40.69611082426053,-73.97495379579269,46
G0001427,V0039,2025-01-01 08:15:00,40.623757634426276,-73.92594950792807,22
G0001428,V0038,2025-01-01 08:15:00,40.66986731250483,-74.04511893040565,31
G0001429,V0038,2025-01-01 08:15:00,40.78028676371468,-73.96472587570969,23
G0001430,V0030,2025-01-01 08:15:00,40.63735463808919,-73.90705511561094,49
G0001431,V0021,2025-01-01 08:15:00,40.67544060114707,-73.91128089617246,50
G0001432,V0046,2025-01-01 08:15:00,40.78772341965967,-74.02887511407798,26
G0001433,V0039,2025-01-01 08:15:00,40.76068414901482,-73.90613879186164,26
G0001434,V0005,2025-01-01 08:15:00,40.795459430900436,-73.93756989433297,23
G0001435,V0050,2025-01-01 08:15:00,40.80567651087132,-73.98939319042921,50
G0001436,V0029,2025-01-01 08:15:00,40.76046216365034,-73.93031396617047,0
G0001437,V0043,2025-01-01 08:15:00,40.67611191828416,-74.03903841176447,6
G0001438,V0044,2025-01-01 08:15:00,40.808957836104284,-73.97171928795834,4
G0001439,V0026,2025-01-01 08:15:00,40.76441447775402,-73.96075674867052,18
G0001440,V0003,2025-01-01 08:15:00,40.7937192668477,-73.94130260436171,21
G0001441,V0002,2025-01-01 08:15:00,40.66073877953661,-74.06722391405367,33
G0001442,V0014,2025-01-01 08:15:00,40.810844744668444,-73.98290489437966,16
G0001443,V0042,2025-01-01 08:15:00,40.74974808648578,-74.02723417828145,57
G0001444,V0042,2025-01-01 08:15:00,40.62109393691625,-73.91636853471681,53
G0001445,V0007,2025-01-01 08:15:00,40.749485581635824,-74.03943536108252,32
G0001446,V0034,2025-01-01 08:15:00,40.61859295356602,-74.0985612650272,9
G0001447,V0050,2025-01-01 08:15:00,40.78497199702717,-74.02135201325986,38
G0001448,V0028,2025-01-01 08:15:00,40.69265924273813,-74.0616929879706,58
G0001449,V0008,2025-01-01 08:15:00,40.690259563077255,-74.01479453577915,43
G0001450,V0002,2025-01-01 08:15:00,40.66276755646276,-74.04576498436009,58
G0001451,V0041,2025-01-01 08:15:00,40.781262821294575,-74.01869623977926,1
G0001452,V0042,2025-01-01 08:15:00,40.78564826374186,-73.96745574070214,44
G0001453,V0039,2025-01-01 08:15:00,40.80823012985563,-74.09774812113501,0
G0001454,V0008,2025-01-01 08:15:00,40.80308876949227,-73.99503337183795,0
G0001455,V0044,2025-01-01 08:15:00,40.70040200190064,-73.93313667228952,4
G0001456,V0049,2025-01-01 08:15:00,40.78479767780022,-73.97046520469236,1
G0001457,V0013,2025-01-01 08:15:00,40.65514932288007,-73.94151022911174,60
G0001458,V0009,2025-01-01 08:15:00,40.67293206783815,-74.05272269638415,15
G0001459,V0040,2025-01-01 08:15:00,40.688583335936414,-73.90609399181162,57
G0001460,V0031,2025-01-01 08:15:00,40.81138653532097,-73.91795118777651,7
G0001461,V0003,2025-01-01 08:15:00,40.65254160269458,-74.05038705556225,25
G0001462,V0016,2025-01-01 08:15:00,40.61639848916654,-73.93879337368301,39
G0001463,V0034,2025-01-01 08:15:00,40.759120800026444,-74.08945803167741,9
G0001464,V0006,2025-01-01 08:15:00,40.795710222048015,-74.05952735820138,32
G0001465,V0014,2025-01-01 08:15:00,40.74163090705648,-74.07679865898257,25
G0001466,V0022,2025-01-01 08:15:00,40.66652857104568,-74.06900058682226,60
G0001467,V0047,2025-01-01 08:15:00,40.78658154662525,-73.90696266950883,60
G0001468,V0029,2025-01-01 08:15:00,40.62263712165764,-74.05074581740088,1
G0001469,V0013,2025-01-01 08:15:00,40.80988931607405,-73.981591469967,22
G0001470,V0014,2025-01-01 08:15:00,40.755517184889555,-73.97615972761102,55
G0001471,V0049,2025-01-01 08:15:00,40.73241950630684,-73.95290751196112,6
G0001472,V0009,2025-01-01 08:15:00,40.78030496437053,-73.91859549547105,35
G0001473,V0020,2025-01-01 08:15:00,40.672370503632926,-74.08874999726355,35
G0001474,V0019,2025-01-01 08:15:00,40.68735549414764,-74.06946230888369,43
G0001475,V0037,2025-01-01 08:15:00,40.687667734692724,-74.09886508913635,16
G0001476,V0031,2025-01-01 08:15:00,40.68872494702462,-74.06597135998143,37
G0001477,V0016,2025-01-01 08:15:00,40.747140688940995,-74.05755927661973,20
G0001478,V0042,2025-01-01 08:15:00,40.78939205394278,-73.957179573389,14
G0001479,V0050,2025-01-01 08:15:00,40.73955952060253,-74.0578307714512,53
G0001480,V0017,2025-01-01 08:15:00,40.63823505669686,-73.96313485451378,60
G0001481,V0013,2025-01-01 08:15:00,40.765899296790934,-73.96103226374052,59
G0001482,V0007,2025-01-01 08:15:00,40.76315301599076,-74.04116641860092,51
G0001483,V0044,2025-01-01 08:15:00,40.618321573269185,-74.05873319860257,10
G0001484,V0015,2025-01-01 08:15:00,40.74722303140411,-74.00983118632114,13
G0001485,V0028,2025-01-01 08:15:00,40.74374129233933,-73.91712710592182,24
G0001486,V0002,2025-01-01 08:15:00,40.79267226970375,-73.90624088386652,51
G0001487,V0006,2025-01-01 08:15:00,40.65700927489239,-74.01703941768847,22
G0001488,V0016,2025-01-01 08:15:00,40.75510063931069,-74.08572843178555,42
G0001489,V0049,2025-01-01 08:15:00,40.78842596221891,-74.01166491586255,32
G0001490,V0038,2025-01-01 08:15:00,40.712798407815164,-74.06623199493123,23
G0001491,V0001,2025-01-01 08:15:00,40.61472582109879,-73.91775131485413,11
G0001492,V0037,2025-01-01 08:15:00,40.811218637266286,-74.00223135224269,45
G0001493,V0015,2025-01-01 08:15:00,40.795630704968396,-74.0895562687373,13
G0001494,V0008,2025-01-01 08:15:00,40.65106094129332,-73.97549554080129,31
G0001495,V0033,2025-01-01 08:15:00,40.77611642819374,-73.92245841613968,11
G0001496,V0017,2025-01-01 08:15:00,40.638770860956534,-73.96017945956305,24
G0001497,V0036,2025-01-01 08:15:00,40.62264372626685,-74.02178327690199,32
G0001498,V0042,2025-01-01 08:15:00,40.720520421326725,-74.01449473854274,16
G0001499,V0013,2025-01-01 08:15:00,40.627203655873004,-74.09025563479553,32
G0001500,V0017,2025-01-01 08:15:00,40.74548985444327,-73.94520954645445,6
G0001501,V0024,2025-01-01 08:15:00,40.66431833191583,-73.93687194185499,59
G0001502,V0026,2025-01-01 08:15:00,40.72245357302991,-73.9923491676258,46
G0001503,V0024,2025-01-01 08:15:00,40.810312857219316,-74.09159538594565,54
G0001504,V0007,2025-01-01 08:15:00,40.621928726937035,-74.04855050336755,53
G0001505,V0048,2025-01-01 08:15:00,40.63994323939353,-73.96730604381547,43
G0001506,V0018,2025-01-01 08:15:00,40.780913131203256,-74.08432334541708,1
G0001507,V0018,2025-01-01 08:15:00,40.68910740083415,-74.01870841684064,34
G0001508,V0050,2025-01-01 08:15:00,40.71608202890564,-74.02847926812265,6
G0001509,V0029,2025-01-01 08:15:00,40.658215827065845,-74.07703189374128,1
G0001510,V0035,2025-01-01 08:15:00,40.73102007896981,-74.02911804022665,11
G0001511,V0006,2025-01-01 08:15:00,40.72450303157753,-74.05066016298787,41
G0001512,V0039,2025-01-01 08:15:00,40.78446439806392,-74.03519595990971,53
G0001513,V0030,2025-01-01 08:15:00,40.719263063511804,-73.94318437772046,57
G0001514,V0006,2025-01-01 08:15:00,40.61295738526839,-73.96376745045066,33
G0001515,V0025,2025-01-01 08:15:00,40.71138868491441,-74.06887026250243,26
G0001516,V0031,2025-01-01 08:15:00,40.66183505209835,-73.93656780315918,13
G0001517,V0016,2025-01-01 08:15:00,40.65042368229027,-73.93165541048891,0
G0001518,V0014,2025-01-01 08:15:00,40.775959642431324,-74.06274494413402,32
G0001519,V0026,2025-01-01 08:15:00,40.80499448754914,-73.9598802465583,5
G0001520,V0045,2025-01-01 08:15:00,40.67605620777542,-74.0767667634043,43
G0001521,V0033,2025-01-01 08:15:00,40.76478924679884,-73.92536117810432,60
G0001522,V0047,2025-01-01 08:15:00,40.63407922217963,-74.0619713631996,32
G0001523,V0048,2025-01-01 08:15:00,40.688727500820875,-74.09202172535306,47
G0001524,V0028,2025-01-01 08:15:00,40.71077211272716,-73.95386670727316,30
G0001525,V0013,2025-01-01 08:15:00,40.65674652956473,-73.91646311433729,53
G0001526,V0018,2025-01-01 08:15:00,40.737499958732975,-73.93301295597352,18
G0001527,V0014,2025-01-01 08:15:00,40.641750401895024,-73.92769577792103,41
G0001528,V0040,2025-01-01 08:15:00,40.625236723256386,-73.92576814586799,53
G0001529,V0009,2025-01-01 08:15:00,40.72136231116839,-73.94177411025926,46
G0001530,V0003,2025-01-01 08:15:00,40.76238658969609,-74.03495358853773,47
G0001531,V0047,2025-01-01 08:15:00,40.668780059736456,-74.01444867067346,11
G0001532,V0024,2025-01-01 08:15:00,40.76074011476828,-74.03366587289447,6
G0001533,V0021,2025-01-01 08:15:00,40.719299184117624,-73.94673447272677,24
G0001534,V0024,2025-01-01 08:15:00,40.642759541556956,-74.05013681037583,36
G0001535,V0046,2025-01-01 08:15:00,40.66491112862222,-74.09537761873493,2
G0001536,V0006,2025-01-01 08:15:00,40.677467479854315,-73.93768363469323,10
G0001537,V0023,2025-01-01 08:15:00,40.69243073969881,-73.95162587078063,11
G0001538,V0012,2025-01-01 08:15:00,40.708845031787604,-74.05986893421178,47
G0001539,V0018,2025-01-01 08:15:00,40.76737094894728,-74.08248469377352,41
G0001540,V0046,2025-01-01 08:15:00,40.71857087063224,-74.0103713172103,24
G0001541,V0020,2025-01-01 08:15:00,40.62623806128791,-74.08612635440458,55
G0001542,V0036,2025-01-01 08:15:00,40.67232171950566,-74.02601936191576,54
G0001543,V0038,2025-01-01 08:15:00,40.80808680658009,-74.10422104454985,59
G0001544,V0013,2025-01-01 08:15:00,40.79076304058772,-73.96581670395231,45
G0001545,V0010,2025-01-01 08:15:00,40.69319730262697,-73.96325587592662,36
G0001546,V0029,2025-01-01 08:15:00,40.76838030540445,-73.98318438516408,5
G0001547,V0016,2025-01-01 08:15:00,40.62453817348889,-73.96988239513165,34
G0001548,V0038,2025-01-01 08:15:00,40.75506385243935,-73.96628580241183,21
G0001549,V0019,2025-01-01 08:15:00,40.731933501404875,-73.94745666775508,52
G0001550,V0020,2025-01-01 08:15:00,40.752396317365076,-74.00294647125698,58
G0001551,V0014,2025-01-01 08:15:00,40.616726040170015,-74.08209441656581,16
G0001552,V0020,2025-01-01 08:15:00,40.69625095134756,-73.9824631983203,18
G0001553,V0001,2025-01-01 08:15:00,40.7108315621934,-73.93742917281037,23
G0001554,V0006,2025-01-01 08:15:00,40.73085998373213,-74.08101926970626,34
G0001555,V0041,2025-01-01 08:15:00,40.76783847878076,-73.94410430565053,10
G0001556,V0006,2025-01-01 08:15:00,40.61326966147966,-73.94344473381878,59
G0001557,V0045,2025-01-01 08:15:00,40.68301539457906,-73.9362377012435,27
G0001558,V0011,2025-01-01 08:15:00,40.62580716272444,-73.93425904420864,20
G0001559,V0042,2025-01-01 08:15:00,40.72138491030713,-73.93683981146708,25
G0001560,V0014,2025-01-01 08:15:00,40.68700959783928,-74.01911027217321,33
G0001561,V0036,2025-01-01 08:15:00,40.65350619500928,-74.08854260552528,19
G0001562,V0043,2025-01-01 08:15:00,40.67484327465292,-74.03595439436673,2
G0001563,V0034,2025-01-01 08:15:00,40.76641306899185,-74.09855282699661,31
G0001564,V0024,2025-01-01 08:15:00,40.67632613268243,-74.02195216585076,36
G0001565,V0024,2025-01-01 08:15:00,40.69202650545246,-74.01925859204366,38
G0001566,V0010,2025-01-01 08:15:00,40.68953227411274,-74.09661144027295,53
G0001567,V0049,2025-01-01 08:15:00,40.76737274445536,-73.95212075141953,4
G0001568,V0007,2025-01-01 08:15:00,40.75405666397048,-73.98236545671746,46
G0001569,V0002,2025-01-01 08:15:00,40.72610139718855,-74.03401900856875,34
G0001570,V0038,2025-01-01 08:15:00,40.61951276783914,-73.93204628521187,8
G0001571,V0019,2025-01-01 08:15:00,40.66357614791475,-74.05912690636926,14
G0001572,V0045,2025-01-01 08:15:00,40.61562885202202,-74.02414117503305,58
G0001573,V0001,2025-01-01 08:15:00,40.70309890145711,-73.94184217641435,31
G0001574,V0010,2025-01-01 08:15:00,40.617345727781206,-73.92369512607065,26
G0001575,V0006,2025-01-01 08:15:00,40.78141941865303,-73.94963480033661,41
G0001576,V0008,2025-01-01 08:15:00,40.76407717708587,-74.01337703815382,2
G0001577,V0020,2025-01-01 08:15:00,40.7882309374884,-73.95801563699321,22
G0001578,V0049,2025-01-01 08:15:00,40.779982862849636,-73.94833832589694,29
G0001579,V0038,2025-01-01 08:15:00,40.78108263440136,-73.9387115960572,24
G0001580,V0003,2025-01-01 08:15:00,40.71694490122609,-73.9526285085909,45
G0001581,V0049,2025-01-01 08:15:00,40.77265690709422,-74.03241166396778,45
G0001582,V0011,2025-01-01 08:15:00,40.777411063441505,-73.9220025686909,29
G0001583,V0040,2025-01-01 08:15:00,40.682979382300815,-73.9133493818536,8
G0001584,V0048,2025-01-01 08:15:00,40.77464391235141,-74.01667672687451,17
G0001585,V0012,2025-01-01 08:15:00,40.73633784462508,-74.02372374052187,27
G0001586,V0011,2025-01-01 08:15:00,40.79126454711219,-74.09877633351988,39
G0001587,V0045,2025-01-01 08:15:00,40.70197158263931,-74.01014240905776,10
G0001588,V0013,2025-01-01 08:15:00,40.62046041534184,-74.09267515766291,36
G0001589,V0016,2025-01-01 08:15:00,40.74274476376456,-73.93645377808411,8
G0001590,V0039,2025-01-01 08:15:00,40.624654716093346,-74.08920342933392,50
G0001591,V0001,2025-01-01 08:15:00,40.774073118652225,-73.93556009753246,38
G0001592,V0019,2025-01-01 08:15:00,40.71169154386243,-74.07409314133253,2
G0001593,V0020,2025-01-01 08:15:00,40.76721332918707,-74.05873924149843,16
G0001594,V0045,2025-01-01 08:15:00,40.711266764032885,-74.01730898633207,51
G0001595,V0014,2025-01-01 08:15:00,40.68697815305435,-73.9066168311418,30
G0001596,V0030,2025-01-01 08:15:00,40.78933062140222,-73.93429104052605,24
G0001597,V0011,2025-01-01 08:15:00,40.76215961100255,-73.99435990011968,56
G0001598,V0043,2025-01-01 08:15:00,40.78174453236527,-74.03342928012046,24
G0001599,V0040,2025-01-01 08:15:00,40.760217947975036,-73.94371144083865,28
G0001600,V0049,2025-01-01 08:15:00,40.65179671365591,-73.91011903255658,44
G0001601,V0009,2025-01-01 08:15:00,40.72502082331425,-73.94631421037133,23
G0001602,V0013,2025-01-01 08:15:00,40.67747507209464,-74.02890149429793,20
G0001603,V0033,2025-01-01 08:15:00,40.62336393827654,-74.05917560047816,19
G0001604,V0012,2025-01-01 08:15:00,40.810767267144854,-73.91275870118024,38
G0001605,V0026,2025-01-01 08:15:00,40.80626748805345,-74.03617351716629,46
G0001606,V0033,2025-01-01 08:15:00,40.68193421098723,-73.99073344178777,52
G0001607,V0039,2025-01-01 08:15:00,40.68517698724661,-74.10474537841652,54
G0001608,V0029,2025-01-01 08:15:00,40.72859813993077,-73.95989586197345,33
G0001609,V0015,2025-01-01 08:15:00,40.71518619628279,-74.10120617184533,54
G0001610,V0046,2025-01-01 08:15:00,40.67283297171433,-74.05107195571799,27
G0001611,V0038,2025-01-01 08:15:00,40.73858794530908,-74.08387179945467,27
G0001612,V0005,2025-01-01 08:15:00,40.71760403159315,-74.09731845305268,59
G0001613,V0024,2025-01-01 08:15:00,40.69010379868467,-74.09257802984699,37
G0001614,V0041,2025-01-01 08:15:00,40.692743499255435,-74.0470662206332,25
G0001615,V0003,2025-01-01 08:15:00,40.73210000789432,-74.03485381817995,39
G0001616,V0036,2025-01-01 08:15:00,40.64965146519551,-73.97118476344028,10
G0001617,V0018,2025-01-01 08:15:00,40.66510865753557,-73.95884223634711,18
G0001618,V0046,2025-01-01 08:15:00,40.6442358275848,-74.05472732844952,11
G0001619,V0044,2025-01-01 08:15:00,40.70364645108859,-74.08926542417763,30
G0001620,V0010,2025-01-01 08:15:00,40.737172699701745,-74.04215261447007,44
G0001621,V0029,2025-01-01 08:15:00,40.701698649058656,-74.07666805453022,42
G0001622,V0010,2025-01-01 08:15:00,40.703439514914805,-74.06937893750624,41
G0001623,V0027,2025-01-01 08:15:00,40.69276081152366,-74.09891959308945,36
G0001624,V0006,2025-01-01 08:15:00,40.678197611846834,-73.99800584316623,13
G0001625,V0047,2025-01-01 08:15:00,40.770716325268815,-74.01798291193795,15
G0001626,V0041,2025-01-01 08:15:00,40.783511623278805,-74.01662497668936,56
G0001627,V0039,2025-01-01 08:15:00,40.722319000027845,-73.98763562943654,27
G0001628,V0009,2025-01-01 08:15:00,40.61836429445334,-74.0627309668414,53
G0001629,V0026,2025-01-01 08:15:00,40.645176322384806,-73.95811426118168,46
G0001630,V0003,2025-01-01 08:15:00,40.806390465037744,-74.00048972147876,46
G0001631,V0036,2025-01-01 08:15:00,40.69091732617927,-74.07681492735888,7
G0001632,V0006,2025-01-01 08:15:00,40.79915788958922,-74.04438184931621,58
G0001633,V0048,2025-01-01 08:15:00,40.67028564461619,-74.06059936510032,45
G0001634,V0023,2025-01-01 08:15:00,40.70654351327276,-74.07926812380025,59
G0001635,V0022,2025-01-01 08:15:00,40.76619763342494,-74.04362770839437,19
G0001636,V0032,2025-01-01 08:15:00,40.62792439365429,-74.0185772653093,50
G0001637,V0021,2025-01-01 08:15:00,40.67216159885976,-73.91917391514573,25
G0001638,V0007,2025-01-01 08:15:00,40.69501764582587,-73.93767632985613,39
G0001639,V0022,2025-01-01 08:15:00,40.79691955341337,-74.05380476890211,41
G0001640,V0048,2025-01-01 08:15:00,40.764038954531365,-73.97196922134776,57
G0001641,V0021,2025-01-01 08:15:00,40.7345123159321,-73.91309297193976,57
G0001642,V0020,2025-01-01 08:15:00,40.65977135408385,-73.95186258353634,45
G0001643,V0004,2025-01-01 08:15:00,40.62688760876689,-73.98771783347551,38
G0001644,V0018,2025-01-01 08:15:00,40.64470425238133,-73.96032659552496,28
G0001645,V0013,2025-01-01 08:15:00,40.70438998993483,-74.09254287192992,12
G0001646,V0045,2025-01-01 08:15:00,40.69098316116775,-74.04551367055066,30
G0001647,V0001,2025-01-01 08:15:00,40.75987282527189,-74.05466255877961,9
G0001648,V0048,2025-01-01 08:15:00,40.716295499220614,-73.90754788918434,49
G0001649,V0002,2025-01-01 08:15:00,40.797453026505316,-73.94368456540796,39
G0001650,V0011,2025-01-01 08:15:00,40.802843357543615,-74.04037750486212,57
G0001651,V0017,2025-01-01 08:15:00,40.75149045276163,-74.00493218061183,58
G0001652,V0039,2025-01-01 08:15:00,40.756551127854635,-73.95238088420149,10
G0001653,V0007,2025-01-01 08:15:00,40.79862378609827,-74.00872618283275,17
G0001654,V0013,2025-01-01 08:15:00,40.679932792596084,-73.98014197606541,17
G0001655,V0040,2025-01-01 08:15:00,40.689845176596435,-74.02698914723307,55
G0001656,V0006,2025-01-01 08:15:00,40.8009074796598,-74.01554585125814,7
G0001657,V0013,2025-01-01 08:15:00,40.624764234592064,-74.04814588394227,55
G0001658,V0009,2025-01-01 08:15:00,40.77371736312583,-74.07995265507883,0
G0001659,V0046,2025-01-01 08:15:00,40.65555530354785,-74.01741836377036,41
G0001660,V0038,2025-01-01 08:15:00,40.645071882738506,-74.00706747312906,30
G0001661,V0005,2025-01-01 08:15:00,40.723770064973294,-74.06662804480479,30
G0001662,V0028,2025-01-01 08:15:00,40.64889944860454,-74.0713331447619,27
G0001663,V0024,2025-01-01 08:15:00,40.79211250539778,-74.03280250602592,23
G0001664,V0001,2025-01-01 08:15:00,40.73499723643015,-73.91984569584658,5
G0001665,V0013,2025-01-01 08:15:00,40.710230771069895,-74.00677703123004,49
G0001666,V0049,2025-01-01 08:15:00,40.659804079614474,-74.03390545319355,23
G0001667,V0035,2025-01-01 08:15:00,40.780900933634996,-74.09940969706433,22
G0001668,V0033,2025-01-01 08:15:00,40.755672079473584,-74.04735373735676,59
G0001669,V0006,2025-01-01 08:15:00,40.76609179877027,-74.03193576080855,14
G0001670,V0045,2025-01-01 08:15:00,40.76208128847976,-74.00323919826818,33
G0001671,V0042,2025-01-01 08:15:00,40.71647171756826,-74.01246990738012,57
G0001672,V0025,2025-01-01 08:15:00,40.647136895543305,-74.01970392955958,18
G0001673,V0029,2025-01-01 08:15:00,40.79709706103395,-73.97984252165443,54
G0001674,V0048,2025-01-01 08:15:00,40.73255869047441,-73.97522856722846,4
G0001675,V0020,2025-01-01 08:15:00,40.636132528657704,-74.05908381339462,26
G0001676,V0018,2025-01-01 08:15:00,40.683443398761526,-73.94444228291742,49
G0001677,V0034,2025-01-01 08:15:00,40.71486648245038,-73.96800470636354,49
G0001678,V0023,2025-01-01 08:15:00,40.63736273114582,-73.93750029065437,54
G0001679,V0027,2025-01-01 08:15:00,40.76780827166933,-74.03716576974016,32
G0001680,V0004,2025-01-01 08:15:00,40.673726685840236,-74.0603181278316,48
G0001681,V0019,2025-01-01 08:15:00,40.657331481635545,-73.94329328357907,19
G0001682,V0034,2025-01-01 08:15:00,40.66782902477997,-74.03916590298809,6
G0001683,V0015,2025-01-01 08:15:00,40.80993942535572,-73.91697569263602,45
G0001684,V0002,2025-01-01 08:15:00,40.666283229487476,-73.98178726325243,51
G0001685,V0025,2025-01-01 08:15:00,40.644595721971555,-73.96737232700421,18
G0001686,V0032,2025-01-01 08:15:00,40.763353677858504,-73.91026557673406,55
G0001687,V0012,2025-01-01 08:15:00,40.7218878404308,-74.08610909533351,44
G0001688,V0021,2025-01-01 08:15:00,40.65253693783097,-73.93560363016,44
G0001689,V0022,2025-01-01 08:15:00,40.65782916815679,-73.93832486425103,23
G0001690,V0023,2025-01-01 08:15:00,40.801406486396175,-74.05656728379499,28
G0001691,V0044,2025-01-01 08:15:00,40.62284011798739,-73.95297402875408,41
G0001692,V0044,2025-01-01 08:15:00,40.786940913083306,-74.05166679152083,42
G0001693,V0041,2025-01-01 08:15:00,40.79192247639054,-73.92521112308795,18
G0001694,V0039,2025-01-01 08:15:00,40.63540507865787,-73.9221196663155,53
G0001695,V0001,2025-01-01 08:15:00,40.805102643938234,-73.96043382765531,44
G0001696,V0026,2025-01-01 08:15:00,40.76146860779709,-73.99746759979674,8
G0001697,V0032,2025-01-01 08:15:00,40.65438662794211,-73.91269096239479,47
G0001698,V0034,2025-01-01 08:15:00,40.806362902127645,-74.05499330720043,36
G0001699,V0046,2025-01-01 08:15:00,40.64289396668966,-73.98079947478439,47
G0001700,V0019,2025-01-01 08:15:00,40.64003805116126,-73.9879247012263,37
G0001701,V0025,2025-01-01 08:15:00,40.72081310662659,-73.93702046577936,25
G0001702,V0050,2025-01-01 08:15:00,40.72361766309292,-74.05720155228681,14
G0001703,V0012,2025-01-01 08:15:00,40.69099120763912,-73.95867534965086,45
G0001704,V0008,2025-01-01 08:15:00,40.74201546120129,-74.09035741929193,5
G0001705,V0050,2025-01-01 08:15:00,40.6418795199672,-74.04632813734652,19
G0001706,V0028,2025-01-01 08:15:00,40.68912984090456,-73.91957807571673,54
G0001707,V0016,2025-01-01 08:15:00,40.727090531379396,-74.05361169679315,10
G0001708,V0012,2025-01-01 08:15:00,40.76481884257431,-74.07576599589704,7
G0001709,V0013,2025-01-01 08:15:00,40.66102565135929,-73.94660114035871,57
G0001710,V0041,2025-01-01 08:15:00,40.76141968714548,-74.03097358023501,6
G0001711,V0005,2025-01-01 08:15:00,40.81242257118043,-73.95042961731792,43
G0001712,V0032,2025-01-01 08:15:00,40.767324909702126,-73.94681946742242,35
G0001713,V0050,2025-01-01 08:15:00,40.804227545282195,-74.06509782140925,59
G0001714,V0004,2025-01-01 08:15:00,40.74144887246911,-73.9900799806137,50
G0001715,V0030,2025-01-01 08:15:00,40.806785197195225,-74.08141266497728,7
G0001716,V0040,2025-01-01 08:15:00,40.70434785683457,-73.9222082994916,46
G0001717,V0015,2025-01-01 08:15:00,40.6794482588439,-74.06152990037833,51
G0001718,V0042,2025-01-01 08:15:00,40.64170745607938,-74.01542651598373,23
G0001719,V0002,2025-01-01 08:15:00,40.646912201377795,-74.09360521727731,16
G0001720,V0014,2025-01-01 08:15:00,40.67515741940974,-73.99651741486245,28
G0001721,V0013,2025-01-01 08:15:00,40.784561404609455,-74.01674804999908,11
G0001722,V0026,2025-01-01 08:15:00,40.739073183126045,-74.04245493958463,54
G0001723,V0025,2025-01-01 08:15:00,40.718447166939775,-74.03040452186441,60
G0001724,V0014,2025-01-01 08:15:00,40.743570336871635,-74.05453138089194,53
G0001725,V0038,2025-01-01 08:15:00,40.79796440468035,-74.01845872684068,15
G0001726,V0003,2025-01-01 08:15:00,40.64028174634643,-73.99624343065405,19
G0001727,V0041,2025-01-01 08:15:00,40.636725997230236,-74.03721345711368,39
G0001728,V0029,2025-01-01 08:15:00,40.62460777442419,-74.04168730240293,49
G0001729,V0043,2025-01-01 08:15:00,40.672045538502125,-74.08866489660241,40
G0001730,V0009,2025-01-01 08:15:00,40.80472276338562,-74.03746953283566,51
G0001731,V0017,2025-01-01 08:15:00,40.79292039812175,-74.02410968101358,1
G0001732,V0029,2025-01-01 08:15:00,40.67850533667267,-74.0487481107152,53
G0001733,V0023,2025-01-01 08:15:00,40.6473936688929,-73.97014324650002,46
G0001734,V0045,2025-01-01 08:15:00,40.78829056585653,-73.97420554041409,22
G0001735,V0030,2025-01-01 08:15:00,40.72992502853376,-74.09676488501684,39
G0001736,V0034,2025-01-01 08:15:00,40.64740054119857,-74.0768520696525,14
G0001737,V0044,2025-01-01 08:15:00,40.63066443326601,-74.08236794258947,51
G0001738,V0027,2025-01-01 08:15:00,40.64046227765458,-73.9571500986355,44
G0001739,V0049,2025-01-01 08:15:00,40.73813483033168,-74.08371688409831,17
G0001740,V0025,2025-01-01 08:15:00,40.734578766150214,-73.99687545142652,33
G0001741,V0044,2025-01-01 08:15:00,40.63742223587307,-74.0364158143967,23
G0001742,V0019,2025-01-01 08:15:00,40.673964951106406,-74.06908322157577,2
G0001743,V0047,2025-01-01 08:15:00,40.738593234933006,-74.06025803562056,59
G0001744,V0048,2025-01-01 08:15:00,40.77580099287392,-73.94391688102769,40
G0001745,V0012,2025-01-01 08:15:00,40.6184238076195,-73.92598245768265,54
G0001746,V0038,2025-01-01 08:15:00,40.62296819634912,-73.99492580490637,50
G0001747,V0003,2025-01-01 08:15:00,40.636661182357194,-73.92914157973038,15
G0001748,V0049,2025-01-01 08:15:00,40.79406575913014,-73.99252794941506,9
G0001749,V0039,2025-01-01 08:15:00,40.80400739683718,-74.04575832243378,47
G0001750,V0021,2025-01-01 08:15:00,40.62943472648568,-73.94493644576923,0
G0001751,V0025,2025-01-01 08:15:00,40.63679639648763,-74.01134026716836,18
G0001752,V0019,2025-01-01 08:15:00,40.73779718381368,-73.96764513509171,31
G0001753,V0004,2025-01-01 08:15:00,40.633225197969274,-73.91499890392433,57
G0001754,V0026,2025-01-01 08:15:00,40.78345910178473,-74.03555610068933,6
G0001755,V0033,2025-01-01 08:15:00,40.659846285049895,-73.90790285314533,27
G0001756,V0020,2025-01-01 08:15:00,40.756785398996975,-73.9135459174287,9
G0001757,V0021,2025-01-01 08:15:00,40.651998510487275,-74.07995991471158,17
G0001758,V0043,2025-01-01 08:15:00,40.75290994847782,-74.03114877669911,6
G0001759,V0030,2025-01-01 08:15:00,40.68354064855771,-74.00025025367931,38
G0001760,V0028,2025-01-01 08:15:00,40.759194971403765,-73.94010657195021,54
G0001761,V0014,2025-01-01 08:15:00,40.635079133672775,-74.07154001482776,41
G0001762,V0044,2025-01-01 08:15:00,40.70790837576986,-73.94908021124094,1
G0001763,V0009,2025-01-01 08:15:00,40.65827295835287,-74.07731581926792,24
G0001764,V0040,2025-01-01 08:15:00,40.61958602414659,-73.99858732327756,27
G0001765,V0049,2025-01-01 08:15:00,40.75580220406474,-74.0811252965147,57
G0001766,V0013,2025-01-01 08:15:00,40.649971359351895,-73.94220151232844,4
G0001767,V0033,2025-01-01 08:15:00,40.72081317163161,-74.06811010347087,33
G0001768,V0019,2025-01-01 08:15:00,40.71614197975991,-73.98682376074767,37
G0001769,V0008,2025-01-01 08:15:00,40.77941496358324,-73.95467541952836,37
G0001770,V0017,2025-01-01 08:15:00,40.71061979643448,-73.95828886764417,2
G0001771,V0026,2025-01-01 08:15:00,40.72374318074231,-74.10312701246104,12
G0001772,V0022,2025-01-01 08:15:00,40.78762773292995,-74.10456825138193,17
G0001773,V0013,2025-01-01 08:15:00,40.752983082150166,-74.01025302664196,50
G0001774,V0032,2025-01-01 08:15:00,40.79860879295364,-74.06083744823833,26
G0001775,V0029,2025-01-01 08:15:00,40.63222106013658,-74.02169895549638,7
G0001776,V0038,2025-01-01 08:15:00,40.75644048352653,-74.0001034948501,53
G0001777,V0026,2025-01-01 08:15:00,40.73118518260266,-74.03234696278618,23
G0001778,V0013,2025-01-01 08:15:00,40.61663657436109,-74.03146342926212,33
G0001779,V0009,2025-01-01 08:15:00,40.78028060930537,-73.9326550921854,1
G0001780,V0003,2025-01-01 08:15:00,40.79914213630938,-74.08176896711603,35
G0001781,V0028,2025-01-01 08:15:00,40.70932542067027,-74.08512549056336,19
G0001782,V0008,2025-01-01 08:15:00,40.75407298712134,-73.92749400615008,29
G0001783,V0003,2025-01-01 08:15:00,40.71711587859409,-73.98912811136965,39
G0001784,V0025,2025-01-01 08:15:00,40.698354023838974,-73.98263010859068,10
G0001785,V0043,2025-01-01 08:15:00,40.73797532244285,-74.09075604189658,18
G0001786,V0002,2025-01-01 08:15:00,40.80679324755036,-74.05562783637492,50
G0001787,V0042,2025-01-01 08:15:00,40.80715456413331,-74.07738946142962,18
G0001788,V0008,2025-01-01 08:15:00,40.72630179614798,-73.91767990976521,44
G0001789,V0015,2025-01-01 08:15:00,40.651718013000675,-74.07538326054478,50
G0001790,V0026,2025-01-01 08:15:00,40.64913723631704,-73.91957844667824,43
G0001791,V0017,2025-01-01 08:15:00,40.70435905762089,-74.10197077040866,13
G0001792,V0017,2025-01-01 08:15:00,40.78405633021075,-73.93459091858529,59
G0001793,V0048,2025-01-01 08:15:00,40.78758131878779,-73.97306817755967,33
G0001794,V0026,2025-01-01 08:15:00,40.65093007504282,-74.05455687956237,7
G0001795,V0033,2025-01-01 08:15:00,40.77524676678909,-73.92736367046857,19
G0001796,V0019,2025-01-01 08:15:00,40.67479711797499,-73.91507135718169,22
G0001797,V0040,2025-01-01 08:15:00,40.75327779243071,-73.92013921005099,5
G0001798,V0032,2025-01-01 08:15:00,40.78724978815465,-73.92618961814736,37
G0001799,V0007,2025-01-01 08:15:00,40.77376586305541,-73.92739657790253,53
G0001800,V0022,2025-01-01 08:15:00,40.70886375918657,-74.03216374169592,40
G0001801,V0032,2025-01-01 08:15:00,40.76109453784344,-74.07848738405725,57
G0001802,V0001,2025-01-01 08:15:00,40.72543031503527,-74.09881761073149,13
G0001803,V0025,2025-01-01 08:15:00,40.6476672954384,-74.06728817875369,57
G0001804,V0003,2025-01-01 08:15:00,40.73356804767435,-74.10172532154748,8
G0001805,V0010,2025-01-01 08:15:00,40.704579964408985,-73.93693320501968,8
G0001806,V0042,2025-01-01 08:15:00,40.63000080324144,-74.05286088919283,34
G0001807,V0033,2025-01-01 08:15:00,40.78436064819367,-74.0082234335518,35
G0001808,V0031,2025-01-01 08:15:00,40.78749365608162,-73.91653132175108,48
G0001809,V0029,2025-01-01 08:15:00,40.80504788958674,-74.0499561455601,33
G0001810,V0040,2025-01-01 08:15:00,40.63115954592183,-74.06233017345637,7
G0001811,V0043,2025-01-01 08:15:00,40.6475078304351,-74.07676201814272,7
G0001812,V0038,2025-01-01 08:15:00,40.68433386183122,-74.00696937319185,24
G0001813,V0045,2025-01-01 08:15:00,40.61947291898978,-73.97637883698187,60
G0001814,V0042,2025-01-01 08:15:00,40.76678339616298,-73.91333748010811,44
G0001815,V0008,2025-01-01 08:15:00,40.75555098695614,-73.95590260596083,6
G0001816,V0017,2025-01-01 08:15:00,40.660872613308605,-74.0899589633457,30
G0001817,V0004,2025-01-01 08:15:00,40.765657062532775,-73.93325962923704,8
G0001818,V0032,2025-01-01 08:15:00,40.770169505584036,-73.92422491590277,47
G0001819,V0049,2025-01-01 08:15:00,40.743788157109506,-74.08714027744874,13
G0001820,V0044,2025-01-01 08:15:00,40.625105720078764,-73.970360915866,47
G0001821,V0013,2025-01-01 08:15:00,40.63833915980551,-74.01651387467695,56
G0001822,V0003,2025-01-01 08:15:00,40.79297872793455,-74.08394513637425,8
G0001823,V0004,2025-01-01 08:15:00,40.65731346137154,-73.95433421538824,43
G0001824,V0048,2025-01-01 08:15:00,40.65211288995766,-73.9350511553228,34
G0001825,V0041,2025-01-01 08:15:00,40.70715076835613,-73.9603720681118,50
G0001826,V0021,2025-01-01 08:15:00,40.78997276386109,-74.0374849642951,53
G0001827,V0033,2025-01-01 08:15:00,40.791493342026435,-74.07039693115237,28
G0001828,V0044,2025-01-01 08:15:00,40.63757846311353,-74.09049748599867,23
G0001829,V0011,2025-01-01 08:15:00,40.776342929026356,-73.92457186751216,59
G0001830,V0013,2025-01-01 08:15:00,40.7219379292692,-74.04950491180571,38
G0001831,V0005,2025-01-01 08:15:00,40.787482780022025,-74.03934963093906,20
G0001832,V0001,2025-01-01 08:15:00,40.663061554052604,-73.9685750823154,34
G0001833,V0002,2025-01-01 08:15:00,40.68564408910619,-73.98887847776403,40
G0001834,V0020,2025-01-01 08:15:00,40.721587642697514,-73.99630083402502,59
G0001835,V0040,2025-01-01 08:15:00,40.65176086851114,-74.00251174909214,47
G0001836,V0044,2025-01-01 08:15:00,40.75003515883933,-74.05120623214476,0
G0001837,V0042,2025-01-01 08:15:00,40.651750742289394,-74.05480344445091,13
G0001838,V0045,2025-01-01 08:15:00,40.76174339021805,-74.06485991634233,4
G0001839,V0010,2025-01-01 08:15:00,40.70794938889812,-74.02256301448037,32
G0001840,V0031,2025-01-01 08:15:00,40.75494823796218,-74.03111672348753,19
G0001841,V0042,2025-01-01 08:15:00,40.64074338874963,-73.98890980497343,27
G0001842,V0031,2025-01-01 08:15:00,40.78464615845069,-73.9951732811929,17
G0001843,V0021,2025-01-01 08:15:00,40.68578388204875,-73.91429122870368,1
G0001844,V0037,2025-01-01 08:15:00,40.78975230457263,-74.04487048308694,49
G0001845,V0021,2025-01-01 08:15:00,40.717351554138396,-73.98465050973692,44
G0001846,V0014,2025-01-01 08:15:00,40.77559624263957,-73.92339152607066,46
G0001847,V0001,2025-01-01 08:15:00,40.745695391621574,-74.03852376381735,56
G0001848,V0001,2025-01-01 08:15:00,40.67874962968823,-74.07707125649145,14
G0001849,V0009,2025-01-01 08:15:00,40.697805276919546,-74.02270724439867,59
G0001850,V0044,2025-01-01 08:15:00,40.811318339905476,-73.98467407497701,56
G0001851,V0032,2025-01-01 08:15:00,40.77509938014157,-73.9216931095622,51
G0001852,V0042,2025-01-01 08:15:00,40.70584631101055,-74.03639623511214,36
G0001853,V0004,2025-01-01 08:15:00,40.62989010448144,-74.09205279160749,41
G0001854,V0001,2025-01-01 08:15:00,40.6435996896621,-74.06225369769484,14
G0001855,V0026,2025-01-01 08:15:00,40.66716073007755,-73.99828281501236,13
G0001856,V0027,2025-01-01 08:15:00,40.71279681133592,-74.03697705944586,57
G0001857,V0007,2025-01-01 08:15:00,40.81148227743321,-74.0513871963095,4
G0001858,V0018,2025-01-01 08:15:00,40.8093695721073,-74.02566885567077,21
G0001859,V0018,2025-01-01 08:15:00,40.735147431827514,-73.93980060637112,7
G0001860,V0015,2025-01-01 08:15:00,40.78408196834762,-74.04107806528604,10
G0001861,V0005,2025-01-01 08:15:00,40.624011043634404,-73.99703864563239,33
G0001862,V0022,2025-01-01 08:15:00,40.681553143398794,-73.96316352130343,10
G0001863,V0034,2025-01-01 08:15:00,40.627244652950985,-74.07834876237958,35
G0001864,V0045,2025-01-01 08:15:00,40.72083927880682,-74.04772006060261,40
G0001865,V0025,2025-01-01 08:15:00,40.64244154854822,-74.00544675147907,14
G0001866,V0007,2025-01-01 08:15:00,40.66139662874209,-74.08961685344,4
G0001867,V0032,2025-01-01 08:15:00,40.62694073481788,-74.08874321389996,51
G0001868,V0024,2025-01-01 08:15:00,40.65046539586488,-74.0211099484006,41
G0001869,V0030,2025-01-01 08:15:00,40.78218566321325,-74.04595304823286,39
G0001870,V0029,2025-01-01 08:15:00,40.72416740753306,-74.04026380630768,21
G0001871,V0038,2025-01-01 08:15:00,40.76548131346758,-73.95407103449249,45
G0001872,V0039,2025-01-01 08:15:00,40.68784587898562,-74.01632260042416,31
G0001873,V0022,2025-01-01 08:15:00,40.62889815212873,-73.92444236564117,35
G0001874,V0002,2025-01-01 08:15:00,40.71170493780639,-73.93572322970078,10
G0001875,V0048,2025-01-01 08:15:00,40.685514216053846,-74.03733675583346,4
G0001876,V0009,2025-01-01 08:15:00,40.70128803942365,-73.99122496816948,35
G0001877,V0004,2025-01-01 08:15:00,40.682771335701666,-73.93641094021288,15
G0001878,V0033,2025-01-01 08:15:00,40.720617064725865,-74.03388155791313,55
G0001879,V0033,2025-01-01 08:15:00,40.70786831739322,-74.10150514949211,41
G0001880,V0005,2025-01-01 08:15:00,40.777226451908014,-73.9099173346981,4
G0001881,V0007,2025-01-01 08:15:00,40.64958209351818,-74.0161957851569,16
G0001882,V0019,2025-01-01 08:15:00,40.773859288190735,-73.92163462561167,7
G0001883,V0032,2025-01-01 08:15:00,40.65821807915142,-73.95411108519572,9
G0001884,V0042,2025-01-01 08:15:00,40.695214315082396,-73.9783858904206,12
G0001885,V0034,2025-01-01 08:15:00,40.727540795310105,-74.04535470703898,31
G0001886,V0041,2025-01-01 08:15:00,40.71726360130694,-74.01513517498186,37
G0001887,V0012,2025-01-01 08:15:00,40.688978581937924,-73.98448407373458,18
G0001888,V0026,2025-01-01 08:15:00,40.787079969952465,-74.08828119280743,32
G0001889,V0022,2025-01-01 08:15:00,40.78855955625341,-73.98916865307447,59
G0001890,V0012,2025-01-01 08:15:00,40.69034523985557,-74.052484250835,19
G0001891,V0027,2025-01-01 08:15:00,40.67857984101488,-74.08553336874328,22
G0001892,V0009,2025-01-01 08:15:00,40.70184678867598,-73.97911243112446,13
G0001893,V0037,2025-01-01 08:15:00,40.80100341086347,-73.98990089823549,9
G0001894,V0030,2025-01-01 08:15:00,40.71706797444848,-73.9122024589188,57
G0001895,V0045,2025-01-01 08:15:00,40.728758338845296,-74.0802968320109,40
G0001896,V0041,2025-01-01 08:15:00,40.70395507320043,-73.92299749006742,2
G0001897,V0012,2025-01-01 08:15:00,40.80529277444361,-74.07517543667211,16
G0001898,V0045,2025-01-01 08:15:00,40.700221752477056,-73.94720754555725,16
G0001899,V0047,2025-01-01 08:15:00,40.61446199407681,-74.09867082114782,53
G0001900,V0050,2025-01-01 08:15:00,40.653195664045356,-74.05164406040156,12
G0001901,V0025,2025-01-01 08:15:00,40.760084039044834,-73.91787183844941,40
G0001902,V0028,2025-01-01 08:15:00,40.76989227588309,-74.09493909672702,46
G0001903,V0045,2025-01-01 08:15:00,40.63483949720882,-73.97687241228279,19
G0001904,V0043,2025-01-01 08:15:00,40.786352284721985,-73.96856458335616,16
G0001905,V0024,2025-01-01 08:15:00,40.7661144357907,-74.08252875010096,31
G0001906,V0005,2025-01-01 08:15:00,40.630143165099575,-73.95319518752345,51
G0001907,V0047,2025-01-01 08:15:00,40.79683331661443,-73.92570048625466,19
G0001908,V0027,2025-01-01 08:15:00,40.80068144594337,-73.93654762939103,24
G0001909,V0038,2025-01-01 08:15:00,40.80033820341586,-74.01737191567429,50
G0001910,V0050,2025-01-01 08:15:00,40.64000875863318,-74.09931313848168,59
G0001911,V0011,2025-01-01 08:15:00,40.772796312218524,-73.94068530298951,15
G0001912,V0035,2025-01-01 08:15:00,40.73842537044867,-73.95775635623794,4
G0001913,V0020,2025-01-01 08:15:00,40.75998378638825,-74.09618115756298,30
G0001914,V0021,2025-01-01 08:15:00,40.68921885629199,-74.02877071751176,33
G0001915,V0038,2025-01-01 08:15:00,40.751821507540335,-74.02438380680479,23
G0001916,V0015,2025-01-01 08:15:00,40.703821006045835,-73.98152808836214,4
G0001917,V0041,2025-01-01 08:15:00,40.765551430870005,-73.93801492549905,34
G0001918,V0039,2025-01-01 08:15:00,40.64340742285481,-74.01213756427661,56
G0001919,V0003,2025-01-01 08:15:00,40.67303243488956,-74.09290076568581,38
G0001920,V0016,2025-01-01 08:15:00,40.707286055957866,-73.987940963571,24
G0001921,V0025,2025-01-01 08:15:00,40.74297716729689,-74.06747410148137,12
G0001922,V0050,2025-01-01 08:15:00,40.663155718299905,-73.94413739433008,20
G0001923,V0013,2025-01-01 08:15:00,40.65110907781794,-74.01026381350198,14
G0001924,V0050,2025-01-01 08:15:00,40.684493021602805,-74.09171315431803,17
G0001925,V0044,2025-01-01 08:15:00,40.624285427703384,-73.94508947838793,23
G0001926,V0009,2025-01-01 08:15:00,40.717712144341085,-74.10578585244377,20
G0001927,V0037,2025-01-01 08:15:00,40.61587586068364,-74.07994764421923,41
G0001928,V0025,2025-01-01 08:15:00,40.70288285814767,-74.02470144427008,36
G0001929,V0003,2025-01-01 08:15:00,40.65411848569934,-73.90656732988849,18
G0001930,V0044,2025-01-01 08:15:00,40.705765778681986,-74.08786645562508,40
G0001931,V0040,2025-01-01 08:15:00,40.77968451288772,-74.04120511216959,52
G0001932,V0029,2025-01-01 08:15:00,40.70060899198582,-74.07067323045443,11
G0001933,V0032,2025-01-01 08:15:00,40.80877241939808,-73.92712242209068,16
G0001934,V0037,2025-01-01 08:15:00,40.801366942217506,-73.99241795444227,51
G0001935,V0040,2025-01-01 08:15:00,40.619362569925386,-74.07400867214695,4
G0001936,V0001,2025-01-01 08:15:00,40.73051328023765,-73.92205424037603,51
G0001937,V0001,2025-01-01 08:15:00,40.63751214383135,-74.05952112099492,11
G0001938,V0046,2025-01-01 08:15:00,40.74691754410557,-73.94403061794176,20
G0001939,V0022,2025-01-01 08:15:00,40.7943243912691,-73.97660938766892,26
G0001940,V0029,2025-01-01 08:15:00,40.75996393912913,-74.0594576433338,15
G0001941,V0030,2025-01-01 08:15:00,40.64925057727735,-73.95663223295695,19
G0001942,V0034,2025-01-01 08:15:00,40.72501732084969,-73.99275925084446,41
G0001943,V0041,2025-01-01 08:15:00,40.72538370100147,-73.94299915995587,2
G0001944,V0004,2025-01-01 08:15:00,40.63228341311103,-74.0884479682403,18
G0001945,V0016,2025-01-01 08:15:00,40.67429446574744,-73.92470537480068,0
G0001946,V0016,2025-01-01 08:15:00,40.70682037727322,-74.02354077983725,36
G0001947,V0024,2025-01-01 08:15:00,40.69124054573411,-73.90786244511848,51
G0001948,V0026,2025-01-01 08:15:00,40.697776408481715,-73.96733596236001,38
G0001949,V0046,2025-01-01 08:15:00,40.79729269342351,-74.0280586079958,20
G0001950,V0025,2025-01-01 08:15:00,40.749703773442604,-73.98769492392816,25
G0001951,V0032,2025-01-01 08:15:00,40.6773253374193,-74.04682504638033,34
G0001952,V0050,2025-01-01 08:15:00,40.781770307326234,-73.9674106579716,49
G0001953,V0024,2025-01-01 08:15:00,40.73282925545883,-74.0165394442823,55
G0001954,V0044,2025-01-01 08:15:00,40.63345629496583,-73.94807745133997,42
G0001955,V0019,2025-01-01 08:15:00,40.788925598392346,-73.95531141863908,3
G0001956,V0001,2025-01-01 08:15:00,40.76038167468316,-73.9571723032865,6
G0001957,V0045,2025-01-01 08:15:00,40.645171876690235,-73.93886304193913,43
G0001958,V0028,2025-01-01 08:15:00,40.76841532542443,-74.07116855922219,36
G0001959,V0004,2025-01-01 08:15:00,40.61463029792424,-73.91516078761465,27
G0001960,V0025,2025-01-01 08:15:00,40.614811190060585,-73.94101584159247,11
G0001961,V0008,2025-01-01 08:15:00,40.784883557808236,-74.0428664200647,5
G0001962,V0008,2025-01-01 08:15:00,40.6685996652764,-74.09509777362129,8
G0001963,V0021,2025-01-01 08:15:00,40.654348983384196,-73.92542476847545,28
G0001964,V0025,2025-01-01 08:15:00,40.75835845060739,-74.030319885641,15
G0001965,V0013,2025-01-01 08:15:00,40.79886107687173,-73.98688744559793,30
G0001966,V0002,2025-01-01 08:15:00,40.758120411605546,-74.05262079608156,2
G0001967,V0044,2025-01-01 08:15:00,40.80991036782727,-73.9308236200806,47
G0001968,V0016,2025-01-01 08:15:00,40.7628600543581,-73.9830813344095,15
G0001969,V0008,2025-01-01 08:15:00,40.782024295891105,-73.97692963742007,4
G0001970,V0024,2025-01-01 08:15:00,40.781793223787716,-74.07629335786876,51
G0001971,V0008,2025-01-01 08:15:00,40.78669468431897,-73.90755188049881,20
G0001972,V0034,2025-01-01 08:15:00,40.685693453975844,-74.00775691233808,21
G0001973,V0050,2025-01-01 08:15:00,40.76376384531298,-73.91408836594029,20
G0001974,V0024,2025-01-01 08:15:00,40.76562342570699,-74.06564789230322,40
G0001975,V0030,2025-01-01 08:15:00,40.75003056928317,-73.93827187944636,3
G0001976,V0032,2025-01-01 08:15:00,40.65951761868,-73.94859154665986,29
G0001977,V0046,2025-01-01 08:15:00,40.692676181640394,-73.93252573983263,37
G0001978,V0027,2025-01-01 08:15:00,40.75229166775441,-73.91547274688398,39
G0001979,V0041,2025-01-01 08:15:00,40.62604880625448,-74.09335141815986,43
G0001980,V0047,2025-01-01 08:15:00,40.6851456561126,-74.00649865273961,0
G0001981,V0003,2025-01-01 08:15:00,40.67142456440829,-74.0358163592662,13
G0001982,V0019,2025-01-01 08:15:00,40.77848682573918,-74.06247099526827,4
G0001983,V0013,2025-01-01 08:15:00,40.67415447519266,-74.05231886151192,16
G0001984,V0008,2025-01-01 08:15:00,40.65755023160875,-74.06982324667392,11
G0001985,V0027,2025-01-01 08:15:00,40.75958039017095,-73.97779547525025,27
G0001986,V0004,2025-01-01 08:15:00,40.6566150080158,-73.91826391651523,15
G0001987,V0038,2025-01-01 08:15:00,40.64189459259174,-73.99769893950804,1
G0001988,V0022,2025-01-01 08:15:00,40.70111005015622,-73.93899336632914,60
G0001989,V0041,2025-01-01 08:15:00,40.68353845339352,-74.03361151828472,30
G0001990,V0019,2025-01-01 08:15:00,40.73508892844537,-74.08061093529184,50
G0001991,V0018,2025-01-01 08:15:00,40.78562372080225,-74.0290908832066,10
G0001992,V0017,2025-01-01 08:15:00,40.77101981367035,-73.99289633352964,11
G0001993,V0003,2025-01-01 08:15:00,40.71906850364423,-73.90942673521135,6
G0001994,V0007,2025-01-01 08:15:00,40.72906294430533,-74.08540808196999,57
G0001995,V0046,2025-01-01 08:15:00,40.67103516099995,-74.03260158243772,38
G0001996,V0049,2025-01-01 08:15:00,40.73914970455652,-74.05123386352949,11
G0001997,V0009,2025-01-01 08:15:00,40.75911972898552,-73.93571761989152,21
G0001998,V0024,2025-01-01 08:15:00,40.65604745045669,-73.97941542743962,11
G0001999,V0011,2025-01-01 08:15:00,40.67846183490256,-74.07985231158635,21
G0002000,V0019,2025-01-01 08:15:00,40.62588497977174,-73.96516759286666,44
