count_id,trip_id,stop_id,timestamp,boarding_count,alighting_count
PC0000001,T0001239,S0004,2025-01-01 08:10:00,26,4
PC0000002,T0000376,S0064,2025-01-01 08:10:00,3,14
PC0000003,T0001792,S0048,2025-01-01 08:10:00,46,29
PC0000004,T0001533,S0056,2025-01-01 08:10:00,10,10
PC0000005,T0001377,S0094,2025-01-01 08:10:00,25,0
PC0000006,T0001489,S0035,2025-01-01 08:10:00,36,17
PC0000007,T0000462,S0063,2025-01-01 08:10:00,37,28
PC0000008,T0001266,S0075,2025-01-01 08:10:00,28,5
PC0000009,T0001872,S0094,2025-01-01 08:10:00,18,30
PC0000010,T0001033,S0069,2025-01-01 08:10:00,14,23
PC0000011,T0000368,S0060,2025-01-01 08:10:00,40,20
PC0000012,T0000829,S0081,2025-01-01 08:10:00,4,12
PC0000013,T0001057,S0091,2025-01-01 08:10:00,9,26
PC0000014,T0000402,S0002,2025-01-01 08:10:00,17,21
PC0000015,T0000684,S0045,2025-01-01 08:10:00,28,6
PC0000016,T0000847,S0039,2025-01-01 08:10:00,40,21
PC0000017,T0001166,S0073,2025-01-01 08:10:00,36,26
PC0000018,T0001137,S0074,2025-01-01 08:10:00,26,14
PC0000019,T0001167,S0032,2025-01-01 08:10:00,5,4
PC0000020,T0001501,S0080,2025-01-01 08:10:00,19,1
PC0000021,T0001726,S0074,2025-01-01 08:10:00,47,25
PC0000022,T0000598,S0006,2025-01-01 08:10:00,-5,21
PC0000023,T0001446,S0071,2025-01-01 08:10:00,31,26
PC0000024,T0000010,S0008,2025-01-01 08:10:00,27,15
PC0000025,T0001328,S0068,2025-01-01 08:10:00,10,4
PC0000026,T0001024,S0048,2025-01-01 08:10:00,10,20
PC0000027,T0000136,S0024,2025-01-01 08:10:00,1,1
PC0000028,T0001244,S0047,2025-01-01 08:10:00,30,3
PC0000029,T0001271,S0082,2025-01-01 08:10:00,3,21
PC0000030,T0000621,S0095,2025-01-01 08:10:00,3,7
PC0000031,T0000126,S0082,2025-01-01 08:10:00,5,17
PC0000032,T0000023,S0079,2025-01-01 08:10:00,16,2
PC0000033,T0000145,S0068,2025-01-01 08:10:00,26,22
PC0000034,T0001531,S0016,2025-01-01 08:10:00,35,29
PC0000035,T0000909,S0014,2025-01-01 08:10:00,26,17
PC0000036,T0000219,S0015,2025-01-01 08:10:00,19,21
PC0000037,T0000142,S0054,2025-01-01 08:10:00,12,9
PC0000038,T0000838,S0007,2025-01-01 08:10:00,26,2
PC0000039,T0000167,S0019,2025-01-01 08:10:00,18,23
PC0000040,T0000513,S0097,2025-01-01 08:10:00,42,13
PC0000041,T0001040,S0089,2025-01-01 08:10:00,3,30
PC0000042,T0000085,S0032,2025-01-01 08:10:00,29,11
PC0000043,T0000989,S0084,2025-01-01 08:10:00,9,27
PC0000044,T0000874,S0100,2025-01-01 08:10:00,14,27
PC0000045,T0000947,S0049,2025-01-01 08:10:00,21,22
PC0000046,T0001892,S0088,2025-01-01 08:10:00,19,20
PC0000047,T0000868,S0078,2025-01-01 08:10:00,21,22
PC0000048,T0001695,S0014,2025-01-01 08:10:00,27,21
PC0000049,T0001434,S0085,2025-01-01 08:10:00,50,30
PC0000050,T0001687,S0051,2025-01-01 08:10:00,11,14
PC0000051,T0000459,S0055,2025-01-01 08:10:00,19,13
PC0000052,T0001963,S0085,2025-01-01 08:10:00,46,30
PC0000053,T0000959,S0081,2025-01-01 08:10:00,5,5
PC0000054,T0001359,S0054,2025-01-01 08:10:00,7,2
PC0000055,T0001202,S0066,2025-01-01 08:10:00,16,27
PC0000056,T0000270,S0065,2025-01-01 08:10:00,38,10
PC0000057,T0001145,S0078,2025-01-01 08:10:00,11,19
PC0000058,T0001945,S0042,2025-01-01 08:10:00,41,29
PC0000059,T0001192,S0008,2025-01-01 08:10:00,15,18
PC0000060,T0000480,S0063,2025-01-01 08:10:00,49,27
PC0000061,T0001444,S0060,2025-01-01 08:10:00,0,9
PC0000062,T0000290,S0029,2025-01-01 08:10:00,15,20
PC0000063,T0000362,S0005,2025-01-01 08:10:00,15,28
PC0000064,T0000417,S0054,2025-01-01 08:10:00,31,22
PC0000065,T0000367,S0006,2025-01-01 08:10:00,46,10
PC0000066,T0001832,S0014,2025-01-01 08:10:00,18,29
PC0000067,T0000145,S0090,2025-01-01 08:10:00,39,7
PC0000068,T0000538,S0058,2025-01-01 08:10:00,49,30
PC0000069,T0001415,S0047,2025-01-01 08:10:00,27,24
PC0000070,T0000942,S0077,2025-01-01 08:10:00,37,5
PC0000071,T0000395,S0049,2025-01-01 08:10:00,47,21
PC0000072,T0001809,S0084,2025-01-01 08:10:00,39,24
PC0000073,T0000533,S0027,2025-01-01 08:10:00,42,17
PC0000074,T0001887,S0003,2025-01-01 08:10:00,12,29
PC0000075,T0001648,S0034,2025-01-01 08:10:00,20,15
PC0000076,T0000231,S0096,2025-01-01 08:10:00,6,20
PC0000077,T0000088,S0054,2025-01-01 08:10:00,16,8
PC0000078,T0000428,S0017,2025-01-01 08:10:00,30,7
PC0000079,T0001964,S0018,2025-01-01 08:10:00,14,30
PC0000080,T0000335,S0006,2025-01-01 08:10:00,6,5
PC0000081,T0000323,S0078,2025-01-01 08:10:00,500,20
PC0000082,T0000749,S0052,2025-01-01 08:10:00,24,1
PC0000083,T0000776,S0074,2025-01-01 08:10:00,34,24
PC0000084,T0001553,S0046,2025-01-01 08:10:00,18,5
PC0000085,T0001223,S0069,2025-01-01 08:10:00,16,22
PC0000086,T0001462,S0071,2025-01-01 08:10:00,3,6
PC0000087,T0000545,S0067,2025-01-01 08:10:00,46,30
PC0000088,T0001628,S0038,2025-01-01 08:10:00,5,8
PC0000089,T0001323,S0063,2025-01-01 08:10:00,46,10
PC0000090,T0001110,S0020,2025-01-01 08:10:00,9,30
PC0000091,T0000575,S0069,2025-01-01 08:10:00,21,28
PC0000092,T0000087,S0085,2025-01-01 08:10:00,8,6
PC0000093,T0001778,S0062,2025-01-01 08:10:00,14,6
PC0000094,T0000055,S0062,2025-01-01 08:10:00,46,16
PC0000095,T0001934,S0068,2025-01-01 08:10:00,28,11
PC0000096,T0001845,S0016,2025-01-01 08:10:00,1,3
PC0000097,T0001737,S0093,2025-01-01 08:10:00,28,8
PC0000098,T0000483,S0079,2025-01-01 08:10:00,13,13
PC0000099,T0000666,S0062,2025-01-01 08:10:00,43,2
PC0000100,T0000213,S0086,2025-01-01 08:10:00,4,21
PC0000101,T0000062,S0004,2025-01-01 08:10:00,30,14
PC0000102,T0001639,S0031,2025-01-01 08:10:00,14,1
PC0000103,T0000213,S0047,2025-01-01 08:10:00,31,7
PC0000104,T0001933,S0008,2025-01-01 08:10:00,25,21
PC0000105,T0000154,S0073,2025-01-01 08:10:00,46,19
PC0000106,T0000685,S0045,2025-01-01 08:10:00,9,30
PC0000107,T0000873,S0020,2025-01-01 08:10:00,41,11
PC0000108,T0000534,S0013,2025-01-01 08:10:00,38,11
PC0000109,T0000583,S0026,2025-01-01 08:10:00,10,5
PC0000110,T0001992,S0040,2025-01-01 08:10:00,16,15
PC0000111,T0001482,S0001,2025-01-01 08:10:00,-5,3
PC0000112,T0000977,S0037,2025-01-01 08:10:00,38,29
PC0000113,T0001816,S0009,2025-01-01 08:10:00,49,28
PC0000114,T0000496,S0030,2025-01-01 08:10:00,1,30
PC0000115,T0000726,S0093,2025-01-01 08:10:00,38,22
PC0000116,T0000512,S0022,2025-01-01 08:10:00,3,4
PC0000117,T0000809,S0048,2025-01-01 08:10:00,14,25
PC0000118,T0000105,S0059,2025-01-01 08:10:00,1,29
PC0000119,T0000272,S0021,2025-01-01 08:10:00,31,14
PC0000120,T0001275,S0099,2025-01-01 08:10:00,48,10
PC0000121,T0001716,S0023,2025-01-01 08:10:00,38,2
PC0000122,T0000344,S0072,2025-01-01 08:10:00,14,23
PC0000123,T0001178,S0003,2025-01-01 08:10:00,9,18
PC0000124,T0001571,S0010,2025-01-01 08:10:00,23,29
PC0000125,T0000099,S0020,2025-01-01 08:10:00,29,1
PC0000126,T0001375,S0057,2025-01-01 08:10:00,45,0
PC0000127,T0001498,S0035,2025-01-01 08:10:00,7,8
PC0000128,T0000465,S0052,2025-01-01 08:10:00,18,20
PC0000129,T0001921,S0057,2025-01-01 08:10:00,29,3
PC0000130,T0001379,S0050,2025-01-01 08:10:00,5,7
PC0000131,T0000963,S0085,2025-01-01 08:10:00,0,12
PC0000132,T0000358,S0043,2025-01-01 08:10:00,2,9
PC0000133,T0001389,S0007,2025-01-01 08:10:00,46,7
PC0000134,T0001571,S0054,2025-01-01 08:10:00,23,19
PC0000135,T0000061,S0047,2025-01-01 08:10:00,38,11
PC0000136,T0001456,S0006,2025-01-01 08:10:00,42,11
PC0000137,T0000765,S0054,2025-01-01 08:10:00,49,20
PC0000138,T0000474,S0061,2025-01-01 08:10:00,49,10
PC0000139,T0000501,S0046,2025-01-01 08:10:00,12,10
PC0000140,T0001267,S0072,2025-01-01 08:10:00,42,23
PC0000141,T0001770,S0014,2025-01-01 08:10:00,30,22
PC0000142,T0001980,S0008,2025-01-01 08:10:00,14,11
PC0000143,T0000163,S0094,2025-01-01 08:10:00,500,20
PC0000144,T0000895,S0023,2025-01-01 08:10:00,37,15
PC0000145,T0000235,S0036,2025-01-01 08:10:00,37,0
PC0000146,T0001866,S0043,2025-01-01 08:10:00,31,3
PC0000147,T0001618,S0042,2025-01-01 08:10:00,18,26
PC0000148,T0001214,S0051,2025-01-01 08:10:00,19,10
PC0000149,T0001531,S0042,2025-01-01 08:10:00,20,7
PC0000150,T0000775,S0030,2025-01-01 08:10:00,23,7
PC0000151,T0001129,S0051,2025-01-01 08:10:00,46,16
PC0000152,T0000524,S0017,2025-01-01 08:10:00,19,19
PC0000153,T0000264,S0030,2025-01-01 08:10:00,29,22
PC0000154,T0000462,S0056,2025-01-01 08:10:00,46,6
PC0000155,T0000778,S0010,2025-01-01 08:10:00,24,13
PC0000156,T0000298,S0026,2025-01-01 08:10:00,34,7
PC0000157,T0000862,S0007,2025-01-01 08:10:00,6,19
PC0000158,T0001908,S0039,2025-01-01 08:10:00,11,10
PC0000159,T0000848,S0036,2025-01-01 08:10:00,22,19
PC0000160,T0000119,S0051,2025-01-01 08:10:00,22,26
PC0000161,T0000879,S0038,2025-01-01 08:10:00,35,14
PC0000162,T0001272,S0076,2025-01-01 08:10:00,17,15
PC0000163,T0001224,S0001,2025-01-01 08:10:00,49,2
PC0000164,T0001138,S0095,2025-01-01 08:10:00,13,13
PC0000165,T0001128,S0048,2025-01-01 08:10:00,10,25
PC0000166,T0000199,S0028,2025-01-01 08:10:00,36,14
PC0000167,T0000311,S0033,2025-01-01 08:10:00,25,18
PC0000168,T0001251,S0003,2025-01-01 08:10:00,27,28
PC0000169,T0000094,S0095,2025-01-01 08:10:00,39,16
PC0000170,T0001846,S0056,2025-01-01 08:10:00,43,17
PC0000171,T0000058,S0011,2025-01-01 08:10:00,21,11
PC0000172,T0001627,S0022,2025-01-01 08:10:00,11,21
PC0000173,T0000726,S0070,2025-01-01 08:10:00,32,4
PC0000174,T0001438,S0056,2025-01-01 08:10:00,27,23
PC0000175,T0000949,S0039,2025-01-01 08:10:00,7,7
PC0000176,T0001226,S0019,2025-01-01 08:10:00,29,7
PC0000177,T0000434,S0029,2025-01-01 08:10:00,25,15
PC0000178,T0000908,S0015,2025-01-01 08:10:00,31,18
PC0000179,T0000189,S0045,2025-01-01 08:10:00,26,8
PC0000180,T0000414,S0006,2025-01-01 08:10:00,25,14
PC0000181,T0001054,S0027,2025-01-01 08:10:00,31,18
PC0000182,T0000178,S0070,2025-01-01 08:10:00,17,27
PC0000183,T0001126,S0058,2025-01-01 08:10:00,37,10
PC0000184,T0001036,S0027,2025-01-01 08:10:00,36,28
PC0000185,T0000425,S0053,2025-01-01 08:10:00,27,0
PC0000186,T0000225,S0018,2025-01-01 08:10:00,39,17
PC0000187,T0001695,S0044,2025-01-01 08:10:00,12,21
PC0000188,T0001988,S0053,2025-01-01 08:10:00,18,6
PC0000189,T0001009,S0061,2025-01-01 08:10:00,1,25
PC0000190,T0001454,S0080,2025-01-01 08:10:00,46,6
PC0000191,T0000192,S0014,2025-01-01 08:10:00,28,2
PC0000192,T0001165,S0022,2025-01-01 08:10:00,35,26
PC0000193,T0001337,S0008,2025-01-01 08:10:00,40,25
PC0000194,T0001304,S0060,2025-01-01 08:10:00,48,2
PC0000195,T0001244,S0079,2025-01-01 08:10:00,37,11
PC0000196,T0000997,S0063,2025-01-01 08:10:00,-5,9
PC0000197,T0001871,S0011,2025-01-01 08:10:00,26,30
PC0000198,T0001258,S0006,2025-01-01 08:10:00,10,17
PC0000199,T0000998,S0048,2025-01-01 08:10:00,20,19
PC0000200,T0001067,S0003,2025-01-01 08:10:00,45,12
PC0000201,T0001353,S0079,2025-01-01 08:10:00,22,25
PC0000202,T0000665,S0062,2025-01-01 08:10:00,39,22
PC0000203,T0001877,S0075,2025-01-01 08:10:00,11,0
PC0000204,T0000623,S0014,2025-01-01 08:10:00,500,17
PC0000205,T0000429,S0029,2025-01-01 08:10:00,4,0
PC0000206,T0001618,S0016,2025-01-01 08:10:00,47,30
PC0000207,T0000017,S0083,2025-01-01 08:10:00,43,12
PC0000208,T0001241,S0046,2025-01-01 08:10:00,49,12
PC0000209,T0000227,S0017,2025-01-01 08:10:00,5,10
PC0000210,T0000069,S0052,2025-01-01 08:10:00,2,25
PC0000211,T0001641,S0041,2025-01-01 08:10:00,25,20
PC0000212,T0000908,S0007,2025-01-01 08:10:00,4,0
PC0000213,T0000118,S0081,2025-01-01 08:10:00,29,19
PC0000214,T0000705,S0043,2025-01-01 08:10:00,5,3
PC0000215,T0000954,S0084,2025-01-01 08:10:00,15,22
PC0000216,T0001998,S0008,2025-01-01 08:10:00,18,18
PC0000217,T0001130,S0049,2025-01-01 08:10:00,17,30
PC0000218,T0000014,S0082,2025-01-01 08:10:00,49,3
PC0000219,T0001447,S0077,2025-01-01 08:10:00,31,11
PC0000220,T0000007,S0059,2025-01-01 08:10:00,7,7
PC0000221,T0001062,S0063,2025-01-01 08:10:00,28,24
PC0000222,T0001148,S0042,2025-01-01 08:10:00,43,14
PC0000223,T0001782,S0019,2025-01-01 08:10:00,38,0
PC0000224,T0000388,S0064,2025-01-01 08:10:00,3,4
PC0000225,T0001925,S0058,2025-01-01 08:10:00,47,19
PC0000226,T0000048,S0086,2025-01-01 08:10:00,43,13
PC0000227,T0000663,S0045,2025-01-01 08:10:00,33,23
PC0000228,T0000599,S0058,2025-01-01 08:10:00,15,23
PC0000229,T0001307,S0030,2025-01-01 08:10:00,30,2
PC0000230,T0000590,S0053,2025-01-01 08:10:00,34,30
PC0000231,T0000614,S0026,2025-01-01 08:10:00,46,6
PC0000232,T0001956,S0077,2025-01-01 08:10:00,3,15
PC0000233,T0001809,S0085,2025-01-01 08:10:00,3,24
PC0000234,T0000848,S0017,2025-01-01 08:10:00,48,29
PC0000235,T0001691,S0050,2025-01-01 08:10:00,26,17
PC0000236,T0001401,S0021,2025-01-01 08:10:00,29,19
PC0000237,T0001135,S0048,2025-01-01 08:10:00,27,2
PC0000238,T0001515,S0024,2025-01-01 08:10:00,0,21
PC0000239,T0001111,S0050,2025-01-01 08:10:00,0,25
PC0000240,T0000469,S0078,2025-01-01 08:10:00,34,1
PC0000241,T0000325,S0032,2025-01-01 08:10:00,14,18
PC0000242,T0000907,S0070,2025-01-01 08:10:00,6,9
PC0000243,T0001791,S0034,2025-01-01 08:10:00,18,16
PC0000244,T0001458,S0001,2025-01-01 08:10:00,18,8
PC0000245,T0000489,S0082,2025-01-01 08:10:00,27,7
PC0000246,T0000516,S0016,2025-01-01 08:10:00,33,18
PC0000247,T0000517,S0078,2025-01-01 08:10:00,42,28
PC0000248,T0001643,S0041,2025-01-01 08:10:00,18,20
PC0000249,T0001088,S0021,2025-01-01 08:10:00,18,30
PC0000250,T0000156,S0036,2025-01-01 08:10:00,50,2
PC0000251,T0000982,S0044,2025-01-01 08:10:00,14,4
PC0000252,T0000469,S0084,2025-01-01 08:10:00,20,22
PC0000253,T0000580,S0081,2025-01-01 08:10:00,49,8
PC0000254,T0000122,S0085,2025-01-01 08:10:00,34,22
PC0000255,T0001499,S0032,2025-01-01 08:10:00,7,6
PC0000256,T0001319,S0055,2025-01-01 08:10:00,26,13
PC0000257,T0000332,S0002,2025-01-01 08:10:00,26,7
PC0000258,T0001064,S0090,2025-01-01 08:10:00,45,1
PC0000259,T0001872,S0055,2025-01-01 08:10:00,9,11
PC0000260,T0001319,S0099,2025-01-01 08:10:00,21,24
PC0000261,T0000999,S0098,2025-01-01 08:10:00,29,4
PC0000262,T0001632,S0081,2025-01-01 08:10:00,1,4
PC0000263,T0000437,S0072,2025-01-01 08:10:00,2,1
PC0000264,T0000136,S0065,2025-01-01 08:10:00,24,1
PC0000265,T0001956,S0084,2025-01-01 08:10:00,12,3
PC0000266,T0001380,S0061,2025-01-01 08:10:00,14,24
PC0000267,T0000442,S0038,2025-01-01 08:10:00,25,11
PC0000268,T0000779,S0009,2025-01-01 08:10:00,22,8
PC0000269,T0000612,S0098,2025-01-01 08:10:00,17,1
PC0000270,T0001414,S0029,2025-01-01 08:10:00,9,8
PC0000271,T0001385,S0082,2025-01-01 08:10:00,33,0
PC0000272,T0001307,S0020,2025-01-01 08:10:00,46,30
PC0000273,T0000497,S0072,2025-01-01 08:10:00,36,10
PC0000274,T0001786,S0069,2025-01-01 08:10:00,3,2
PC0000275,T0000171,S0015,2025-01-01 08:10:00,7,20
PC0000276,T0000550,S0079,2025-01-01 08:10:00,4,20
PC0000277,T0000866,S0046,2025-01-01 08:10:00,26,10
PC0000278,T0001372,S0011,2025-01-01 08:10:00,26,24
PC0000279,T0001575,S0056,2025-01-01 08:10:00,12,10
PC0000280,T0000132,S0057,2025-01-01 08:10:00,24,6
PC0000281,T0001590,S0043,2025-01-01 08:10:00,39,17
PC0000282,T0001975,S0094,2025-01-01 08:10:00,32,16
PC0000283,T0001123,S0012,2025-01-01 08:10:00,28,24
PC0000284,T0000379,S0062,2025-01-01 08:10:00,31,8
PC0000285,T0001032,S0045,2025-01-01 08:10:00,37,17
PC0000286,T0000805,S0057,2025-01-01 08:10:00,16,10
PC0000287,T0001793,S0071,2025-01-01 08:10:00,3,11
PC0000288,T0000388,S0014,2025-01-01 08:10:00,50,26
PC0000289,T0000205,S0045,2025-01-01 08:10:00,12,30
PC0000290,T0001567,S0030,2025-01-01 08:10:00,32,24
PC0000291,T0000499,S0055,2025-01-01 08:10:00,39,20
PC0000292,T0000163,S0033,2025-01-01 08:10:00,45,25
PC0000293,T0000492,S0099,2025-01-01 08:10:00,4,26
PC0000294,T0000030,S0092,2025-01-01 08:10:00,20,26
PC0000295,T0000588,S0064,2025-01-01 08:10:00,2,13
PC0000296,T0000309,S0014,2025-01-01 08:10:00,0,15
PC0000297,T0000786,S0075,2025-01-01 08:10:00,16,5
PC0000298,T0000866,S0031,2025-01-01 08:10:00,4,7
PC0000299,T0000218,S0052,2025-01-01 08:10:00,16,30
PC0000300,T0000002,S0029,2025-01-01 08:10:00,8,9
PC0000301,T0001409,S0060,2025-01-01 08:10:00,22,29
PC0000302,T0000955,S0078,2025-01-01 08:10:00,4,27
PC0000303,T0001144,S0021,2025-01-01 08:10:00,25,15
PC0000304,T0000481,S0068,2025-01-01 08:10:00,39,12
PC0000305,T0001166,S0051,2025-01-01 08:10:00,24,9
PC0000306,T0001691,S0040,2025-01-01 08:10:00,47,2
PC0000307,T0001895,S0097,2025-01-01 08:10:00,1,28
PC0000308,T0000582,S0097,2025-01-01 08:10:00,47,13
PC0000309,T0000637,S0075,2025-01-01 08:10:00,4,19
PC0000310,T0001790,S0094,2025-01-01 08:10:00,48,16
PC0000311,T0001368,S0045,2025-01-01 08:10:00,4,21
PC0000312,T0000248,S0016,2025-01-01 08:10:00,31,7
PC0000313,T0001103,S0091,2025-01-01 08:10:00,15,25
PC0000314,T0000513,S0040,2025-01-01 08:10:00,14,19
PC0000315,T0000796,S0095,2025-01-01 08:10:00,8,25
PC0000316,T0001592,S0063,2025-01-01 08:10:00,24,7
PC0000317,T0001289,S0037,2025-01-01 08:10:00,43,16
PC0000318,T0000093,S0061,2025-01-01 08:10:00,36,18
PC0000319,T0000561,S0084,2025-01-01 08:10:00,39,14
PC0000320,T0001236,S0057,2025-01-01 08:10:00,34,0
PC0000321,T0000744,S0038,2025-01-01 08:10:00,24,20
PC0000322,T0000526,S0036,2025-01-01 08:10:00,50,9
PC0000323,T0000379,S0077,2025-01-01 08:10:00,20,20
PC0000324,T0001649,S0086,2025-01-01 08:10:00,23,13
PC0000325,T0000419,S0056,2025-01-01 08:10:00,23,3
PC0000326,T0001679,S0057,2025-01-01 08:10:00,500,14
PC0000327,T0001443,S0045,2025-01-01 08:10:00,42,27
PC0000328,T0000659,S0077,2025-01-01 08:10:00,16,26
PC0000329,T0001858,S0078,2025-01-01 08:10:00,17,5
PC0000330,T0001108,S0091,2025-01-01 08:10:00,35,9
PC0000331,T0001548,S0063,2025-01-01 08:10:00,37,5
PC0000332,T0001335,S0024,2025-01-01 08:10:00,0,0
PC0000333,T0001120,S0031,2025-01-01 08:10:00,40,22
PC0000334,T0000703,S0094,2025-01-01 08:10:00,32,8
PC0000335,T0000799,S0056,2025-01-01 08:10:00,26,9
PC0000336,T0000702,S0084,2025-01-01 08:10:00,43,4
PC0000337,T0000573,S0067,2025-01-01 08:10:00,21,11
PC0000338,T0000519,S0032,2025-01-01 08:10:00,14,10
PC0000339,T0000111,S0005,2025-01-01 08:10:00,8,29
PC0000340,T0000415,S0076,2025-01-01 08:10:00,9,3
PC0000341,T0001585,S0092,2025-01-01 08:10:00,29,13
PC0000342,T0000596,S0059,2025-01-01 08:10:00,33,14
PC0000343,T0000035,S0004,2025-01-01 08:10:00,5,13
PC0000344,T0000477,S0039,2025-01-01 08:10:00,10,9
PC0000345,T0000843,S0011,2025-01-01 08:10:00,24,30
PC0000346,T0000078,S0079,2025-01-01 08:10:00,12,10
PC0000347,T0000019,S0010,2025-01-01 08:10:00,5,30
PC0000348,T0001027,S0092,2025-01-01 08:10:00,50,2
PC0000349,T0000650,S0094,2025-01-01 08:10:00,45,2
PC0000350,T0001940,S0036,2025-01-01 08:10:00,40,2
PC0000351,T0001908,S0018,2025-01-01 08:10:00,1,24
PC0000352,T0001488,S0040,2025-01-01 08:10:00,29,5
PC0000353,T0001665,S0089,2025-01-01 08:10:00,4,24
PC0000354,T0000947,S0039,2025-01-01 08:10:00,40,26
PC0000355,T0000517,S0018,2025-01-01 08:10:00,38,0
PC0000356,T0001187,S0023,2025-01-01 08:10:00,45,15
PC0000357,T0001264,S0010,2025-01-01 08:10:00,45,17
PC0000358,T0001522,S0075,2025-01-01 08:10:00,18,2
PC0000359,T0000413,S0061,2025-01-01 08:10:00,32,3
PC0000360,T0000004,S0052,2025-01-01 08:10:00,35,20
PC0000361,T0001680,S0052,2025-01-01 08:10:00,44,5
PC0000362,T0001706,S0065,2025-01-01 08:10:00,21,18
PC0000363,T0000145,S0063,2025-01-01 08:10:00,29,28
PC0000364,T0000034,S0094,2025-01-01 08:10:00,11,25
PC0000365,T0001559,S0024,2025-01-01 08:10:00,18,23
PC0000366,T0000992,S0023,2025-01-01 08:10:00,44,8
PC0000367,T0001286,S0076,2025-01-01 08:10:00,11,28
PC0000368,T0001648,S0017,2025-01-01 08:10:00,37,26
PC0000369,T0000848,S0072,2025-01-01 08:10:00,2,17
PC0000370,T0000301,S0025,2025-01-01 08:10:00,33,23
PC0000371,T0000464,S0087,2025-01-01 08:10:00,7,10
PC0000372,T0000319,S0091,2025-01-01 08:10:00,44,22
PC0000373,T0001459,S0062,2025-01-01 08:10:00,44,8
PC0000374,T0000228,S0084,2025-01-01 08:10:00,18,3
PC0000375,T0000092,S0095,2025-01-01 08:10:00,40,28
PC0000376,T0000418,S0008,2025-01-01 08:10:00,20,13
PC0000377,T0000508,S0035,2025-01-01 08:10:00,5,3
PC0000378,T0000475,S0019,2025-01-01 08:10:00,21,5
PC0000379,T0000266,S0055,2025-01-01 08:10:00,50,11
PC0000380,T0001912,S0079,2025-01-01 08:10:00,42,4
PC0000381,T0001996,S0080,2025-01-01 08:10:00,45,3
PC0000382,T0000462,S0013,2025-01-01 08:10:00,20,23
PC0000383,T0000767,S0089,2025-01-01 08:10:00,8,9
PC0000384,T0001705,S0035,2025-01-01 08:10:00,48,12
PC0000385,T0000707,S0066,2025-01-01 08:10:00,50,26
PC0000386,T0001787,S0086,2025-01-01 08:10:00,21,0
PC0000387,T0001105,S0058,2025-01-01 08:10:00,26,22
PC0000388,T0001342,S0083,2025-01-01 08:10:00,8,18
PC0000389,T0000687,S0038,2025-01-01 08:10:00,9,16
PC0000390,T0000625,S0071,2025-01-01 08:10:00,37,30
PC0000391,T0001043,S0091,2025-01-01 08:10:00,5,20
PC0000392,T0000791,S0008,2025-01-01 08:10:00,16,9
PC0000393,T0001667,S0087,2025-01-01 08:10:00,37,7
PC0000394,T0001107,S0046,2025-01-01 08:10:00,14,20
PC0000395,T0001447,S0061,2025-01-01 08:10:00,25,8
PC0000396,T0000909,S0016,2025-01-01 08:10:00,18,23
PC0000397,T0000486,S0013,2025-01-01 08:10:00,4,12
PC0000398,T0000280,S0052,2025-01-01 08:10:00,17,22
PC0000399,T0000847,S0059,2025-01-01 08:10:00,6,5
PC0000400,T0001738,S0097,2025-01-01 08:10:00,16,9
PC0000401,T0001246,S0023,2025-01-01 08:10:00,42,27
PC0000402,T0001177,S0099,2025-01-01 08:10:00,33,4
PC0000403,T0000425,S0042,2025-01-01 08:10:00,2,14
PC0000404,T0001064,S0008,2025-01-01 08:10:00,24,29
PC0000405,T0000621,S0008,2025-01-01 08:10:00,46,25
PC0000406,T0001786,S0072,2025-01-01 08:10:00,46,22
PC0000407,T0000171,S0097,2025-01-01 08:10:00,26,7
PC0000408,T0000153,S0058,2025-01-01 08:10:00,41,7
PC0000409,T0000715,S0024,2025-01-01 08:10:00,39,10
PC0000410,T0001713,S0014,2025-01-01 08:10:00,40,29
PC0000411,T0001306,S0097,2025-01-01 08:10:00,14,1
PC0000412,T0001517,S0061,2025-01-01 08:10:00,50,19
PC0000413,T0000966,S0097,2025-01-01 08:10:00,30,20
PC0000414,T0000732,S0090,2025-01-01 08:10:00,31,27
PC0000415,T0001460,S0036,2025-01-01 08:10:00,4,28
PC0000416,T0000791,S0012,2025-01-01 08:10:00,17,3
PC0000417,T0000652,S0035,2025-01-01 08:10:00,46,11
PC0000418,T0000377,S0056,2025-01-01 08:10:00,45,5
PC0000419,T0000243,S0013,2025-01-01 08:10:00,19,20
PC0000420,T0000695,S0090,2025-01-01 08:10:00,0,24
PC0000421,T0001681,S0093,2025-01-01 08:10:00,47,29
PC0000422,T0001663,S0021,2025-01-01 08:10:00,50,30
PC0000423,T0001690,S0039,2025-01-01 08:10:00,0,16
PC0000424,T0000622,S0034,2025-01-01 08:10:00,20,10
PC0000425,T0001194,S0051,2025-01-01 08:10:00,5,5
PC0000426,T0000992,S0013,2025-01-01 08:10:00,37,21
PC0000427,T0000960,S0080,2025-01-01 08:10:00,47,23
PC0000428,T0001704,S0086,2025-01-01 08:10:00,31,11
PC0000429,T0001167,S0087,2025-01-01 08:10:00,13,17
PC0000430,T0001960,S0038,2025-01-01 08:10:00,39,26
PC0000431,T0000507,S0089,2025-01-01 08:10:00,27,0
PC0000432,T0001666,S0005,2025-01-01 08:10:00,24,0
PC0000433,T0000897,S0083,2025-01-01 08:10:00,4,3
PC0000434,T0000916,S0093,2025-01-01 08:10:00,24,10
PC0000435,T0000512,S0062,2025-01-01 08:10:00,8,4
PC0000436,T0001984,S0083,2025-01-01 08:10:00,27,6
PC0000437,T0001499,S0014,2025-01-01 08:10:00,10,8
PC0000438,T0000724,S0058,2025-01-01 08:10:00,11,12
PC0000439,T0001107,S0083,2025-01-01 08:10:00,0,26
PC0000440,T0001676,S0018,2025-01-01 08:10:00,46,17
PC0000441,T0000815,S0095,2025-01-01 08:10:00,49,2
PC0000442,T0001988,S0003,2025-01-01 08:10:00,1,10
PC0000443,T0001289,S0062,2025-01-01 08:10:00,31,16
PC0000444,T0001455,S0070,2025-01-01 08:10:00,16,25
PC0000445,T0001541,S0006,2025-01-01 08:10:00,40,7
PC0000446,T0001277,S0068,2025-01-01 08:10:00,15,18
PC0000447,T0001124,S0044,2025-01-01 08:10:00,29,26
PC0000448,T0001496,S0099,2025-01-01 08:10:00,30,13
PC0000449,T0000971,S0082,2025-01-01 08:10:00,0,8
PC0000450,T0000270,S0062,2025-01-01 08:10:00,38,14
PC0000451,T0001473,S0033,2025-01-01 08:10:00,30,4
PC0000452,T0000098,S0023,2025-01-01 08:10:00,19,15
PC0000453,T0000468,S0062,2025-01-01 08:10:00,18,16
PC0000454,T0001011,S0048,2025-01-01 08:10:00,3,14
PC0000455,T0001768,S0002,2025-01-01 08:10:00,44,7
PC0000456,T0000003,S0047,2025-01-01 08:10:00,20,21
PC0000457,T0000137,S0079,2025-01-01 08:10:00,44,23
PC0000458,T0001930,S0025,2025-01-01 08:10:00,6,19
PC0000459,T0000544,S0043,2025-01-01 08:10:00,25,29
PC0000460,T0001677,S0076,2025-01-01 08:10:00,44,2
PC0000461,T0001082,S0023,2025-01-01 08:10:00,27,2
PC0000462,T0001975,S0045,2025-01-01 08:10:00,39,16
PC0000463,T0000729,S0062,2025-01-01 08:10:00,41,5
PC0000464,T0001142,S0087,2025-01-01 08:10:00,44,2
PC0000465,T0000919,S0095,2025-01-01 08:10:00,37,7
PC0000466,T0000760,S0023,2025-01-01 08:10:00,50,28
PC0000467,T0001425,S0078,2025-01-01 08:10:00,14,24
PC0000468,T0000085,S0005,2025-01-01 08:10:00,29,5
PC0000469,T0001365,S0014,2025-01-01 08:10:00,50,25
PC0000470,T0001526,S0084,2025-01-01 08:10:00,32,3
PC0000471,T0001311,S0003,2025-01-01 08:10:00,42,19
PC0000472,T0000865,S0010,2025-01-01 08:10:00,40,28
PC0000473,T0000604,S0082,2025-01-01 08:10:00,17,18
PC0000474,T0000317,S0097,2025-01-01 08:10:00,19,21
PC0000475,T0000419,S0012,2025-01-01 08:10:00,50,15
PC0000476,T0001749,S0030,2025-01-01 08:10:00,15,2
PC0000477,T0000643,S0043,2025-01-01 08:10:00,1,20
PC0000478,T0001498,S0087,2025-01-01 08:10:00,43,14
PC0000479,T0000580,S0085,2025-01-01 08:10:00,28,30
PC0000480,T0001711,S0091,2025-01-01 08:10:00,19,10
PC0000481,T0000544,S0079,2025-01-01 08:10:00,37,22
PC0000482,T0001304,S0017,2025-01-01 08:10:00,26,0
PC0000483,T0000463,S0096,2025-01-01 08:10:00,11,27
PC0000484,T0001225,S0024,2025-01-01 08:10:00,45,27
PC0000485,T0000113,S0028,2025-01-01 08:10:00,10,26
PC0000486,T0001088,S0009,2025-01-01 08:10:00,36,28
PC0000487,T0000003,S0007,2025-01-01 08:10:00,45,5
PC0000488,T0000592,S0098,2025-01-01 08:10:00,19,5
PC0000489,T0000011,S0059,2025-01-01 08:10:00,5,16
PC0000490,T0000914,S0039,2025-01-01 08:10:00,31,10
PC0000491,T0001476,S0095,2025-01-01 08:10:00,1,4
PC0000492,T0000402,S0052,2025-01-01 08:10:00,36,6
PC0000493,T0001312,S0079,2025-01-01 08:10:00,22,6
PC0000494,T0001939,S0065,2025-01-01 08:10:00,1,16
PC0000495,T0000510,S0091,2025-01-01 08:10:00,7,15
PC0000496,T0001812,S0062,2025-01-01 08:10:00,29,16
PC0000497,T0000703,S0080,2025-01-01 08:10:00,14,16
PC0000498,T0000717,S0100,2025-01-01 08:10:00,6,16
PC0000499,T0000131,S0004,2025-01-01 08:10:00,28,11
PC0000500,T0001323,S0026,2025-01-01 08:10:00,32,27
PC0000501,T0001331,S0039,2025-01-01 08:10:00,39,23
PC0000502,T0001251,S0039,2025-01-01 08:10:00,24,14
PC0000503,T0000829,S0063,2025-01-01 08:10:00,31,14
PC0000504,T0001898,S0067,2025-01-01 08:10:00,24,13
PC0000505,T0001948,S0087,2025-01-01 08:10:00,11,12
PC0000506,T0000641,S0049,2025-01-01 08:10:00,21,22
PC0000507,T0001206,S0055,2025-01-01 08:10:00,3,30
PC0000508,T0000737,S0093,2025-01-01 08:10:00,44,13
PC0000509,T0000241,S0007,2025-01-01 08:10:00,12,7
PC0000510,T0000185,S0053,2025-01-01 08:10:00,1,17
PC0000511,T0001701,S0067,2025-01-01 08:10:00,12,28
PC0000512,T0000537,S0063,2025-01-01 08:10:00,21,17
PC0000513,T0001027,S0056,2025-01-01 08:10:00,34,26
PC0000514,T0001623,S0037,2025-01-01 08:10:00,40,22
PC0000515,T0000372,S0054,2025-01-01 08:10:00,30,2
PC0000516,T0001592,S0003,2025-01-01 08:10:00,26,8
PC0000517,T0000255,S0070,2025-01-01 08:10:00,45,3
PC0000518,T0000992,S0058,2025-01-01 08:10:00,31,13
PC0000519,T0000514,S0008,2025-01-01 08:10:00,14,20
PC0000520,T0000702,S0003,2025-01-01 08:10:00,30,2
PC0000521,T0000012,S0099,2025-01-01 08:10:00,15,13
PC0000522,T0001089,S0079,2025-01-01 08:10:00,31,17
PC0000523,T0000676,S0098,2025-01-01 08:10:00,17,13
PC0000524,T0001510,S0078,2025-01-01 08:10:00,27,19
PC0000525,T0001780,S0091,2025-01-01 08:10:00,44,6
PC0000526,T0000868,S0033,2025-01-01 08:10:00,500,23
PC0000527,T0001290,S0027,2025-01-01 08:10:00,33,14
PC0000528,T0001537,S0013,2025-01-01 08:10:00,7,4
PC0000529,T0001885,S0055,2025-01-01 08:10:00,2,0
PC0000530,T0001058,S0050,2025-01-01 08:10:00,32,26
PC0000531,T0001928,S0076,2025-01-01 08:10:00,30,1
PC0000532,T0001861,S0035,2025-01-01 08:10:00,10,14
PC0000533,T0000404,S0096,2025-01-01 08:10:00,3,0
PC0000534,T0001998,S0061,2025-01-01 08:10:00,49,4
PC0000535,T0000214,S0006,2025-01-01 08:10:00,27,16
PC0000536,T0001191,S0059,2025-01-01 08:10:00,24,22
PC0000537,T0000679,S0025,2025-01-01 08:10:00,33,0
PC0000538,T0000958,S0077,2025-01-01 08:10:00,21,18
PC0000539,T0001421,S0094,2025-01-01 08:10:00,19,9
PC0000540,T0001481,S0006,2025-01-01 08:10:00,6,26
PC0000541,T0000061,S0006,2025-01-01 08:10:00,49,22
PC0000542,T0001123,S0010,2025-01-01 08:10:00,45,19
PC0000543,T0000469,S0065,2025-01-01 08:10:00,39,3
PC0000544,T0000713,S0061,2025-01-01 08:10:00,34,18
PC0000545,T0000451,S0041,2025-01-01 08:10:00,0,21
PC0000546,T0001772,S0079,2025-01-01 08:10:00,29,13
PC0000547,T0001706,S0038,2025-01-01 08:10:00,34,12
PC0000548,T0000719,S0093,2025-01-01 08:10:00,34,6
PC0000549,T0000594,S0032,2025-01-01 08:10:00,14,20
PC0000550,T0001638,S0058,2025-01-01 08:10:00,18,26
PC0000551,T0001545,S0029,2025-01-01 08:10:00,13,13
PC0000552,T0001479,S0054,2025-01-01 08:10:00,38,18
PC0000553,T0000803,S0022,2025-01-01 08:10:00,500,15
PC0000554,T0001262,S0048,2025-01-01 08:10:00,6,4
PC0000555,T0001814,S0017,2025-01-01 08:10:00,32,23
PC0000556,T0000820,S0017,2025-01-01 08:10:00,46,11
PC0000557,T0000099,S0035,2025-01-01 08:10:00,50,9
PC0000558,T0001195,S0039,2025-01-01 08:10:00,46,14
PC0000559,T0000667,S0021,2025-01-01 08:10:00,11,4
PC0000560,T0000102,S0078,2025-01-01 08:10:00,10,21
PC0000561,T0001290,S0049,2025-01-01 08:10:00,36,16
PC0000562,T0001129,S0083,2025-01-01 08:10:00,3,8
PC0000563,T0001198,S0016,2025-01-01 08:10:00,40,14
PC0000564,T0001007,S0070,2025-01-01 08:10:00,35,21
PC0000565,T0001061,S0049,2025-01-01 08:10:00,18,18
PC0000566,T0000104,S0070,2025-01-01 08:10:00,34,4
PC0000567,T0000314,S0055,2025-01-01 08:10:00,2,6
PC0000568,T0000261,S0061,2025-01-01 08:10:00,22,0
PC0000569,T0001470,S0023,2025-01-01 08:10:00,45,13
PC0000570,T0001581,S0084,2025-01-01 08:10:00,49,14
PC0000571,T0001448,S0010,2025-01-01 08:10:00,15,8
PC0000572,T0001671,S0043,2025-01-01 08:10:00,48,8
PC0000573,T0000910,S0020,2025-01-01 08:10:00,2,23
PC0000574,T0000444,S0068,2025-01-01 08:10:00,4,17
PC0000575,T0000695,S0085,2025-01-01 08:10:00,34,12
PC0000576,T0001558,S0062,2025-01-01 08:10:00,0,23
PC0000577,T0001535,S0004,2025-01-01 08:10:00,11,18
PC0000578,T0000236,S0082,2025-01-01 08:10:00,33,7
PC0000579,T0000908,S0005,2025-01-01 08:10:00,37,0
PC0000580,T0000813,S0042,2025-01-01 08:10:00,48,17
PC0000581,T0000100,S0050,2025-01-01 08:10:00,19,10
PC0000582,T0001065,S0053,2025-01-01 08:10:00,22,12
PC0000583,T0001902,S0061,2025-01-01 08:10:00,17,30
PC0000584,T0001491,S0027,2025-01-01 08:10:00,32,21
PC0000585,T0000034,S0041,2025-01-01 08:10:00,23,7
PC0000586,T0000854,S0078,2025-01-01 08:10:00,32,19
PC0000587,T0000724,S0081,2025-01-01 08:10:00,2,23
PC0000588,T0000493,S0087,2025-01-01 08:10:00,0,3
PC0000589,T0000932,S0096,2025-01-01 08:10:00,2,17
PC0000590,T0000784,S0094,2025-01-01 08:10:00,6,24
PC0000591,T0000830,S0002,2025-01-01 08:10:00,19,22
PC0000592,T0000193,S0097,2025-01-01 08:10:00,49,11
PC0000593,T0001012,S0012,2025-01-01 08:10:00,41,6
PC0000594,T0000445,S0057,2025-01-01 08:10:00,47,16
PC0000595,T0001997,S0061,2025-01-01 08:10:00,5,2
PC0000596,T0001155,S0082,2025-01-01 08:10:00,34,3
PC0000597,T0000020,S0004,2025-01-01 08:10:00,45,20
PC0000598,T0000503,S0041,2025-01-01 08:10:00,48,24
PC0000599,T0001424,S0031,2025-01-01 08:10:00,50,17
PC0000600,T0001789,S0070,2025-01-01 08:10:00,32,17
PC0000601,T0001319,S0021,2025-01-01 08:10:00,32,23
PC0000602,T0000789,S0038,2025-01-01 08:10:00,2,3
PC0000603,T0000654,S0028,2025-01-01 08:10:00,9,12
PC0000604,T0001417,S0065,2025-01-01 08:10:00,32,26
PC0000605,T0001412,S0027,2025-01-01 08:10:00,28,16
PC0000606,T0001449,S0067,2025-01-01 08:10:00,49,14
PC0000607,T0001647,S0046,2025-01-01 08:10:00,2,24
PC0000608,T0001460,S0053,2025-01-01 08:10:00,41,5
PC0000609,T0000421,S0055,2025-01-01 08:10:00,36,12
PC0000610,T0001621,S0069,2025-01-01 08:10:00,25,0
PC0000611,T0001769,S0099,2025-01-01 08:10:00,16,24
PC0000612,T0001775,S0063,2025-01-01 08:10:00,8,30
PC0000613,T0001334,S0050,2025-01-01 08:10:00,50,13
PC0000614,T0001854,S0074,2025-01-01 08:10:00,32,23
PC0000615,T0000066,S0082,2025-01-01 08:10:00,9,24
PC0000616,T0001633,S0089,2025-01-01 08:10:00,29,29
PC0000617,T0000462,S0068,2025-01-01 08:10:00,26,22
PC0000618,T0001124,S0013,2025-01-01 08:10:00,35,27
PC0000619,T0000405,S0084,2025-01-01 08:10:00,31,17
PC0000620,T0001525,S0055,2025-01-01 08:10:00,31,1
PC0000621,T0001952,S0002,2025-01-01 08:10:00,0,18
PC0000622,T0000186,S0065,2025-01-01 08:10:00,19,0
PC0000623,T0001727,S0093,2025-01-01 08:10:00,29,3
PC0000624,T0001999,S0072,2025-01-01 08:10:00,35,24
PC0000625,T0000677,S0043,2025-01-01 08:10:00,15,3
PC0000626,T0000345,S0091,2025-01-01 08:10:00,38,3
PC0000627,T0001274,S0058,2025-01-01 08:10:00,25,4
PC0000628,T0000184,S0051,2025-01-01 08:10:00,38,8
PC0000629,T0001855,S0089,2025-01-01 08:10:00,5,9
PC0000630,T0001093,S0016,2025-01-01 08:10:00,34,3
PC0000631,T0001196,S0066,2025-01-01 08:10:00,11,21
PC0000632,T0001331,S0044,2025-01-01 08:10:00,31,28
PC0000633,T0000961,S0025,2025-01-01 08:10:00,37,28
PC0000634,T0001297,S0066,2025-01-01 08:10:00,38,14
PC0000635,T0001944,S0022,2025-01-01 08:10:00,44,3
PC0000636,T0000140,S0039,2025-01-01 08:10:00,50,15
PC0000637,T0000094,S0099,2025-01-01 08:10:00,25,27
PC0000638,T0001977,S0084,2025-01-01 08:10:00,34,26
PC0000639,T0000250,S0049,2025-01-01 08:10:00,13,16
PC0000640,T0001650,S0002,2025-01-01 08:10:00,35,22
PC0000641,T0000049,S0052,2025-01-01 08:10:00,22,26
PC0000642,T0000751,S0049,2025-01-01 08:10:00,42,4
PC0000643,T0000357,S0007,2025-01-01 08:10:00,30,25
PC0000644,T0000449,S0077,2025-01-01 08:10:00,39,30
PC0000645,T0001414,S0084,2025-01-01 08:10:00,12,10
PC0000646,T0000930,S0060,2025-01-01 08:10:00,40,19
PC0000647,T0001351,S0059,2025-01-01 08:10:00,19,23
PC0000648,T0001210,S0072,2025-01-01 08:10:00,28,5
PC0000649,T0001690,S0079,2025-01-01 08:10:00,26,17
PC0000650,T0000306,S0022,2025-01-01 08:10:00,13,7
PC0000651,T0000748,S0059,2025-01-01 08:10:00,26,16
PC0000652,T0000489,S0080,2025-01-01 08:10:00,11,28
PC0000653,T0001772,S0057,2025-01-01 08:10:00,37,3
PC0000654,T0001053,S0071,2025-01-01 08:10:00,31,27
PC0000655,T0001904,S0091,2025-01-01 08:10:00,5,15
PC0000656,T0001893,S0036,2025-01-01 08:10:00,38,30
PC0000657,T0001660,S0082,2025-01-01 08:10:00,17,26
PC0000658,T0001601,S0060,2025-01-01 08:10:00,24,10
PC0000659,T0001696,S0094,2025-01-01 08:10:00,42,3
PC0000660,T0001859,S0025,2025-01-01 08:10:00,47,15
PC0000661,T0000059,S0071,2025-01-01 08:10:00,48,13
PC0000662,T0001071,S0057,2025-01-01 08:10:00,33,12
PC0000663,T0001384,S0011,2025-01-01 08:10:00,14,3
PC0000664,T0001321,S0049,2025-01-01 08:10:00,6,16
PC0000665,T0001877,S0029,2025-01-01 08:10:00,11,16
PC0000666,T0001420,S0079,2025-01-01 08:10:00,20,6
PC0000667,T0001383,S0094,2025-01-01 08:10:00,42,1
PC0000668,T0000290,S0019,2025-01-01 08:10:00,39,20
PC0000669,T0001762,S0022,2025-01-01 08:10:00,48,15
PC0000670,T0000361,S0031,2025-01-01 08:10:00,36,24
PC0000671,T0001396,S0010,2025-01-01 08:10:00,14,11
PC0000672,T0001423,S0047,2025-01-01 08:10:00,36,1
PC0000673,T0000236,S0009,2025-01-01 08:10:00,32,0
PC0000674,T0001035,S0062,2025-01-01 08:10:00,37,21
PC0000675,T0000258,S0078,2025-01-01 08:10:00,30,16
PC0000676,T0001765,S0011,2025-01-01 08:10:00,34,15
PC0000677,T0001489,S0033,2025-01-01 08:10:00,42,8
PC0000678,T0001052,S0072,2025-01-01 08:10:00,7,15
PC0000679,T0000796,S0021,2025-01-01 08:10:00,47,17
PC0000680,T0001263,S0075,2025-01-01 08:10:00,38,17
PC0000681,T0001755,S0026,2025-01-01 08:10:00,18,17
PC0000682,T0000616,S0003,2025-01-01 08:10:00,41,12
PC0000683,T0001914,S0070,2025-01-01 08:10:00,11,17
PC0000684,T0001374,S0087,2025-01-01 08:10:00,16,21
PC0000685,T0001838,S0044,2025-01-01 08:10:00,50,7
PC0000686,T0001096,S0086,2025-01-01 08:10:00,16,20
PC0000687,T0001797,S0031,2025-01-01 08:10:00,17,3
PC0000688,T0000387,S0004,2025-01-01 08:10:00,19,0
PC0000689,T0000273,S0061,2025-01-01 08:10:00,24,25
PC0000690,T0001971,S0057,2025-01-01 08:10:00,30,29
PC0000691,T0001977,S0056,2025-01-01 08:10:00,42,17
PC0000692,T0001246,S0058,2025-01-01 08:10:00,32,26
PC0000693,T0001185,S0005,2025-01-01 08:10:00,30,7
PC0000694,T0001554,S0076,2025-01-01 08:10:00,26,15
PC0000695,T0001935,S0053,2025-01-01 08:10:00,33,8
PC0000696,T0000166,S0045,2025-01-01 08:10:00,31,18
PC0000697,T0001151,S0048,2025-01-01 08:10:00,10,20
PC0000698,T0001667,S0028,2025-01-01 08:10:00,23,24
PC0000699,T0000957,S0021,2025-01-01 08:10:00,-5,15
PC0000700,T0001457,S0050,2025-01-01 08:10:00,28,25
PC0000701,T0001920,S0034,2025-01-01 08:10:00,41,29
PC0000702,T0001608,S0088,2025-01-01 08:10:00,1,22
PC0000703,T0000138,S0009,2025-01-01 08:10:00,44,20
PC0000704,T0001609,S0092,2025-01-01 08:10:00,43,24
PC0000705,T0001569,S0014,2025-01-01 08:10:00,49,17
PC0000706,T0000643,S0046,2025-01-01 08:10:00,8,21
PC0000707,T0000225,S0086,2025-01-01 08:10:00,14,21
PC0000708,T0000003,S0052,2025-01-01 08:10:00,11,22
PC0000709,T0001740,S0090,2025-01-01 08:10:00,46,8
PC0000710,T0000166,S0041,2025-01-01 08:10:00,0,1
PC0000711,T0001063,S0043,2025-01-01 08:10:00,17,24
PC0000712,T0000878,S0015,2025-01-01 08:10:00,500,14
PC0000713,T0000286,S0023,2025-01-01 08:10:00,0,10
PC0000714,T0001696,S0001,2025-01-01 08:10:00,8,5
PC0000715,T0001229,S0029,2025-01-01 08:10:00,46,28
PC0000716,T0000355,S0089,2025-01-01 08:10:00,16,15
PC0000717,T0001252,S0060,2025-01-01 08:10:00,37,20
PC0000718,T0000954,S0036,2025-01-01 08:10:00,37,22
PC0000719,T0001185,S0014,2025-01-01 08:10:00,12,2
PC0000720,T0001907,S0049,2025-01-01 08:10:00,45,19
PC0000721,T0000654,S0045,2025-01-01 08:10:00,11,15
PC0000722,T0000441,S0001,2025-01-01 08:10:00,2,7
PC0000723,T0001008,S0045,2025-01-01 08:10:00,8,28
PC0000724,T0000492,S0035,2025-01-01 08:10:00,1,2
PC0000725,T0000931,S0031,2025-01-01 08:10:00,5,12
PC0000726,T0000113,S0060,2025-01-01 08:10:00,31,1
PC0000727,T0001685,S0080,2025-01-01 08:10:00,15,2
PC0000728,T0002000,S0060,2025-01-01 08:10:00,16,24
PC0000729,T0000908,S0048,2025-01-01 08:10:00,36,7
PC0000730,T0001228,S0099,2025-01-01 08:10:00,34,11
PC0000731,T0001795,S0007,2025-01-01 08:10:00,48,3
PC0000732,T0000405,S0066,2025-01-01 08:10:00,19,23
PC0000733,T0000155,S0084,2025-01-01 08:10:00,37,30
PC0000734,T0001371,S0030,2025-01-01 08:10:00,0,24
PC0000735,T0000337,S0038,2025-01-01 08:10:00,47,26
PC0000736,T0000556,S0064,2025-01-01 08:10:00,37,22
PC0000737,T0000235,S0037,2025-01-01 08:10:00,7,30
PC0000738,T0000057,S0031,2025-01-01 08:10:00,27,21
PC0000739,T0000132,S0054,2025-01-01 08:10:00,26,12
PC0000740,T0001436,S0068,2025-01-01 08:10:00,20,11
PC0000741,T0000305,S0044,2025-01-01 08:10:00,33,26
PC0000742,T0000945,S0023,2025-01-01 08:10:00,41,3
PC0000743,T0001002,S0094,2025-01-01 08:10:00,11,11
PC0000744,T0001568,S0047,2025-01-01 08:10:00,42,18
PC0000745,T0001685,S0062,2025-01-01 08:10:00,21,0
PC0000746,T0000759,S0066,2025-01-01 08:10:00,500,28
PC0000747,T0001311,S0043,2025-01-01 08:10:00,17,14
PC0000748,T0000162,S0009,2025-01-01 08:10:00,26,27
PC0000749,T0000194,S0077,2025-01-01 08:10:00,24,15
PC0000750,T0001224,S0058,2025-01-01 08:10:00,5,26
PC0000751,T0001917,S0086,2025-01-01 08:10:00,0,17
PC0000752,T0001033,S0002,2025-01-01 08:10:00,9,19
PC0000753,T0000995,S0011,2025-01-01 08:10:00,20,26
PC0000754,T0000603,S0052,2025-01-01 08:10:00,10,26
PC0000755,T0001246,S0011,2025-01-01 08:10:00,33,5
PC0000756,T0000247,S0067,2025-01-01 08:10:00,15,28
PC0000757,T0000261,S0079,2025-01-01 08:10:00,23,23
PC0000758,T0001194,S0015,2025-01-01 08:10:00,1,2
PC0000759,T0001747,S0032,2025-01-01 08:10:00,10,19
PC0000760,T0000263,S0020,2025-01-01 08:10:00,20,5
PC0000761,T0000564,S0019,2025-01-01 08:10:00,46,1
PC0000762,T0000076,S0009,2025-01-01 08:10:00,14,21
PC0000763,T0000747,S0012,2025-01-01 08:10:00,32,21
PC0000764,T0001672,S0099,2025-01-01 08:10:00,43,18
PC0000765,T0001063,S0029,2025-01-01 08:10:00,21,25
PC0000766,T0001241,S0079,2025-01-01 08:10:00,2,1
PC0000767,T0001918,S0053,2025-01-01 08:10:00,16,5
PC0000768,T0001848,S0012,2025-01-01 08:10:00,25,15
PC0000769,T0001299,S0086,2025-01-01 08:10:00,-5,23
PC0000770,T0000387,S0093,2025-01-01 08:10:00,25,29
PC0000771,T0000379,S0085,2025-01-01 08:10:00,10,23
PC0000772,T0000183,S0007,2025-01-01 08:10:00,19,19
PC0000773,T0000292,S0007,2025-01-01 08:10:00,26,0
PC0000774,T0001147,S0093,2025-01-01 08:10:00,8,15
PC0000775,T0001985,S0041,2025-01-01 08:10:00,36,16
PC0000776,T0000754,S0083,2025-01-01 08:10:00,12,6
PC0000777,T0000775,S0007,2025-01-01 08:10:00,22,5
PC0000778,T0000636,S0046,2025-01-01 08:10:00,6,12
PC0000779,T0000229,S0092,2025-01-01 08:10:00,39,25
PC0000780,T0000135,S0003,2025-01-01 08:10:00,39,10
PC0000781,T0001663,S0062,2025-01-01 08:10:00,19,16
PC0000782,T0001869,S0001,2025-01-01 08:10:00,18,16
PC0000783,T0001808,S0049,2025-01-01 08:10:00,14,21
PC0000784,T0001093,S0027,2025-01-01 08:10:00,39,10
PC0000785,T0000896,S0057,2025-01-01 08:10:00,1,23
PC0000786,T0001558,S0051,2025-01-01 08:10:00,45,26
PC0000787,T0001340,S0084,2025-01-01 08:10:00,15,9
PC0000788,T0001634,S0056,2025-01-01 08:10:00,0,27
PC0000789,T0000158,S0031,2025-01-01 08:10:00,12,26
PC0000790,T0001266,S0063,2025-01-01 08:10:00,14,13
PC0000791,T0001046,S0095,2025-01-01 08:10:00,45,18
PC0000792,T0000046,S0090,2025-01-01 08:10:00,17,8
PC0000793,T0001122,S0085,2025-01-01 08:10:00,39,22
PC0000794,T0000927,S0043,2025-01-01 08:10:00,25,22
PC0000795,T0000335,S0054,2025-01-01 08:10:00,29,24
PC0000796,T0000941,S0023,2025-01-01 08:10:00,50,26
PC0000797,T0000565,S0066,2025-01-01 08:10:00,1,6
PC0000798,T0001936,S0061,2025-01-01 08:10:00,44,1
PC0000799,T0001630,S0014,2025-01-01 08:10:00,19,0
PC0000800,T0001347,S0047,2025-01-01 08:10:00,46,30
PC0000801,T0000407,S0027,2025-01-01 08:10:00,8,24
PC0000802,T0001209,S0053,2025-01-01 08:10:00,48,26
PC0000803,T0000558,S0088,2025-01-01 08:10:00,25,8
PC0000804,T0001756,S0016,2025-01-01 08:10:00,14,1
PC0000805,T0000404,S0070,2025-01-01 08:10:00,1,15
PC0000806,T0000227,S0010,2025-01-01 08:10:00,17,29
PC0000807,T0000060,S0100,2025-01-01 08:10:00,27,11
PC0000808,T0001985,S0065,2025-01-01 08:10:00,24,1
PC0000809,T0000065,S0030,2025-01-01 08:10:00,48,26
PC0000810,T0000700,S0004,2025-01-01 08:10:00,8,1
PC0000811,T0001679,S0093,2025-01-01 08:10:00,24,25
PC0000812,T0000653,S0092,2025-01-01 08:10:00,46,11
PC0000813,T0001814,S0031,2025-01-01 08:10:00,36,30
PC0000814,T0000137,S0076,2025-01-01 08:10:00,16,9
PC0000815,T0000051,S0008,2025-01-01 08:10:00,15,3
PC0000816,T0001652,S0091,2025-01-01 08:10:00,6,9
PC0000817,T0001818,S0038,2025-01-01 08:10:00,36,28
PC0000818,T0000886,S0019,2025-01-01 08:10:00,35,5
PC0000819,T0000816,S0022,2025-01-01 08:10:00,24,2
PC0000820,T0000372,S0075,2025-01-01 08:10:00,7,6
PC0000821,T0001787,S0098,2025-01-01 08:10:00,19,3
PC0000822,T0000226,S0020,2025-01-01 08:10:00,4,8
PC0000823,T0000919,S0081,2025-01-01 08:10:00,36,0
PC0000824,T0000580,S0075,2025-01-01 08:10:00,19,0
PC0000825,T0001567,S0039,2025-01-01 08:10:00,47,6
PC0000826,T0000677,S0080,2025-01-01 08:10:00,37,7
PC0000827,T0000395,S0008,2025-01-01 08:10:00,45,21
PC0000828,T0001378,S0005,2025-01-01 08:10:00,22,8
PC0000829,T0000913,S0021,2025-01-01 08:10:00,30,14
PC0000830,T0001378,S0057,2025-01-01 08:10:00,15,3
PC0000831,T0001715,S0095,2025-01-01 08:10:00,12,9
PC0000832,T0000486,S0002,2025-01-01 08:10:00,48,18
PC0000833,T0001259,S0001,2025-01-01 08:10:00,10,8
PC0000834,T0001638,S0066,2025-01-01 08:10:00,6,23
PC0000835,T0000427,S0027,2025-01-01 08:10:00,45,26
PC0000836,T0000813,S0010,2025-01-01 08:10:00,17,30
PC0000837,T0001423,S0016,2025-01-01 08:10:00,28,8
PC0000838,T0001293,S0027,2025-01-01 08:10:00,4,5
PC0000839,T0001593,S0041,2025-01-01 08:10:00,7,14
PC0000840,T0001122,S0037,2025-01-01 08:10:00,3,15
PC0000841,T0000598,S0023,2025-01-01 08:10:00,33,7
PC0000842,T0000792,S0018,2025-01-01 08:10:00,30,28
PC0000843,T0000855,S0065,2025-01-01 08:10:00,16,20
PC0000844,T0001196,S0012,2025-01-01 08:10:00,5,14
PC0000845,T0001076,S0007,2025-01-01 08:10:00,27,8
PC0000846,T0001666,S0035,2025-01-01 08:10:00,0,14
PC0000847,T0000493,S0021,2025-01-01 08:10:00,11,16
PC0000848,T0000130,S0055,2025-01-01 08:10:00,28,18
PC0000849,T0001925,S0077,2025-01-01 08:10:00,3,2
PC0000850,T0000725,S0081,2025-01-01 08:10:00,5,5
PC0000851,T0001537,S0066,2025-01-01 08:10:00,15,18
PC0000852,T0000565,S0094,2025-01-01 08:10:00,27,29
PC0000853,T0001670,S0032,2025-01-01 08:10:00,17,18
PC0000854,T0000041,S0034,2025-01-01 08:10:00,40,20
PC0000855,T0001348,S0086,2025-01-01 08:10:00,35,2
PC0000856,T0000067,S0090,2025-01-01 08:10:00,43,9
PC0000857,T0000911,S0065,2025-01-01 08:10:00,12,30
PC0000858,T0001590,S0015,2025-01-01 08:10:00,19,20
PC0000859,T0001173,S0091,2025-01-01 08:10:00,28,24
PC0000860,T0001542,S0066,2025-01-01 08:10:00,42,20
PC0000861,T0001316,S0024,2025-01-01 08:10:00,25,26
PC0000862,T0001222,S0077,2025-01-01 08:10:00,500,10
PC0000863,T0001633,S0046,2025-01-01 08:10:00,6,17
PC0000864,T0000288,S0002,2025-01-01 08:10:00,49,30
PC0000865,T0001672,S0007,2025-01-01 08:10:00,35,15
PC0000866,T0001401,S0077,2025-01-01 08:10:00,22,6
PC0000867,T0000523,S0033,2025-01-01 08:10:00,0,7
PC0000868,T0000503,S0040,2025-01-01 08:10:00,49,1
PC0000869,T0000726,S0097,2025-01-01 08:10:00,50,14
PC0000870,T0000981,S0065,2025-01-01 08:10:00,50,19
PC0000871,T0000376,S0098,2025-01-01 08:10:00,3,25
PC0000872,T0001128,S0044,2025-01-01 08:10:00,20,18
PC0000873,T0001575,S0004,2025-01-01 08:10:00,13,19
PC0000874,T0001903,S0035,2025-01-01 08:10:00,27,5
PC0000875,T0000733,S0054,2025-01-01 08:10:00,2,21
PC0000876,T0001343,S0070,2025-01-01 08:10:00,26,18
PC0000877,T0000279,S0023,2025-01-01 08:10:00,17,12
PC0000878,T0001604,S0021,2025-01-01 08:10:00,2,21
PC0000879,T0000592,S0080,2025-01-01 08:10:00,27,18
PC0000880,T0000629,S0026,2025-01-01 08:10:00,33,22
PC0000881,T0001215,S0071,2025-01-01 08:10:00,47,17
PC0000882,T0001750,S0088,2025-01-01 08:10:00,25,28
PC0000883,T0000490,S0010,2025-01-01 08:10:00,43,21
PC0000884,T0001629,S0035,2025-01-01 08:10:00,2,13
PC0000885,T0000904,S0036,2025-01-01 08:10:00,3,21
PC0000886,T0000690,S0031,2025-01-01 08:10:00,46,22
PC0000887,T0000978,S0089,2025-01-01 08:10:00,19,29
PC0000888,T0001871,S0098,2025-01-01 08:10:00,41,1
PC0000889,T0000244,S0080,2025-01-01 08:10:00,18,27
PC0000890,T0000211,S0072,2025-01-01 08:10:00,12,7
PC0000891,T0000428,S0043,2025-01-01 08:10:00,42,16
PC0000892,T0000328,S0011,2025-01-01 08:10:00,4,1
PC0000893,T0000631,S0041,2025-01-01 08:10:00,22,11
PC0000894,T0000706,S0066,2025-01-01 08:10:00,22,5
PC0000895,T0000325,S0043,2025-01-01 08:10:00,41,8
PC0000896,T0000503,S0085,2025-01-01 08:10:00,26,14
PC0000897,T0000832,S0081,2025-01-01 08:10:00,9,19
PC0000898,T0001537,S0026,2025-01-01 08:10:00,4,11
PC0000899,T0000518,S0071,2025-01-01 08:10:00,5,26
PC0000900,T0000316,S0099,2025-01-01 08:10:00,1,9
PC0000901,T0000340,S0047,2025-01-01 08:10:00,49,23
PC0000902,T0000343,S0047,2025-01-01 08:10:00,28,28
PC0000903,T0001851,S0090,2025-01-01 08:10:00,48,23
PC0000904,T0001804,S0026,2025-01-01 08:10:00,22,1
PC0000905,T0000403,S0087,2025-01-01 08:10:00,27,20
PC0000906,T0000348,S0002,2025-01-01 08:10:00,11,23
PC0000907,T0000173,S0047,2025-01-01 08:10:00,36,30
PC0000908,T0001541,S0076,2025-01-01 08:10:00,43,13
PC0000909,T0000529,S0045,2025-01-01 08:10:00,25,16
PC0000910,T0000255,S0011,2025-01-01 08:10:00,34,2
PC0000911,T0001729,S0020,2025-01-01 08:10:00,40,1
PC0000912,T0001485,S0051,2025-01-01 08:10:00,48,5
PC0000913,T0001439,S0018,2025-01-01 08:10:00,20,14
PC0000914,T0000841,S0087,2025-01-01 08:10:00,13,20
PC0000915,T0000448,S0097,2025-01-01 08:10:00,11,6
PC0000916,T0001387,S0063,2025-01-01 08:10:00,29,12
PC0000917,T0001095,S0008,2025-01-01 08:10:00,35,26
PC0000918,T0001986,S0057,2025-01-01 08:10:00,15,23
PC0000919,T0000275,S0082,2025-01-01 08:10:00,33,22
PC0000920,T0000213,S0089,2025-01-01 08:10:00,4,8
PC0000921,T0001287,S0077,2025-01-01 08:10:00,19,16
PC0000922,T0001338,S0027,2025-01-01 08:10:00,18,25
PC0000923,T0000941,S0039,2025-01-01 08:10:00,47,30
PC0000924,T0000011,S0055,2025-01-01 08:10:00,12,28
PC0000925,T0001516,S0003,2025-01-01 08:10:00,20,11
PC0000926,T0001043,S0028,2025-01-01 08:10:00,12,9
PC0000927,T0001881,S0097,2025-01-01 08:10:00,44,11
PC0000928,T0000366,S0094,2025-01-01 08:10:00,45,8
PC0000929,T0000389,S0009,2025-01-01 08:10:00,0,12
PC0000930,T0001517,S0083,2025-01-01 08:10:00,31,13
PC0000931,T0000498,S0034,2025-01-01 08:10:00,28,20
PC0000932,T0001906,S0068,2025-01-01 08:10:00,29,23
PC0000933,T0000379,S0033,2025-01-01 08:10:00,25,5
PC0000934,T0001821,S0086,2025-01-01 08:10:00,11,30
PC0000935,T0001601,S0065,2025-01-01 08:10:00,11,10
PC0000936,T0000852,S0044,2025-01-01 08:10:00,16,18
PC0000937,T0001854,S0010,2025-01-01 08:10:00,23,5
PC0000938,T0001075,S0030,2025-01-01 08:10:00,33,12
PC0000939,T0000237,S0021,2025-01-01 08:10:00,5,18
PC0000940,T0001301,S0080,2025-01-01 08:10:00,40,15
PC0000941,T0001202,S0087,2025-01-01 08:10:00,42,21
PC0000942,T0000602,S0092,2025-01-01 08:10:00,19,14
PC0000943,T0000055,S0004,2025-01-01 08:10:00,30,7
PC0000944,T0001239,S0017,2025-01-01 08:10:00,31,1
PC0000945,T0000830,S0049,2025-01-01 08:10:00,0,15
PC0000946,T0000700,S0044,2025-01-01 08:10:00,16,16
PC0000947,T0000329,S0002,2025-01-01 08:10:00,18,9
PC0000948,T0000933,S0026,2025-01-01 08:10:00,40,29
PC0000949,T0001559,S0064,2025-01-01 08:10:00,37,22
PC0000950,T0000722,S0014,2025-01-01 08:10:00,43,25
PC0000951,T0000073,S0023,2025-01-01 08:10:00,11,20
PC0000952,T0001621,S0029,2025-01-01 08:10:00,0,16
PC0000953,T0000089,S0028,2025-01-01 08:10:00,23,25
PC0000954,T0001824,S0026,2025-01-01 08:10:00,21,1
PC0000955,T0000614,S0007,2025-01-01 08:10:00,30,25
PC0000956,T0001474,S0070,2025-01-01 08:10:00,17,7
PC0000957,T0001982,S0093,2025-01-01 08:10:00,6,30
PC0000958,T0000855,S0007,2025-01-01 08:10:00,5,29
PC0000959,T0000669,S0007,2025-01-01 08:10:00,37,26
PC0000960,T0001536,S0083,2025-01-01 08:10:00,9,18
PC0000961,T0000015,S0099,2025-01-01 08:10:00,42,27
PC0000962,T0001529,S0026,2025-01-01 08:10:00,28,15
PC0000963,T0001509,S0087,2025-01-01 08:10:00,1,23
PC0000964,T0001251,S0018,2025-01-01 08:10:00,34,0
PC0000965,T0000344,S0019,2025-01-01 08:10:00,10,8
PC0000966,T0000441,S0003,2025-01-01 08:10:00,50,13
PC0000967,T0001529,S0017,2025-01-01 08:10:00,14,9
PC0000968,T0001234,S0070,2025-01-01 08:10:00,30,12
PC0000969,T0001657,S0088,2025-01-01 08:10:00,9,3
PC0000970,T0000074,S0006,2025-01-01 08:10:00,46,11
PC0000971,T0001407,S0071,2025-01-01 08:10:00,42,26
PC0000972,T0001948,S0075,2025-01-01 08:10:00,26,12
PC0000973,T0000745,S0057,2025-01-01 08:10:00,43,13
PC0000974,T0001274,S0021,2025-01-01 08:10:00,11,16
PC0000975,T0000076,S0074,2025-01-01 08:10:00,47,28
PC0000976,T0001068,S0008,2025-01-01 08:10:00,18,30
PC0000977,T0001973,S0029,2025-01-01 08:10:00,48,4
PC0000978,T0001590,S0089,2025-01-01 08:10:00,38,15
PC0000979,T0000352,S0059,2025-01-01 08:10:00,2,21
PC0000980,T0001473,S0026,2025-01-01 08:10:00,12,4
PC0000981,T0000958,S0057,2025-01-01 08:10:00,45,23
PC0000982,T0000759,S0017,2025-01-01 08:10:00,21,15
PC0000983,T0001733,S0058,2025-01-01 08:10:00,9,3
PC0000984,T0001420,S0005,2025-01-01 08:10:00,37,14
PC0000985,T0000081,S0095,2025-01-01 08:10:00,45,19
PC0000986,T0001441,S0049,2025-01-01 08:10:00,3,9
PC0000987,T0001418,S0020,2025-01-01 08:10:00,44,9
PC0000988,T0000295,S0034,2025-01-01 08:10:00,48,16
PC0000989,T0001093,S0042,2025-01-01 08:10:00,21,26
PC0000990,T0001872,S0032,2025-01-01 08:10:00,35,13
PC0000991,T0001087,S0046,2025-01-01 08:10:00,44,29
PC0000992,T0001386,S0083,2025-01-01 08:10:00,0,27
PC0000993,T0000502,S0008,2025-01-01 08:10:00,18,19
PC0000994,T0000032,S0019,2025-01-01 08:10:00,19,7
PC0000995,T0000138,S0012,2025-01-01 08:10:00,5,24
PC0000996,T0001820,S0004,2025-01-01 08:10:00,32,5
PC0000997,T0001251,S0099,2025-01-01 08:10:00,18,2
PC0000998,T0000945,S0007,2025-01-01 08:10:00,6,25
PC0000999,T0000177,S0064,2025-01-01 08:10:00,0,4
PC0001000,T0000878,S0090,2025-01-01 08:10:00,12,23
PC0001001,T0000178,S0073,2025-01-01 08:10:00,2,20
PC0001002,T0001874,S0036,2025-01-01 08:10:00,1,16
PC0001003,T0001729,S0022,2025-01-01 08:10:00,9,25
PC0001004,T0001474,S0065,2025-01-01 08:10:00,38,3
PC0001005,T0000260,S0100,2025-01-01 08:10:00,25,13
PC0001006,T0000819,S0049,2025-01-01 08:10:00,41,18
PC0001007,T0001523,S0050,2025-01-01 08:10:00,38,14
PC0001008,T0000187,S0081,2025-01-01 08:10:00,12,9
PC0001009,T0000109,S0083,2025-01-01 08:10:00,9,5
PC0001010,T0000857,S0098,2025-01-01 08:10:00,20,20
PC0001011,T0001692,S0058,2025-01-01 08:10:00,22,4
PC0001012,T0000190,S0009,2025-01-01 08:10:00,49,15
PC0001013,T0000412,S0011,2025-01-01 08:10:00,18,4
PC0001014,T0001312,S0048,2025-01-01 08:10:00,22,6
PC0001015,T0000554,S0020,2025-01-01 08:10:00,22,18
PC0001016,T0001375,S0064,2025-01-01 08:10:00,17,3
PC0001017,T0000490,S0081,2025-01-01 08:10:00,1,14
PC0001018,T0000577,S0019,2025-01-01 08:10:00,22,16
PC0001019,T0001971,S0001,2025-01-01 08:10:00,30,28
PC0001020,T0001481,S0029,2025-01-01 08:10:00,18,9
PC0001021,T0000674,S0011,2025-01-01 08:10:00,35,17
PC0001022,T0000848,S0056,2025-01-01 08:10:00,40,5
PC0001023,T0001423,S0095,2025-01-01 08:10:00,49,24
PC0001024,T0001292,S0055,2025-01-01 08:10:00,41,5
PC0001025,T0000869,S0056,2025-01-01 08:10:00,43,22
PC0001026,T0000034,S0027,2025-01-01 08:10:00,12,28
PC0001027,T0001463,S0014,2025-01-01 08:10:00,-5,24
PC0001028,T0000116,S0094,2025-01-01 08:10:00,19,13
PC0001029,T0000604,S0098,2025-01-01 08:10:00,48,4
PC0001030,T0001554,S0005,2025-01-01 08:10:00,48,10
PC0001031,T0001906,S0069,2025-01-01 08:10:00,35,4
PC0001032,T0000457,S0094,2025-01-01 08:10:00,37,17
PC0001033,T0001200,S0010,2025-01-01 08:10:00,29,19
PC0001034,T0000722,S0027,2025-01-01 08:10:00,17,18
PC0001035,T0000282,S0021,2025-01-01 08:10:00,30,19
PC0001036,T0001638,S0043,2025-01-01 08:10:00,25,27
PC0001037,T0000134,S0083,2025-01-01 08:10:00,18,0
PC0001038,T0001865,S0048,2025-01-01 08:10:00,36,3
PC0001039,T0000423,S0010,2025-01-01 08:10:00,35,16
PC0001040,T0001646,S0081,2025-01-01 08:10:00,19,6
PC0001041,T0000223,S0093,2025-01-01 08:10:00,41,4
PC0001042,T0000034,S0100,2025-01-01 08:10:00,41,23
PC0001043,T0001890,S0064,2025-01-01 08:10:00,23,27
PC0001044,T0001248,S0040,2025-01-01 08:10:00,40,0
PC0001045,T0000656,S0015,2025-01-01 08:10:00,2,0
PC0001046,T0001641,S0032,2025-01-01 08:10:00,0,28
PC0001047,T0001457,S0012,2025-01-01 08:10:00,38,25
PC0001048,T0000299,S0022,2025-01-01 08:10:00,40,20
PC0001049,T0001880,S0083,2025-01-01 08:10:00,-5,25
PC0001050,T0001307,S0075,2025-01-01 08:10:00,32,29
PC0001051,T0001455,S0095,2025-01-01 08:10:00,40,13
PC0001052,T0001667,S0008,2025-01-01 08:10:00,41,13
PC0001053,T0001809,S0057,2025-01-01 08:10:00,1,8
PC0001054,T0000491,S0042,2025-01-01 08:10:00,43,22
PC0001055,T0000226,S0015,2025-01-01 08:10:00,19,28
PC0001056,T0000903,S0086,2025-01-01 08:10:00,27,3
PC0001057,T0000535,S0092,2025-01-01 08:10:00,41,9
PC0001058,T0001158,S0043,2025-01-01 08:10:00,35,0
PC0001059,T0000327,S0039,2025-01-01 08:10:00,12,23
PC0001060,T0000243,S0072,2025-01-01 08:10:00,12,23
PC0001061,T0000602,S0014,2025-01-01 08:10:00,40,28
PC0001062,T0001169,S0066,2025-01-01 08:10:00,20,11
PC0001063,T0001309,S0021,2025-01-01 08:10:00,5,6
PC0001064,T0001153,S0042,2025-01-01 08:10:00,6,30
PC0001065,T0001648,S0008,2025-01-01 08:10:00,20,2
PC0001066,T0001792,S0082,2025-01-01 08:10:00,8,26
PC0001067,T0001205,S0067,2025-01-01 08:10:00,46,5
PC0001068,T0001247,S0087,2025-01-01 08:10:00,29,24
PC0001069,T0001062,S0069,2025-01-01 08:10:00,6,27
PC0001070,T0000226,S0031,2025-01-01 08:10:00,32,12
PC0001071,T0000368,S0010,2025-01-01 08:10:00,30,30
PC0001072,T0001417,S0095,2025-01-01 08:10:00,12,27
PC0001073,T0001063,S0033,2025-01-01 08:10:00,8,21
PC0001074,T0000755,S0100,2025-01-01 08:10:00,35,9
PC0001075,T0000550,S0053,2025-01-01 08:10:00,13,22
PC0001076,T0001895,S0038,2025-01-01 08:10:00,20,1
PC0001077,T0000734,S0016,2025-01-01 08:10:00,0,6
PC0001078,T0001315,S0092,2025-01-01 08:10:00,33,24
PC0001079,T0001097,S0061,2025-01-01 08:10:00,39,6
PC0001080,T0000708,S0049,2025-01-01 08:10:00,39,13
PC0001081,T0001849,S0064,2025-01-01 08:10:00,20,3
PC0001082,T0001355,S0003,2025-01-01 08:10:00,38,17
PC0001083,T0001026,S0015,2025-01-01 08:10:00,24,26
PC0001084,T0000091,S0034,2025-01-01 08:10:00,0,24
PC0001085,T0000741,S0094,2025-01-01 08:10:00,15,14
PC0001086,T0001325,S0017,2025-01-01 08:10:00,33,0
PC0001087,T0001140,S0086,2025-01-01 08:10:00,21,24
PC0001088,T0000680,S0085,2025-01-01 08:10:00,35,8
PC0001089,T0001341,S0041,2025-01-01 08:10:00,11,13
PC0001090,T0000618,S0061,2025-01-01 08:10:00,43,15
PC0001091,T0000779,S0037,2025-01-01 08:10:00,9,30
PC0001092,T0001192,S0080,2025-01-01 08:10:00,24,0
PC0001093,T0000982,S0002,2025-01-01 08:10:00,34,14
PC0001094,T0001318,S0037,2025-01-01 08:10:00,49,19
PC0001095,T0001540,S0034,2025-01-01 08:10:00,33,28
PC0001096,T0000509,S0051,2025-01-01 08:10:00,40,14
PC0001097,T0001929,S0018,2025-01-01 08:10:00,1,30
PC0001098,T0001310,S0063,2025-01-01 08:10:00,39,29
PC0001099,T0000319,S0099,2025-01-01 08:10:00,50,3
PC0001100,T0000294,S0081,2025-01-01 08:10:00,21,29
PC0001101,T0001647,S0076,2025-01-01 08:10:00,50,15
PC0001102,T0000718,S0039,2025-01-01 08:10:00,39,14
PC0001103,T0000980,S0078,2025-01-01 08:10:00,-5,3
PC0001104,T0001168,S0066,2025-01-01 08:10:00,8,25
PC0001105,T0001075,S0077,2025-01-01 08:10:00,38,4
PC0001106,T0001517,S0052,2025-01-01 08:10:00,43,16
PC0001107,T0000595,S0075,2025-01-01 08:10:00,4,22
PC0001108,T0000822,S0013,2025-01-01 08:10:00,21,16
PC0001109,T0001063,S0044,2025-01-01 08:10:00,12,12
PC0001110,T0001703,S0032,2025-01-01 08:10:00,16,16
PC0001111,T0001732,S0080,2025-01-01 08:10:00,29,0
PC0001112,T0001446,S0022,2025-01-01 08:10:00,14,9
PC0001113,T0000200,S0081,2025-01-01 08:10:00,35,2
PC0001114,T0000145,S0076,2025-01-01 08:10:00,31,23
PC0001115,T0001663,S0083,2025-01-01 08:10:00,2,3
PC0001116,T0000872,S0037,2025-01-01 08:10:00,5,21
PC0001117,T0000270,S0033,2025-01-01 08:10:00,9,18
PC0001118,T0001565,S0011,2025-01-01 08:10:00,47,0
PC0001119,T0001425,S0051,2025-01-01 08:10:00,21,8
PC0001120,T0000708,S0034,2025-01-01 08:10:00,16,27
PC0001121,T0000816,S0045,2025-01-01 08:10:00,3,22
PC0001122,T0000296,S0066,2025-01-01 08:10:00,24,16
PC0001123,T0001237,S0088,2025-01-01 08:10:00,36,23
PC0001124,T0001662,S0072,2025-01-01 08:10:00,21,28
PC0001125,T0001072,S0032,2025-01-01 08:10:00,27,4
PC0001126,T0001133,S0032,2025-01-01 08:10:00,7,17
PC0001127,T0001913,S0054,2025-01-01 08:10:00,500,5
PC0001128,T0000989,S0088,2025-01-01 08:10:00,25,7
PC0001129,T0000832,S0040,2025-01-01 08:10:00,42,2
PC0001130,T0000163,S0089,2025-01-01 08:10:00,500,8
PC0001131,T0001478,S0086,2025-01-01 08:10:00,43,18
PC0001132,T0001189,S0067,2025-01-01 08:10:00,2,10
PC0001133,T0001720,S0012,2025-01-01 08:10:00,15,23
PC0001134,T0000669,S0050,2025-01-01 08:10:00,20,29
PC0001135,T0001977,S0026,2025-01-01 08:10:00,21,6
PC0001136,T0000564,S0081,2025-01-01 08:10:00,7,20
PC0001137,T0001302,S0038,2025-01-01 08:10:00,37,26
PC0001138,T0001249,S0006,2025-01-01 08:10:00,47,16
PC0001139,T0001461,S0093,2025-01-01 08:10:00,45,18
PC0001140,T0000468,S0002,2025-01-01 08:10:00,10,3
PC0001141,T0001717,S0006,2025-01-01 08:10:00,33,28
PC0001142,T0001939,S0072,2025-01-01 08:10:00,6,21
PC0001143,T0000228,S0073,2025-01-01 08:10:00,500,25
PC0001144,T0001750,S0054,2025-01-01 08:10:00,37,1
PC0001145,T0001014,S0019,2025-01-01 08:10:00,41,19
PC0001146,T0001535,S0054,2025-01-01 08:10:00,4,16
PC0001147,T0001760,S0059,2025-01-01 08:10:00,25,12
PC0001148,T0000321,S0008,2025-01-01 08:10:00,15,22
PC0001149,T0000503,S0020,2025-01-01 08:10:00,47,29
PC0001150,T0000930,S0096,2025-01-01 08:10:00,34,17
PC0001151,T0001548,S0080,2025-01-01 08:10:00,7,30
PC0001152,T0000819,S0097,2025-01-01 08:10:00,22,17
PC0001153,T0001659,S0058,2025-01-01 08:10:00,44,12
PC0001154,T0000340,S0035,2025-01-01 08:10:00,44,20
PC0001155,T0000832,S0003,2025-01-01 08:10:00,9,12
PC0001156,T0001601,S0020,2025-01-01 08:10:00,41,5
PC0001157,T0001258,S0007,2025-01-01 08:10:00,10,18
PC0001158,T0001212,S0050,2025-01-01 08:10:00,2,28
PC0001159,T0000378,S0042,2025-01-01 08:10:00,16,21
PC0001160,T0000850,S0087,2025-01-01 08:10:00,42,11
PC0001161,T0000965,S0017,2025-01-01 08:10:00,45,5
PC0001162,T0001687,S0080,2025-01-01 08:10:00,3,25
PC0001163,T0001971,S0073,2025-01-01 08:10:00,20,14
PC0001164,T0001779,S0007,2025-01-01 08:10:00,11,7
PC0001165,T0001994,S0059,2025-01-01 08:10:00,40,4
PC0001166,T0001111,S0043,2025-01-01 08:10:00,5,13
PC0001167,T0000486,S0044,2025-01-01 08:10:00,31,25
PC0001168,T0000468,S0074,2025-01-01 08:10:00,16,22
PC0001169,T0001369,S0094,2025-01-01 08:10:00,6,22
PC0001170,T0001439,S0085,2025-01-01 08:10:00,36,3
PC0001171,T0001279,S0037,2025-01-01 08:10:00,39,11
PC0001172,T0000496,S0011,2025-01-01 08:10:00,28,17
PC0001173,T0000986,S0081,2025-01-01 08:10:00,34,26
PC0001174,T0000835,S0054,2025-01-01 08:10:00,12,4
PC0001175,T0000866,S0062,2025-01-01 08:10:00,0,15
PC0001176,T0000975,S0073,2025-01-01 08:10:00,22,5
PC0001177,T0000267,S0040,2025-01-01 08:10:00,22,26
PC0001178,T0000568,S0008,2025-01-01 08:10:00,29,2
PC0001179,T0001625,S0034,2025-01-01 08:10:00,17,8
PC0001180,T0000233,S0045,2025-01-01 08:10:00,38,16
PC0001181,T0001423,S0051,2025-01-01 08:10:00,48,5
PC0001182,T0000175,S0072,2025-01-01 08:10:00,16,26
PC0001183,T0001929,S0039,2025-01-01 08:10:00,19,11
PC0001184,T0001646,S0041,2025-01-01 08:10:00,31,10
PC0001185,T0000505,S0038,2025-01-01 08:10:00,17,25
PC0001186,T0001274,S0099,2025-01-01 08:10:00,29,2
PC0001187,T0000126,S0071,2025-01-01 08:10:00,40,30
PC0001188,T0001492,S0099,2025-01-01 08:10:00,34,29
PC0001189,T0000833,S0094,2025-01-01 08:10:00,25,6
PC0001190,T0000839,S0085,2025-01-01 08:10:00,39,14
PC0001191,T0000735,S0037,2025-01-01 08:10:00,45,3
PC0001192,T0001238,S0017,2025-01-01 08:10:00,30,18
PC0001193,T0000967,S0019,2025-01-01 08:10:00,47,29
PC0001194,T0000437,S0052,2025-01-01 08:10:00,39,9
PC0001195,T0001824,S0088,2025-01-01 08:10:00,36,28
PC0001196,T0001047,S0032,2025-01-01 08:10:00,44,14
PC0001197,T0001013,S0058,2025-01-01 08:10:00,33,26
PC0001198,T0001507,S0049,2025-01-01 08:10:00,32,28
PC0001199,T0000076,S0005,2025-01-01 08:10:00,8,8
PC0001200,T0001829,S0084,2025-01-01 08:10:00,46,5
PC0001201,T0000407,S0052,2025-01-01 08:10:00,31,12
PC0001202,T0000856,S0066,2025-01-01 08:10:00,43,16
PC0001203,T0000061,S0094,2025-01-01 08:10:00,39,9
PC0001204,T0001578,S0050,2025-01-01 08:10:00,14,7
PC0001205,T0001546,S0072,2025-01-01 08:10:00,25,15
PC0001206,T0001765,S0095,2025-01-01 08:10:00,31,13
PC0001207,T0001289,S0050,2025-01-01 08:10:00,32,9
PC0001208,T0001482,S0026,2025-01-01 08:10:00,2,24
PC0001209,T0001816,S0093,2025-01-01 08:10:00,38,25
PC0001210,T0001325,S0088,2025-01-01 08:10:00,12,6
PC0001211,T0001806,S0091,2025-01-01 08:10:00,45,10
PC0001212,T0001862,S0072,2025-01-01 08:10:00,24,18
PC0001213,T0001182,S0078,2025-01-01 08:10:00,14,4
PC0001214,T0000995,S0098,2025-01-01 08:10:00,9,22
PC0001215,T0000137,S0049,2025-01-01 08:10:00,7,25
PC0001216,T0001290,S0042,2025-01-01 08:10:00,25,7
PC0001217,T0001933,S0081,2025-01-01 08:10:00,49,7
PC0001218,T0000672,S0005,2025-01-01 08:10:00,19,4
PC0001219,T0000306,S0075,2025-01-01 08:10:00,14,25
PC0001220,T0000428,S0023,2025-01-01 08:10:00,24,28
PC0001221,T0000870,S0003,2025-01-01 08:10:00,47,2
PC0001222,T0000088,S0044,2025-01-01 08:10:00,15,21
PC0001223,T0001651,S0077,2025-01-01 08:10:00,34,29
PC0001224,T0000621,S0026,2025-01-01 08:10:00,28,10
PC0001225,T0000834,S0069,2025-01-01 08:10:00,40,1
PC0001226,T0001189,S0002,2025-01-01 08:10:00,36,20
PC0001227,T0001589,S0029,2025-01-01 08:10:00,5,4
PC0001228,T0000846,S0047,2025-01-01 08:10:00,30,24
PC0001229,T0001688,S0078,2025-01-01 08:10:00,0,13
PC0001230,T0001952,S0055,2025-01-01 08:10:00,8,11
PC0001231,T0001078,S0050,2025-01-01 08:10:00,49,17
PC0001232,T0000586,S0005,2025-01-01 08:10:00,32,21
PC0001233,T0001516,S0082,2025-01-01 08:10:00,45,17
PC0001234,T0000030,S0075,2025-01-01 08:10:00,13,9
PC0001235,T0000977,S0072,2025-01-01 08:10:00,4,3
PC0001236,T0000638,S0037,2025-01-01 08:10:00,25,4
PC0001237,T0000995,S0068,2025-01-01 08:10:00,27,23
PC0001238,T0000898,S0033,2025-01-01 08:10:00,35,20
PC0001239,T0001166,S0094,2025-01-01 08:10:00,47,10
PC0001240,T0000848,S0083,2025-01-01 08:10:00,49,17
PC0001241,T0001847,S0070,2025-01-01 08:10:00,38,19
PC0001242,T0000253,S0016,2025-01-01 08:10:00,3,29
PC0001243,T0001543,S0002,2025-01-01 08:10:00,22,30
PC0001244,T0001729,S0032,2025-01-01 08:10:00,25,20
PC0001245,T0000070,S0043,2025-01-01 08:10:00,8,11
PC0001246,T0001079,S0012,2025-01-01 08:10:00,500,29
PC0001247,T0001199,S0034,2025-01-01 08:10:00,14,0
PC0001248,T0000232,S0031,2025-01-01 08:10:00,19,13
PC0001249,T0000264,S0095,2025-01-01 08:10:00,42,9
PC0001250,T0001432,S0033,2025-01-01 08:10:00,19,30
PC0001251,T0001942,S0053,2025-01-01 08:10:00,9,30
PC0001252,T0000597,S0065,2025-01-01 08:10:00,37,0
PC0001253,T0000394,S0082,2025-01-01 08:10:00,15,22
PC0001254,T0000820,S0067,2025-01-01 08:10:00,39,21
PC0001255,T0001945,S0097,2025-01-01 08:10:00,21,12
PC0001256,T0001742,S0037,2025-01-01 08:10:00,36,16
PC0001257,T0001768,S0100,2025-01-01 08:10:00,8,6
PC0001258,T0001001,S0075,2025-01-01 08:10:00,27,23
PC0001259,T0001670,S0090,2025-01-01 08:10:00,39,7
PC0001260,T0000301,S0038,2025-01-01 08:10:00,16,27
PC0001261,T0001567,S0066,2025-01-01 08:10:00,21,14
PC0001262,T0000521,S0053,2025-01-01 08:10:00,15,12
PC0001263,T0000768,S0074,2025-01-01 08:10:00,16,16
PC0001264,T0000181,S0040,2025-01-01 08:10:00,1,5
PC0001265,T0000216,S0007,2025-01-01 08:10:00,43,7
PC0001266,T0001960,S0047,2025-01-01 08:10:00,11,25
PC0001267,T0001920,S0005,2025-01-01 08:10:00,30,2
PC0001268,T0000013,S0067,2025-01-01 08:10:00,45,16
PC0001269,T0001243,S0064,2025-01-01 08:10:00,11,19
PC0001270,T0000830,S0077,2025-01-01 08:10:00,15,17
PC0001271,T0001539,S0072,2025-01-01 08:10:00,33,3
PC0001272,T0000822,S0030,2025-01-01 08:10:00,43,10
PC0001273,T0000428,S0061,2025-01-01 08:10:00,19,0
PC0001274,T0001144,S0020,2025-01-01 08:10:00,39,10
PC0001275,T0000500,S0088,2025-01-01 08:10:00,19,7
PC0001276,T0000314,S0027,2025-01-01 08:10:00,25,14
PC0001277,T0000754,S0037,2025-01-01 08:10:00,17,21
PC0001278,T0000430,S0053,2025-01-01 08:10:00,10,26
PC0001279,T0001328,S0008,2025-01-01 08:10:00,30,29
PC0001280,T0000588,S0070,2025-01-01 08:10:00,45,21
PC0001281,T0000617,S0088,2025-01-01 08:10:00,42,2
PC0001282,T0000036,S0094,2025-01-01 08:10:00,39,1
PC0001283,T0001195,S0012,2025-01-01 08:10:00,38,24
PC0001284,T0001686,S0028,2025-01-01 08:10:00,34,1
PC0001285,T0000642,S0019,2025-01-01 08:10:00,8,14
PC0001286,T0000002,S0034,2025-01-01 08:10:00,46,26
PC0001287,T0000439,S0064,2025-01-01 08:10:00,13,8
PC0001288,T0001238,S0001,2025-01-01 08:10:00,18,11
PC0001289,T0000769,S0055,2025-01-01 08:10:00,38,23
PC0001290,T0001156,S0075,2025-01-01 08:10:00,50,29
PC0001291,T0000976,S0091,2025-01-01 08:10:00,46,5
PC0001292,T0001722,S0003,2025-01-01 08:10:00,30,7
PC0001293,T0001442,S0005,2025-01-01 08:10:00,21,29
PC0001294,T0000616,S0051,2025-01-01 08:10:00,8,26
PC0001295,T0000559,S0079,2025-01-01 08:10:00,40,7
PC0001296,T0000876,S0074,2025-01-01 08:10:00,2,20
PC0001297,T0000040,S0091,2025-01-01 08:10:00,23,28
PC0001298,T0001711,S0012,2025-01-01 08:10:00,34,10
PC0001299,T0001738,S0037,2025-01-01 08:10:00,48,17
PC0001300,T0000345,S0011,2025-01-01 08:10:00,41,25
PC0001301,T0001365,S0020,2025-01-01 08:10:00,6,22
PC0001302,T0001054,S0058,2025-01-01 08:10:00,1,9
PC0001303,T0001393,S0002,2025-01-01 08:10:00,1,10
PC0001304,T0000380,S0050,2025-01-01 08:10:00,39,11
PC0001305,T0000436,S0038,2025-01-01 08:10:00,45,5
PC0001306,T0000612,S0004,2025-01-01 08:10:00,24,6
PC0001307,T0000166,S0076,2025-01-01 08:10:00,50,21
PC0001308,T0000482,S0009,2025-01-01 08:10:00,4,6
PC0001309,T0001598,S0001,2025-01-01 08:10:00,41,17
PC0001310,T0001053,S0034,2025-01-01 08:10:00,45,17
PC0001311,T0000961,S0041,2025-01-01 08:10:00,29,20
PC0001312,T0001667,S0055,2025-01-01 08:10:00,8,15
PC0001313,T0001638,S0091,2025-01-01 08:10:00,18,10
PC0001314,T0001920,S0083,2025-01-01 08:10:00,13,28
PC0001315,T0001846,S0039,2025-01-01 08:10:00,21,14
PC0001316,T0001719,S0061,2025-01-01 08:10:00,10,18
PC0001317,T0000129,S0057,2025-01-01 08:10:00,5,3
PC0001318,T0000242,S0088,2025-01-01 08:10:00,8,9
PC0001319,T0000475,S0067,2025-01-01 08:10:00,40,30
PC0001320,T0001861,S0030,2025-01-01 08:10:00,17,15
PC0001321,T0000261,S0064,2025-01-01 08:10:00,43,28
PC0001322,T0000315,S0094,2025-01-01 08:10:00,40,21
PC0001323,T0000120,S0099,2025-01-01 08:10:00,3,17
PC0001324,T0001407,S0038,2025-01-01 08:10:00,46,19
PC0001325,T0000546,S0064,2025-01-01 08:10:00,20,1
PC0001326,T0000376,S0021,2025-01-01 08:10:00,45,6
PC0001327,T0000096,S0050,2025-01-01 08:10:00,30,24
PC0001328,T0001057,S0040,2025-01-01 08:10:00,26,6
PC0001329,T0001819,S0016,2025-01-01 08:10:00,25,7
PC0001330,T0000687,S0002,2025-01-01 08:10:00,28,28
PC0001331,T0001523,S0013,2025-01-01 08:10:00,21,26
PC0001332,T0000774,S0005,2025-01-01 08:10:00,0,22
PC0001333,T0001944,S0054,2025-01-01 08:10:00,6,14
PC0001334,T0001269,S0005,2025-01-01 08:10:00,15,3
PC0001335,T0000531,S0078,2025-01-01 08:10:00,2,25
PC0001336,T0001999,S0092,2025-01-01 08:10:00,10,5
PC0001337,T0001955,S0050,2025-01-01 08:10:00,16,20
PC0001338,T0001497,S0092,2025-01-01 08:10:00,25,24
PC0001339,T0000660,S0014,2025-01-01 08:10:00,37,26
PC0001340,T0000904,S0085,2025-01-01 08:10:00,9,6
PC0001341,T0000115,S0085,2025-01-01 08:10:00,15,19
PC0001342,T0000426,S0022,2025-01-01 08:10:00,4,0
PC0001343,T0000083,S0065,2025-01-01 08:10:00,16,20
PC0001344,T0001305,S0047,2025-01-01 08:10:00,36,6
PC0001345,T0000554,S0071,2025-01-01 08:10:00,35,12
PC0001346,T0001656,S0022,2025-01-01 08:10:00,33,4
PC0001347,T0000482,S0093,2025-01-01 08:10:00,15,6
PC0001348,T0000629,S0010,2025-01-01 08:10:00,13,26
PC0001349,T0001364,S0038,2025-01-01 08:10:00,12,18
PC0001350,T0001561,S0046,2025-01-01 08:10:00,20,23
PC0001351,T0001612,S0095,2025-01-01 08:10:00,22,16
PC0001352,T0000857,S0018,2025-01-01 08:10:00,3,10
PC0001353,T0001987,S0004,2025-01-01 08:10:00,50,9
PC0001354,T0001873,S0100,2025-01-01 08:10:00,50,24
PC0001355,T0001127,S0007,2025-01-01 08:10:00,26,27
PC0001356,T0001806,S0058,2025-01-01 08:10:00,20,24
PC0001357,T0000810,S0044,2025-01-01 08:10:00,30,12
PC0001358,T0001787,S0086,2025-01-01 08:10:00,47,13
PC0001359,T0001680,S0036,2025-01-01 08:10:00,46,13
PC0001360,T0000652,S0015,2025-01-01 08:10:00,9,11
PC0001361,T0001861,S0073,2025-01-01 08:10:00,27,18
PC0001362,T0000917,S0049,2025-01-01 08:10:00,19,3
PC0001363,T0000731,S0053,2025-01-01 08:10:00,6,25
PC0001364,T0001381,S0057,2025-01-01 08:10:00,24,7
PC0001365,T0001360,S0080,2025-01-01 08:10:00,13,8
PC0001366,T0000890,S0052,2025-01-01 08:10:00,7,21
PC0001367,T0001301,S0073,2025-01-01 08:10:00,11,28
PC0001368,T0000264,S0018,2025-01-01 08:10:00,13,4
PC0001369,T0000232,S0014,2025-01-01 08:10:00,37,30
PC0001370,T0000674,S0097,2025-01-01 08:10:00,32,26
PC0001371,T0000522,S0031,2025-01-01 08:10:00,38,19
PC0001372,T0000920,S0076,2025-01-01 08:10:00,26,2
PC0001373,T0001594,S0055,2025-01-01 08:10:00,35,9
PC0001374,T0001148,S0088,2025-01-01 08:10:00,30,11
PC0001375,T0001946,S0018,2025-01-01 08:10:00,38,27
PC0001376,T0000774,S0024,2025-01-01 08:10:00,25,0
PC0001377,T0001810,S0053,2025-01-01 08:10:00,5,10
PC0001378,T0001282,S0075,2025-01-01 08:10:00,18,28
PC0001379,T0001852,S0016,2025-01-01 08:10:00,27,25
PC0001380,T0001605,S0074,2025-01-01 08:10:00,23,27
PC0001381,T0001720,S0081,2025-01-01 08:10:00,6,12
PC0001382,T0001106,S0074,2025-01-01 08:10:00,0,30
PC0001383,T0001503,S0059,2025-01-01 08:10:00,38,16
PC0001384,T0000680,S0071,2025-01-01 08:10:00,15,18
PC0001385,T0000382,S0072,2025-01-01 08:10:00,50,20
PC0001386,T0000912,S0046,2025-01-01 08:10:00,13,11
PC0001387,T0001782,S0075,2025-01-01 08:10:00,11,12
PC0001388,T0001404,S0024,2025-01-01 08:10:00,-5,20
PC0001389,T0000256,S0024,2025-01-01 08:10:00,16,17
PC0001390,T0001912,S0056,2025-01-01 08:10:00,49,2
PC0001391,T0001982,S0086,2025-01-01 08:10:00,49,17
PC0001392,T0001553,S0091,2025-01-01 08:10:00,39,3
PC0001393,T0001400,S0066,2025-01-01 08:10:00,20,25
PC0001394,T0000464,S0058,2025-01-01 08:10:00,49,1
PC0001395,T0001484,S0030,2025-01-01 08:10:00,17,3
PC0001396,T0000323,S0083,2025-01-01 08:10:00,50,23
PC0001397,T0001479,S0096,2025-01-01 08:10:00,18,13
PC0001398,T0001226,S0098,2025-01-01 08:10:00,39,2
PC0001399,T0001727,S0089,2025-01-01 08:10:00,42,28
PC0001400,T0001910,S0080,2025-01-01 08:10:00,49,19
PC0001401,T0000391,S0009,2025-01-01 08:10:00,0,19
PC0001402,T0000692,S0082,2025-01-01 08:10:00,8,11
PC0001403,T0000543,S0071,2025-01-01 08:10:00,37,1
PC0001404,T0001484,S0058,2025-01-01 08:10:00,34,6
PC0001405,T0000278,S0051,2025-01-01 08:10:00,24,1
PC0001406,T0000885,S0059,2025-01-01 08:10:00,18,30
PC0001407,T0001962,S0076,2025-01-01 08:10:00,32,2
PC0001408,T0001542,S0052,2025-01-01 08:10:00,38,18
PC0001409,T0001465,S0038,2025-01-01 08:10:00,29,5
PC0001410,T0001886,S0073,2025-01-01 08:10:00,29,23
PC0001411,T0000861,S0097,2025-01-01 08:10:00,2,27
PC0001412,T0000107,S0090,2025-01-01 08:10:00,9,28
PC0001413,T0000676,S0040,2025-01-01 08:10:00,41,8
PC0001414,T0001862,S0081,2025-01-01 08:10:00,18,21
PC0001415,T0001042,S0077,2025-01-01 08:10:00,35,11
PC0001416,T0000543,S0072,2025-01-01 08:10:00,5,22
PC0001417,T0000806,S0043,2025-01-01 08:10:00,30,2
PC0001418,T0001419,S0033,2025-01-01 08:10:00,18,22
PC0001419,T0001123,S0088,2025-01-01 08:10:00,30,9
PC0001420,T0001972,S0059,2025-01-01 08:10:00,0,0
PC0001421,T0001401,S0081,2025-01-01 08:10:00,17,11
PC0001422,T0001681,S0090,2025-01-01 08:10:00,45,19
PC0001423,T0000253,S0019,2025-01-01 08:10:00,39,6
PC0001424,T0001562,S0018,2025-01-01 08:10:00,46,16
PC0001425,T0001378,S0090,2025-01-01 08:10:00,48,15
PC0001426,T0000910,S0020,2025-01-01 08:10:00,4,25
PC0001427,T0000820,S0076,2025-01-01 08:10:00,36,27
PC0001428,T0000340,S0036,2025-01-01 08:10:00,18,19
PC0001429,T0000926,S0039,2025-01-01 08:10:00,27,30
PC0001430,T0001877,S0053,2025-01-01 08:10:00,6,12
PC0001431,T0001628,S0002,2025-01-01 08:10:00,49,12
PC0001432,T0000624,S0062,2025-01-01 08:10:00,7,27
PC0001433,T0001914,S0034,2025-01-01 08:10:00,10,26
PC0001434,T0000899,S0065,2025-01-01 08:10:00,48,18
PC0001435,T0000955,S0084,2025-01-01 08:10:00,1,4
PC0001436,T0000667,S0058,2025-01-01 08:10:00,45,7
PC0001437,T0000418,S0027,2025-01-01 08:10:00,14,5
PC0001438,T0001804,S0005,2025-01-01 08:10:00,44,22
PC0001439,T0000334,S0097,2025-01-01 08:10:00,6,4
PC0001440,T0001298,S0086,2025-01-01 08:10:00,37,3
PC0001441,T0001617,S0015,2025-01-01 08:10:00,3,8
PC0001442,T0001788,S0033,2025-01-01 08:10:00,18,25
PC0001443,T0000945,S0061,2025-01-01 08:10:00,31,26
PC0001444,T0000637,S0005,2025-01-01 08:10:00,42,5
PC0001445,T0001972,S0052,2025-01-01 08:10:00,33,5
PC0001446,T0001703,S0007,2025-01-01 08:10:00,18,27
PC0001447,T0001903,S0076,2025-01-01 08:10:00,38,7
PC0001448,T0001581,S0041,2025-01-01 08:10:00,35,4
PC0001449,T0000272,S0060,2025-01-01 08:10:00,10,23
PC0001450,T0000465,S0069,2025-01-01 08:10:00,25,25
PC0001451,T0001556,S0086,2025-01-01 08:10:00,41,2
PC0001452,T0000770,S0088,2025-01-01 08:10:00,24,28
PC0001453,T0000273,S0074,2025-01-01 08:10:00,48,8
PC0001454,T0001130,S0100,2025-01-01 08:10:00,2,6
PC0001455,T0001119,S0026,2025-01-01 08:10:00,5,4
PC0001456,T0001488,S0002,2025-01-01 08:10:00,1,19
PC0001457,T0000449,S0077,2025-01-01 08:10:00,35,14
PC0001458,T0000183,S0003,2025-01-01 08:10:00,48,5
PC0001459,T0001491,S0084,2025-01-01 08:10:00,36,21
PC0001460,T0000329,S0046,2025-01-01 08:10:00,46,18
PC0001461,T0001587,S0042,2025-01-01 08:10:00,12,30
PC0001462,T0001980,S0008,2025-01-01 08:10:00,5,5
PC0001463,T0000399,S0008,2025-01-01 08:10:00,44,3
PC0001464,T0000610,S0073,2025-01-01 08:10:00,8,23
PC0001465,T0001374,S0018,2025-01-01 08:10:00,1,18
PC0001466,T0000309,S0070,2025-01-01 08:10:00,12,16
PC0001467,T0001079,S0036,2025-01-01 08:10:00,28,17
PC0001468,T0001309,S0086,2025-01-01 08:10:00,49,22
PC0001469,T0000548,S0057,2025-01-01 08:10:00,17,19
PC0001470,T0000328,S0048,2025-01-01 08:10:00,46,25
PC0001471,T0000060,S0003,2025-01-01 08:10:00,6,7
PC0001472,T0000782,S0015,2025-01-01 08:10:00,28,8
PC0001473,T0000889,S0013,2025-01-01 08:10:00,26,25
PC0001474,T0000688,S0069,2025-01-01 08:10:00,33,0
PC0001475,T0001719,S0007,2025-01-01 08:10:00,33,18
PC0001476,T0001504,S0083,2025-01-01 08:10:00,12,10
PC0001477,T0000412,S0010,2025-01-01 08:10:00,18,11
PC0001478,T0000537,S0010,2025-01-01 08:10:00,11,2
PC0001479,T0001240,S0054,2025-01-01 08:10:00,3,23
PC0001480,T0001580,S0010,2025-01-01 08:10:00,35,28
PC0001481,T0001285,S0043,2025-01-01 08:10:00,50,6
PC0001482,T0000194,S0022,2025-01-01 08:10:00,27,25
PC0001483,T0001897,S0055,2025-01-01 08:10:00,34,15
PC0001484,T0000306,S0094,2025-01-01 08:10:00,48,24
PC0001485,T0000140,S0092,2025-01-01 08:10:00,0,3
PC0001486,T0000461,S0044,2025-01-01 08:10:00,30,28
PC0001487,T0000998,S0070,2025-01-01 08:10:00,49,16
PC0001488,T0000413,S0008,2025-01-01 08:10:00,23,5
PC0001489,T0000038,S0055,2025-01-01 08:10:00,23,12
PC0001490,T0001312,S0032,2025-01-01 08:10:00,37,9
PC0001491,T0001509,S0001,2025-01-01 08:10:00,41,18
PC0001492,T0001388,S0099,2025-01-01 08:10:00,22,11
PC0001493,T0000476,S0016,2025-01-01 08:10:00,24,15
PC0001494,T0000950,S0047,2025-01-01 08:10:00,33,8
PC0001495,T0000508,S0063,2025-01-01 08:10:00,50,9
PC0001496,T0000352,S0066,2025-01-01 08:10:00,44,15
PC0001497,T0001159,S0031,2025-01-01 08:10:00,34,30
PC0001498,T0001451,S0023,2025-01-01 08:10:00,30,2
PC0001499,T0000217,S0054,2025-01-01 08:10:00,22,9
PC0001500,T0000472,S0047,2025-01-01 08:10:00,12,28
PC0001501,T0000737,S0050,2025-01-01 08:10:00,14,16
PC0001502,T0000988,S0012,2025-01-01 08:10:00,7,17
PC0001503,T0000978,S0010,2025-01-01 08:10:00,40,8
PC0001504,T0001590,S0094,2025-01-01 08:10:00,26,0
PC0001505,T0001790,S0026,2025-01-01 08:10:00,20,5
PC0001506,T0001836,S0057,2025-01-01 08:10:00,28,29
PC0001507,T0001619,S0073,2025-01-01 08:10:00,1,23
PC0001508,T0000632,S0028,2025-01-01 08:10:00,50,5
PC0001509,T0001695,S0009,2025-01-01 08:10:00,47,18
PC0001510,T0001764,S0094,2025-01-01 08:10:00,28,20
PC0001511,T0000469,S0077,2025-01-01 08:10:00,34,23
PC0001512,T0001430,S0029,2025-01-01 08:10:00,25,23
PC0001513,T0001058,S0094,2025-01-01 08:10:00,15,7
PC0001514,T0001918,S0097,2025-01-01 08:10:00,2,9
PC0001515,T0000226,S0013,2025-01-01 08:10:00,41,13
PC0001516,T0000661,S0074,2025-01-01 08:10:00,20,11
PC0001517,T0001726,S0051,2025-01-01 08:10:00,45,2
PC0001518,T0001325,S0016,2025-01-01 08:10:00,43,15
PC0001519,T0001771,S0095,2025-01-01 08:10:00,44,2
PC0001520,T0000191,S0071,2025-01-01 08:10:00,0,0
PC0001521,T0001995,S0079,2025-01-01 08:10:00,35,2
PC0001522,T0001168,S0022,2025-01-01 08:10:00,49,25
PC0001523,T0001991,S0059,2025-01-01 08:10:00,48,30
PC0001524,T0001811,S0048,2025-01-01 08:10:00,50,3
PC0001525,T0000369,S0036,2025-01-01 08:10:00,35,20
PC0001526,T0001238,S0004,2025-01-01 08:10:00,8,9
PC0001527,T0000447,S0003,2025-01-01 08:10:00,46,5
PC0001528,T0001934,S0011,2025-01-01 08:10:00,37,17
PC0001529,T0001336,S0041,2025-01-01 08:10:00,17,5
PC0001530,T0000509,S0080,2025-01-01 08:10:00,46,0
PC0001531,T0000952,S0056,2025-01-01 08:10:00,27,30
PC0001532,T0000673,S0079,2025-01-01 08:10:00,1,14
PC0001533,T0000384,S0098,2025-01-01 08:10:00,32,5
PC0001534,T0001538,S0056,2025-01-01 08:10:00,50,9
PC0001535,T0000072,S0062,2025-01-01 08:10:00,39,13
PC0001536,T0001366,S0092,2025-01-01 08:10:00,9,11
PC0001537,T0001190,S0062,2025-01-01 08:10:00,18,13
PC0001538,T0001815,S0043,2025-01-01 08:10:00,20,12
PC0001539,T0001868,S0058,2025-01-01 08:10:00,38,25
PC0001540,T0001607,S0088,2025-01-01 08:10:00,11,28
PC0001541,T0001734,S0063,2025-01-01 08:10:00,9,10
PC0001542,T0001188,S0090,2025-01-01 08:10:00,-5,21
PC0001543,T0001709,S0076,2025-01-01 08:10:00,25,7
PC0001544,T0000324,S0011,2025-01-01 08:10:00,23,21
PC0001545,T0001038,S0073,2025-01-01 08:10:00,41,29
PC0001546,T0000764,S0087,2025-01-01 08:10:00,40,21
PC0001547,T0000906,S0066,2025-01-01 08:10:00,25,7
PC0001548,T0001345,S0060,2025-01-01 08:10:00,4,2
PC0001549,T0001854,S0049,2025-01-01 08:10:00,6,6
PC0001550,T0000255,S0080,2025-01-01 08:10:00,36,21
PC0001551,T0000902,S0036,2025-01-01 08:10:00,24,14
PC0001552,T0001678,S0051,2025-01-01 08:10:00,20,25
PC0001553,T0000265,S0080,2025-01-01 08:10:00,48,21
PC0001554,T0001699,S0037,2025-01-01 08:10:00,0,2
PC0001555,T0001966,S0030,2025-01-01 08:10:00,44,6
PC0001556,T0000230,S0014,2025-01-01 08:10:00,28,6
PC0001557,T0001981,S0018,2025-01-01 08:10:00,43,26
PC0001558,T0001592,S0023,2025-01-01 08:10:00,3,26
PC0001559,T0000042,S0075,2025-01-01 08:10:00,22,18
PC0001560,T0000060,S0062,2025-01-01 08:10:00,32,22
PC0001561,T0000625,S0086,2025-01-01 08:10:00,47,9
PC0001562,T0001033,S0019,2025-01-01 08:10:00,37,6
PC0001563,T0000893,S0077,2025-01-01 08:10:00,41,4
PC0001564,T0001599,S0008,2025-01-01 08:10:00,18,4
PC0001565,T0001301,S0074,2025-01-01 08:10:00,26,4
PC0001566,T0000957,S0045,2025-01-01 08:10:00,34,30
PC0001567,T0000576,S0017,2025-01-01 08:10:00,39,16
PC0001568,T0000042,S0023,2025-01-01 08:10:00,45,21
PC0001569,T0000448,S0007,2025-01-01 08:10:00,1,26
PC0001570,T0001860,S0055,2025-01-01 08:10:00,39,16
PC0001571,T0001033,S0023,2025-01-01 08:10:00,0,11
PC0001572,T0000551,S0014,2025-01-01 08:10:00,1,13
PC0001573,T0000978,S0080,2025-01-01 08:10:00,10,0
PC0001574,T0000474,S0013,2025-01-01 08:10:00,41,19
PC0001575,T0001554,S0074,2025-01-01 08:10:00,1,30
PC0001576,T0001742,S0019,2025-01-01 08:10:00,14,1
PC0001577,T0001291,S0085,2025-01-01 08:10:00,1,17
PC0001578,T0001310,S0071,2025-01-01 08:10:00,10,10
PC0001579,T0001798,S0011,2025-01-01 08:10:00,17,19
PC0001580,T0000889,S0080,2025-01-01 08:10:00,29,10
PC0001581,T0001902,S0009,2025-01-01 08:10:00,47,5
PC0001582,T0000396,S0034,2025-01-01 08:10:00,18,11
PC0001583,T0001375,S0064,2025-01-01 08:10:00,-5,29
PC0001584,T0001062,S0015,2025-01-01 08:10:00,5,4
PC0001585,T0000087,S0041,2025-01-01 08:10:00,15,17
PC0001586,T0001365,S0028,2025-01-01 08:10:00,9,25
PC0001587,T0000341,S0010,2025-01-01 08:10:00,17,16
PC0001588,T0001787,S0057,2025-01-01 08:10:00,6,8
PC0001589,T0001896,S0088,2025-01-01 08:10:00,30,6
PC0001590,T0000515,S0063,2025-01-01 08:10:00,7,4
PC0001591,T0001210,S0047,2025-01-01 08:10:00,26,20
PC0001592,T0000829,S0027,2025-01-01 08:10:00,23,25
PC0001593,T0001444,S0051,2025-01-01 08:10:00,35,18
PC0001594,T0001628,S0059,2025-01-01 08:10:00,31,4
PC0001595,T0001656,S0081,2025-01-01 08:10:00,2,7
PC0001596,T0000935,S0044,2025-01-01 08:10:00,19,24
PC0001597,T0001348,S0027,2025-01-01 08:10:00,22,18
PC0001598,T0000807,S0030,2025-01-01 08:10:00,18,14
PC0001599,T0000830,S0034,2025-01-01 08:10:00,22,30
PC0001600,T0000071,S0070,2025-01-01 08:10:00,48,4
PC0001601,T0001871,S0023,2025-01-01 08:10:00,46,9
PC0001602,T0000573,S0083,2025-01-01 08:10:00,18,9
PC0001603,T0000369,S0057,2025-01-01 08:10:00,41,7
PC0001604,T0000571,S0050,2025-01-01 08:10:00,6,25
PC0001605,T0001037,S0018,2025-01-01 08:10:00,40,16
PC0001606,T0000931,S0026,2025-01-01 08:10:00,20,5
PC0001607,T0000116,S0070,2025-01-01 08:10:00,44,16
PC0001608,T0000340,S0063,2025-01-01 08:10:00,19,25
PC0001609,T0001550,S0020,2025-01-01 08:10:00,41,19
PC0001610,T0000261,S0052,2025-01-01 08:10:00,11,13
PC0001611,T0001548,S0073,2025-01-01 08:10:00,39,18
PC0001612,T0000753,S0028,2025-01-01 08:10:00,0,13
PC0001613,T0001870,S0014,2025-01-01 08:10:00,20,27
PC0001614,T0000686,S0020,2025-01-01 08:10:00,30,7
PC0001615,T0001300,S0080,2025-01-01 08:10:00,15,8
PC0001616,T0001656,S0021,2025-01-01 08:10:00,18,22
PC0001617,T0000189,S0052,2025-01-01 08:10:00,-5,13
PC0001618,T0001952,S0051,2025-01-01 08:10:00,8,25
PC0001619,T0001036,S0063,2025-01-01 08:10:00,23,28
PC0001620,T0001238,S0036,2025-01-01 08:10:00,20,2
PC0001621,T0001750,S0025,2025-01-01 08:10:00,31,2
PC0001622,T0000708,S0050,2025-01-01 08:10:00,13,30
PC0001623,T0001706,S0008,2025-01-01 08:10:00,41,21
PC0001624,T0000528,S0020,2025-01-01 08:10:00,33,21
PC0001625,T0000472,S0081,2025-01-01 08:10:00,32,5
PC0001626,T0000840,S0066,2025-01-01 08:10:00,20,15
PC0001627,T0001759,S0005,2025-01-01 08:10:00,10,25
PC0001628,T0001181,S0090,2025-01-01 08:10:00,33,25
PC0001629,T0000942,S0093,2025-01-01 08:10:00,46,28
PC0001630,T0001087,S0097,2025-01-01 08:10:00,5,28
PC0001631,T0001272,S0049,2025-01-01 08:10:00,8,18
PC0001632,T0000663,S0016,2025-01-01 08:10:00,46,26
PC0001633,T0001502,S0098,2025-01-01 08:10:00,12,1
PC0001634,T0001765,S0033,2025-01-01 08:10:00,36,16
PC0001635,T0000663,S0081,2025-01-01 08:10:00,1,10
PC0001636,T0001381,S0057,2025-01-01 08:10:00,11,2
PC0001637,T0001080,S0023,2025-01-01 08:10:00,41,10
PC0001638,T0001687,S0006,2025-01-01 08:10:00,18,13
PC0001639,T0000086,S0064,2025-01-01 08:10:00,42,11
PC0001640,T0000732,S0007,2025-01-01 08:10:00,49,18
PC0001641,T0000802,S0022,2025-01-01 08:10:00,35,16
PC0001642,T0000453,S0070,2025-01-01 08:10:00,41,5
PC0001643,T0000936,S0054,2025-01-01 08:10:00,500,11
PC0001644,T0001854,S0082,2025-01-01 08:10:00,500,19
PC0001645,T0000689,S0066,2025-01-01 08:10:00,0,25
PC0001646,T0001538,S0035,2025-01-01 08:10:00,41,22
PC0001647,T0000311,S0059,2025-01-01 08:10:00,22,19
PC0001648,T0001546,S0081,2025-01-01 08:10:00,7,28
PC0001649,T0001308,S0057,2025-01-01 08:10:00,17,14
PC0001650,T0000359,S0080,2025-01-01 08:10:00,24,21
PC0001651,T0001773,S0073,2025-01-01 08:10:00,42,4
PC0001652,T0000560,S0040,2025-01-01 08:10:00,12,2
PC0001653,T0000102,S0009,2025-01-01 08:10:00,40,11
PC0001654,T0000330,S0077,2025-01-01 08:10:00,11,19
PC0001655,T0000599,S0068,2025-01-01 08:10:00,48,10
PC0001656,T0001127,S0094,2025-01-01 08:10:00,5,1
PC0001657,T0001747,S0024,2025-01-01 08:10:00,21,12
PC0001658,T0001099,S0051,2025-01-01 08:10:00,500,3
PC0001659,T0000184,S0046,2025-01-01 08:10:00,29,15
PC0001660,T0000575,S0086,2025-01-01 08:10:00,28,4
PC0001661,T0000050,S0090,2025-01-01 08:10:00,45,12
PC0001662,T0001345,S0032,2025-01-01 08:10:00,42,11
PC0001663,T0000401,S0078,2025-01-01 08:10:00,3,29
PC0001664,T0000055,S0072,2025-01-01 08:10:00,46,28
PC0001665,T0001122,S0084,2025-01-01 08:10:00,7,3
PC0001666,T0000907,S0013,2025-01-01 08:10:00,16,16
PC0001667,T0000507,S0021,2025-01-01 08:10:00,4,18
PC0001668,T0000285,S0010,2025-01-01 08:10:00,24,0
PC0001669,T0001902,S0046,2025-01-01 08:10:00,2,23
PC0001670,T0001014,S0001,2025-01-01 08:10:00,17,11
PC0001671,T0000858,S0094,2025-01-01 08:10:00,24,11
PC0001672,T0001210,S0035,2025-01-01 08:10:00,36,14
PC0001673,T0000717,S0040,2025-01-01 08:10:00,47,14
PC0001674,T0001859,S0036,2025-01-01 08:10:00,34,29
PC0001675,T0000474,S0066,2025-01-01 08:10:00,8,16
PC0001676,T0001121,S0048,2025-01-01 08:10:00,40,13
PC0001677,T0001975,S0072,2025-01-01 08:10:00,43,2
PC0001678,T0001547,S0008,2025-01-01 08:10:00,34,23
PC0001679,T0001619,S0048,2025-01-01 08:10:00,21,26
PC0001680,T0001572,S0084,2025-01-01 08:10:00,38,18
PC0001681,T0001090,S0063,2025-01-01 08:10:00,13,26
PC0001682,T0000606,S0022,2025-01-01 08:10:00,-5,5
PC0001683,T0000980,S0087,2025-01-01 08:10:00,500,13
PC0001684,T0000045,S0098,2025-01-01 08:10:00,7,12
PC0001685,T0000349,S0023,2025-01-01 08:10:00,25,30
PC0001686,T0000475,S0040,2025-01-01 08:10:00,19,3
PC0001687,T0001429,S0034,2025-01-01 08:10:00,30,30
PC0001688,T0001658,S0100,2025-01-01 08:10:00,35,9
PC0001689,T0000011,S0091,2025-01-01 08:10:00,39,30
PC0001690,T0000887,S0042,2025-01-01 08:10:00,18,11
PC0001691,T0000842,S0091,2025-01-01 08:10:00,44,17
PC0001692,T0000174,S0023,2025-01-01 08:10:00,19,17
PC0001693,T0001429,S0088,2025-01-01 08:10:00,21,26
PC0001694,T0001154,S0016,2025-01-01 08:10:00,26,23
PC0001695,T0000333,S0063,2025-01-01 08:10:00,18,17
PC0001696,T0000992,S0099,2025-01-01 08:10:00,11,25
PC0001697,T0000143,S0071,2025-01-01 08:10:00,43,6
PC0001698,T0001389,S0045,2025-01-01 08:10:00,46,2
PC0001699,T0000809,S0096,2025-01-01 08:10:00,28,1
PC0001700,T0000426,S0046,2025-01-01 08:10:00,49,13
PC0001701,T0001728,S0073,2025-01-01 08:10:00,10,25
PC0001702,T0000170,S0006,2025-01-01 08:10:00,46,20
PC0001703,T0000623,S0056,2025-01-01 08:10:00,18,12
PC0001704,T0000699,S0004,2025-01-01 08:10:00,18,14
PC0001705,T0000409,S0036,2025-01-01 08:10:00,11,30
PC0001706,T0000488,S0034,2025-01-01 08:10:00,1,25
PC0001707,T0000949,S0088,2025-01-01 08:10:00,18,0
PC0001708,T0000600,S0016,2025-01-01 08:10:00,30,7
PC0001709,T0000410,S0034,2025-01-01 08:10:00,40,12
PC0001710,T0001028,S0028,2025-01-01 08:10:00,17,15
PC0001711,T0000090,S0015,2025-01-01 08:10:00,25,17
PC0001712,T0001540,S0094,2025-01-01 08:10:00,15,0
PC0001713,T0001984,S0070,2025-01-01 08:10:00,35,9
PC0001714,T0001694,S0034,2025-01-01 08:10:00,47,17
PC0001715,T0001042,S0013,2025-01-01 08:10:00,14,26
PC0001716,T0000335,S0005,2025-01-01 08:10:00,42,9
PC0001717,T0000395,S0040,2025-01-01 08:10:00,33,26
PC0001718,T0000458,S0003,2025-01-01 08:10:00,4,27
PC0001719,T0000894,S0084,2025-01-01 08:10:00,32,7
PC0001720,T0000337,S0065,2025-01-01 08:10:00,31,9
PC0001721,T0000424,S0096,2025-01-01 08:10:00,32,2
PC0001722,T0000981,S0095,2025-01-01 08:10:00,36,27
PC0001723,T0001829,S0061,2025-01-01 08:10:00,13,17
PC0001724,T0001853,S0058,2025-01-01 08:10:00,7,11
PC0001725,T0001233,S0092,2025-01-01 08:10:00,4,24
PC0001726,T0000339,S0075,2025-01-01 08:10:00,10,2
PC0001727,T0001082,S0081,2025-01-01 08:10:00,41,12
PC0001728,T0000960,S0024,2025-01-01 08:10:00,44,22
PC0001729,T0001184,S0036,2025-01-01 08:10:00,2,30
PC0001730,T0001641,S0005,2025-01-01 08:10:00,27,1
PC0001731,T0000546,S0090,2025-01-01 08:10:00,36,12
PC0001732,T0001278,S0015,2025-01-01 08:10:00,9,4
PC0001733,T0001388,S0001,2025-01-01 08:10:00,500,6
PC0001734,T0000951,S0092,2025-01-01 08:10:00,46,21
PC0001735,T0001009,S0018,2025-01-01 08:10:00,37,2
PC0001736,T0001729,S0073,2025-01-01 08:10:00,20,28
PC0001737,T0000044,S0071,2025-01-01 08:10:00,12,10
PC0001738,T0001457,S0042,2025-01-01 08:10:00,49,3
PC0001739,T0000460,S0049,2025-01-01 08:10:00,35,30
PC0001740,T0000037,S0002,2025-01-01 08:10:00,29,10
PC0001741,T0000468,S0080,2025-01-01 08:10:00,34,2
PC0001742,T0000373,S0010,2025-01-01 08:10:00,23,3
PC0001743,T0001397,S0079,2025-01-01 08:10:00,10,15
PC0001744,T0001512,S0068,2025-01-01 08:10:00,50,18
PC0001745,T0001456,S0031,2025-01-01 08:10:00,0,15
PC0001746,T0001297,S0030,2025-01-01 08:10:00,30,7
PC0001747,T0001292,S0014,2025-01-01 08:10:00,30,21
PC0001748,T0001586,S0046,2025-01-01 08:10:00,48,7
PC0001749,T0001059,S0073,2025-01-01 08:10:00,27,19
PC0001750,T0001061,S0041,2025-01-01 08:10:00,47,5
PC0001751,T0000057,S0048,2025-01-01 08:10:00,43,2
PC0001752,T0000743,S0001,2025-01-01 08:10:00,32,24
PC0001753,T0001340,S0060,2025-01-01 08:10:00,29,8
PC0001754,T0000924,S0085,2025-01-01 08:10:00,37,2
PC0001755,T0001229,S0033,2025-01-01 08:10:00,24,9
PC0001756,T0000021,S0075,2025-01-01 08:10:00,49,20
PC0001757,T0001330,S0029,2025-01-01 08:10:00,46,0
PC0001758,T0000138,S0026,2025-01-01 08:10:00,27,10
PC0001759,T0001101,S0082,2025-01-01 08:10:00,25,24
PC0001760,T0001136,S0050,2025-01-01 08:10:00,16,3
PC0001761,T0001778,S0092,2025-01-01 08:10:00,24,3
PC0001762,T0000693,S0085,2025-01-01 08:10:00,27,30
PC0001763,T0001601,S0014,2025-01-01 08:10:00,500,28
PC0001764,T0000517,S0002,2025-01-01 08:10:00,0,18
PC0001765,T0000324,S0056,2025-01-01 08:10:00,8,23
PC0001766,T0001570,S0073,2025-01-01 08:10:00,2,11
PC0001767,T0001341,S0020,2025-01-01 08:10:00,39,18
PC0001768,T0001189,S0097,2025-01-01 08:10:00,29,13
PC0001769,T0001755,S0012,2025-01-01 08:10:00,22,19
PC0001770,T0001952,S0011,2025-01-01 08:10:00,50,11
PC0001771,T0001440,S0066,2025-01-01 08:10:00,45,21
PC0001772,T0001400,S0036,2025-01-01 08:10:00,29,20
PC0001773,T0001882,S0015,2025-01-01 08:10:00,11,30
PC0001774,T0001307,S0096,2025-01-01 08:10:00,11,1
PC0001775,T0000674,S0061,2025-01-01 08:10:00,44,10
PC0001776,T0000858,S0005,2025-01-01 08:10:00,48,15
PC0001777,T0001816,S0020,2025-01-01 08:10:00,9,28
PC0001778,T0000872,S0082,2025-01-01 08:10:00,23,18
PC0001779,T0000447,S0057,2025-01-01 08:10:00,29,24
PC0001780,T0000755,S0061,2025-01-01 08:10:00,29,10
PC0001781,T0001252,S0066,2025-01-01 08:10:00,34,9
PC0001782,T0000753,S0086,2025-01-01 08:10:00,24,18
PC0001783,T0001059,S0078,2025-01-01 08:10:00,21,26
PC0001784,T0000495,S0004,2025-01-01 08:10:00,20,21
PC0001785,T0001409,S0094,2025-01-01 08:10:00,39,5
PC0001786,T0001851,S0083,2025-01-01 08:10:00,29,18
PC0001787,T0001870,S0010,2025-01-01 08:10:00,25,1
PC0001788,T0001248,S0067,2025-01-01 08:10:00,25,12
PC0001789,T0000445,S0072,2025-01-01 08:10:00,44,7
PC0001790,T0000365,S0021,2025-01-01 08:10:00,32,4
PC0001791,T0000333,S0031,2025-01-01 08:10:00,28,22
PC0001792,T0000511,S0084,2025-01-01 08:10:00,34,18
PC0001793,T0001244,S0058,2025-01-01 08:10:00,2,17
PC0001794,T0001654,S0012,2025-01-01 08:10:00,38,15
PC0001795,T0000896,S0098,2025-01-01 08:10:00,27,11
PC0001796,T0000287,S0042,2025-01-01 08:10:00,49,3
PC0001797,T0000695,S0028,2025-01-01 08:10:00,46,0
PC0001798,T0001069,S0027,2025-01-01 08:10:00,47,12
PC0001799,T0001158,S0074,2025-01-01 08:10:00,47,16
PC0001800,T0000301,S0048,2025-01-01 08:10:00,32,8
PC0001801,T0001827,S0042,2025-01-01 08:10:00,10,9
PC0001802,T0000287,S0070,2025-01-01 08:10:00,8,0
PC0001803,T0001066,S0026,2025-01-01 08:10:00,26,27
PC0001804,T0001960,S0084,2025-01-01 08:10:00,40,11
PC0001805,T0001955,S0048,2025-01-01 08:10:00,44,2
PC0001806,T0000714,S0025,2025-01-01 08:10:00,44,7
PC0001807,T0000230,S0067,2025-01-01 08:10:00,39,3
PC0001808,T0001391,S0075,2025-01-01 08:10:00,1,20
PC0001809,T0000272,S0098,2025-01-01 08:10:00,10,28
PC0001810,T0001054,S0081,2025-01-01 08:10:00,12,19
PC0001811,T0000766,S0006,2025-01-01 08:10:00,6,9
PC0001812,T0001583,S0080,2025-01-01 08:10:00,49,1
PC0001813,T0000235,S0005,2025-01-01 08:10:00,42,10
PC0001814,T0001689,S0042,2025-01-01 08:10:00,18,6
PC0001815,T0001397,S0074,2025-01-01 08:10:00,49,30
PC0001816,T0000404,S0071,2025-01-01 08:10:00,14,4
PC0001817,T0001492,S0053,2025-01-01 08:10:00,45,24
PC0001818,T0000623,S0076,2025-01-01 08:10:00,39,12
PC0001819,T0001276,S0027,2025-01-01 08:10:00,25,9
PC0001820,T0001297,S0034,2025-01-01 08:10:00,0,27
PC0001821,T0001207,S0001,2025-01-01 08:10:00,44,2
PC0001822,T0001737,S0012,2025-01-01 08:10:00,41,6
PC0001823,T0001116,S0063,2025-01-01 08:10:00,27,11
PC0001824,T0001677,S0020,2025-01-01 08:10:00,30,5
PC0001825,T0000272,S0014,2025-01-01 08:10:00,45,16
PC0001826,T0001192,S0067,2025-01-01 08:10:00,36,22
PC0001827,T0000658,S0059,2025-01-01 08:10:00,28,20
PC0001828,T0001304,S0034,2025-01-01 08:10:00,4,5
PC0001829,T0001605,S0085,2025-01-01 08:10:00,29,4
PC0001830,T0001685,S0086,2025-01-01 08:10:00,35,7
PC0001831,T0000015,S0017,2025-01-01 08:10:00,3,12
PC0001832,T0001158,S0051,2025-01-01 08:10:00,23,2
PC0001833,T0001093,S0016,2025-01-01 08:10:00,26,23
PC0001834,T0000480,S0027,2025-01-01 08:10:00,5,2
PC0001835,T0000100,S0048,2025-01-01 08:10:00,29,8
PC0001836,T0001742,S0051,2025-01-01 08:10:00,47,1
PC0001837,T0000617,S0090,2025-01-01 08:10:00,5,8
PC0001838,T0000154,S0035,2025-01-01 08:10:00,38,22
PC0001839,T0000789,S0058,2025-01-01 08:10:00,21,23
PC0001840,T0001954,S0032,2025-01-01 08:10:00,36,9
PC0001841,T0000506,S0071,2025-01-01 08:10:00,17,3
PC0001842,T0001840,S0040,2025-01-01 08:10:00,45,6
PC0001843,T0000708,S0044,2025-01-01 08:10:00,0,6
PC0001844,T0001620,S0078,2025-01-01 08:10:00,23,7
PC0001845,T0000206,S0094,2025-01-01 08:10:00,38,8
PC0001846,T0000498,S0085,2025-01-01 08:10:00,15,10
PC0001847,T0001200,S0026,2025-01-01 08:10:00,42,30
PC0001848,T0000685,S0092,2025-01-01 08:10:00,18,30
PC0001849,T0000322,S0045,2025-01-01 08:10:00,27,6
PC0001850,T0000964,S0002,2025-01-01 08:10:00,48,8
PC0001851,T0001278,S0045,2025-01-01 08:10:00,36,26
PC0001852,T0001925,S0084,2025-01-01 08:10:00,22,15
PC0001853,T0001687,S0020,2025-01-01 08:10:00,16,30
PC0001854,T0001650,S0027,2025-01-01 08:10:00,25,2
PC0001855,T0001659,S0045,2025-01-01 08:10:00,32,25
PC0001856,T0000360,S0049,2025-01-01 08:10:00,9,7
PC0001857,T0001830,S0082,2025-01-01 08:10:00,30,28
PC0001858,T0001492,S0091,2025-01-01 08:10:00,26,6
PC0001859,T0001395,S0021,2025-01-01 08:10:00,36,6
PC0001860,T0001116,S0032,2025-01-01 08:10:00,49,8
PC0001861,T0000994,S0067,2025-01-01 08:10:00,22,25
PC0001862,T0001094,S0095,2025-01-01 08:10:00,4,19
PC0001863,T0000721,S0044,2025-01-01 08:10:00,27,29
PC0001864,T0000006,S0032,2025-01-01 08:10:00,41,19
PC0001865,T0000664,S0088,2025-01-01 08:10:00,41,14
PC0001866,T0001134,S0012,2025-01-01 08:10:00,21,14
PC0001867,T0001344,S0029,2025-01-01 08:10:00,39,10
PC0001868,T0000240,S0033,2025-01-01 08:10:00,2,20
PC0001869,T0000944,S0040,2025-01-01 08:10:00,45,15
PC0001870,T0000736,S0010,2025-01-01 08:10:00,35,5
PC0001871,T0000474,S0034,2025-01-01 08:10:00,43,23
PC0001872,T0000940,S0004,2025-01-01 08:10:00,15,11
PC0001873,T0000726,S0089,2025-01-01 08:10:00,30,30
PC0001874,T0001796,S0013,2025-01-01 08:10:00,30,4
PC0001875,T0001074,S0098,2025-01-01 08:10:00,40,30
PC0001876,T0000337,S0040,2025-01-01 08:10:00,39,10
PC0001877,T0000824,S0082,2025-01-01 08:10:00,38,7
PC0001878,T0001731,S0090,2025-01-01 08:10:00,22,9
PC0001879,T0000918,S0093,2025-01-01 08:10:00,46,9
PC0001880,T0001110,S0067,2025-01-01 08:10:00,1,25
PC0001881,T0000484,S0100,2025-01-01 08:10:00,500,22
PC0001882,T0001189,S0014,2025-01-01 08:10:00,34,14
PC0001883,T0000712,S0018,2025-01-01 08:10:00,31,8
PC0001884,T0000493,S0013,2025-01-01 08:10:00,16,6
PC0001885,T0001100,S0086,2025-01-01 08:10:00,50,27
PC0001886,T0001402,S0086,2025-01-01 08:10:00,2,1
PC0001887,T0000622,S0057,2025-01-01 08:10:00,38,17
PC0001888,T0000876,S0064,2025-01-01 08:10:00,35,17
PC0001889,T0001840,S0089,2025-01-01 08:10:00,2,8
PC0001890,T0000665,S0094,2025-01-01 08:10:00,3,3
PC0001891,T0001674,S0005,2025-01-01 08:10:00,7,20
PC0001892,T0000862,S0044,2025-01-01 08:10:00,24,24
PC0001893,T0000575,S0027,2025-01-01 08:10:00,5,15
PC0001894,T0000380,S0011,2025-01-01 08:10:00,34,10
PC0001895,T0000385,S0039,2025-01-01 08:10:00,30,27
PC0001896,T0000445,S0073,2025-01-01 08:10:00,50,23
PC0001897,T0001343,S0041,2025-01-01 08:10:00,31,25
PC0001898,T0000521,S0068,2025-01-01 08:10:00,5,20
PC0001899,T0001453,S0019,2025-01-01 08:10:00,32,29
PC0001900,T0000571,S0088,2025-01-01 08:10:00,18,0
PC0001901,T0001389,S0010,2025-01-01 08:10:00,25,13
PC0001902,T0001859,S0053,2025-01-01 08:10:00,8,26
PC0001903,T0001269,S0018,2025-01-01 08:10:00,39,21
PC0001904,T0001140,S0066,2025-01-01 08:10:00,40,7
PC0001905,T0000224,S0060,2025-01-01 08:10:00,43,16
PC0001906,T0000866,S0072,2025-01-01 08:10:00,3,4
PC0001907,T0000088,S0027,2025-01-01 08:10:00,5,27
PC0001908,T0001080,S0014,2025-01-01 08:10:00,48,9
PC0001909,T0000941,S0028,2025-01-01 08:10:00,28,13
PC0001910,T0000709,S0051,2025-01-01 08:10:00,41,12
PC0001911,T0001081,S0018,2025-01-01 08:10:00,21,14
PC0001912,T0000829,S0074,2025-01-01 08:10:00,42,22
PC0001913,T0001037,S0029,2025-01-01 08:10:00,24,30
PC0001914,T0000949,S0035,2025-01-01 08:10:00,38,1
PC0001915,T0001319,S0078,2025-01-01 08:10:00,23,10
PC0001916,T0000994,S0090,2025-01-01 08:10:00,8,29
PC0001917,T0001453,S0093,2025-01-01 08:10:00,16,16
PC0001918,T0000734,S0099,2025-01-01 08:10:00,43,29
PC0001919,T0000254,S0066,2025-01-01 08:10:00,42,8
PC0001920,T0000245,S0097,2025-01-01 08:10:00,5,21
PC0001921,T0001886,S0064,2025-01-01 08:10:00,8,25
PC0001922,T0001016,S0034,2025-01-01 08:10:00,49,16
PC0001923,T0000943,S0014,2025-01-01 08:10:00,48,20
PC0001924,T0001719,S0080,2025-01-01 08:10:00,4,10
PC0001925,T0001996,S0045,2025-01-01 08:10:00,41,6
PC0001926,T0001917,S0072,2025-01-01 08:10:00,20,15
PC0001927,T0001286,S0050,2025-01-01 08:10:00,39,14
PC0001928,T0000275,S0045,2025-01-01 08:10:00,36,8
PC0001929,T0001810,S0007,2025-01-01 08:10:00,45,4
PC0001930,T0000731,S0069,2025-01-01 08:10:00,9,27
PC0001931,T0000043,S0023,2025-01-01 08:10:00,8,14
PC0001932,T0000084,S0066,2025-01-01 08:10:00,39,13
PC0001933,T0001879,S0061,2025-01-01 08:10:00,14,28
PC0001934,T0000933,S0074,2025-01-01 08:10:00,50,6
PC0001935,T0000329,S0034,2025-01-01 08:10:00,8,28
PC0001936,T0001232,S0029,2025-01-01 08:10:00,43,3
PC0001937,T0000313,S0040,2025-01-01 08:10:00,13,8
PC0001938,T0001130,S0015,2025-01-01 08:10:00,39,7
PC0001939,T0001440,S0042,2025-01-01 08:10:00,8,5
PC0001940,T0001777,S0088,2025-01-01 08:10:00,35,23
PC0001941,T0000994,S0054,2025-01-01 08:10:00,28,16
PC0001942,T0000221,S0048,2025-01-01 08:10:00,31,18
PC0001943,T0000280,S0048,2025-01-01 08:10:00,24,29
PC0001944,T0001575,S0035,2025-01-01 08:10:00,20,3
PC0001945,T0001523,S0060,2025-01-01 08:10:00,50,12
PC0001946,T0001950,S0088,2025-01-01 08:10:00,37,22
PC0001947,T0000365,S0078,2025-01-01 08:10:00,4,15
PC0001948,T0001884,S0051,2025-01-01 08:10:00,2,10
PC0001949,T0000273,S0051,2025-01-01 08:10:00,14,10
PC0001950,T0001828,S0061,2025-01-01 08:10:00,26,16
PC0001951,T0000144,S0001,2025-01-01 08:10:00,4,21
PC0001952,T0000713,S0014,2025-01-01 08:10:00,19,10
PC0001953,T0000645,S0010,2025-01-01 08:10:00,21,10
PC0001954,T0001489,S0038,2025-01-01 08:10:00,18,10
PC0001955,T0000210,S0085,2025-01-01 08:10:00,38,22
PC0001956,T0000635,S0042,2025-01-01 08:10:00,49,6
PC0001957,T0000027,S0004,2025-01-01 08:10:00,49,29
PC0001958,T0000913,S0046,2025-01-01 08:10:00,20,5
PC0001959,T0000584,S0052,2025-01-01 08:10:00,32,22
PC0001960,T0000447,S0046,2025-01-01 08:10:00,6,10
PC0001961,T0001199,S0062,2025-01-01 08:10:00,20,23
PC0001962,T0001563,S0096,2025-01-01 08:10:00,28,5
PC0001963,T0001863,S0066,2025-01-01 08:10:00,23,27
PC0001964,T0001964,S0056,2025-01-01 08:10:00,26,23
PC0001965,T0001156,S0012,2025-01-01 08:10:00,18,20
PC0001966,T0001503,S0005,2025-01-01 08:10:00,9,14
PC0001967,T0000248,S0025,2025-01-01 08:10:00,0,16
PC0001968,T0001279,S0048,2025-01-01 08:10:00,12,4
PC0001969,T0001828,S0073,2025-01-01 08:10:00,38,8
PC0001970,T0001612,S0081,2025-01-01 08:10:00,40,29
PC0001971,T0001548,S0077,2025-01-01 08:10:00,2,25
PC0001972,T0001087,S0059,2025-01-01 08:10:00,1,4
PC0001973,T0000675,S0043,2025-01-01 08:10:00,11,26
PC0001974,T0000317,S0085,2025-01-01 08:10:00,7,27
PC0001975,T0000646,S0092,2025-01-01 08:10:00,44,15
PC0001976,T0001584,S0090,2025-01-01 08:10:00,10,21
PC0001977,T0001287,S0045,2025-01-01 08:10:00,9,3
PC0001978,T0000444,S0098,2025-01-01 08:10:00,24,1
PC0001979,T0001722,S0019,2025-01-01 08:10:00,16,18
PC0001980,T0001811,S0027,2025-01-01 08:10:00,42,13
PC0001981,T0000044,S0022,2025-01-01 08:10:00,25,22
PC0001982,T0000811,S0053,2025-01-01 08:10:00,500,19
PC0001983,T0000484,S0031,2025-01-01 08:10:00,43,25
PC0001984,T0001917,S0013,2025-01-01 08:10:00,0,5
PC0001985,T0001199,S0028,2025-01-01 08:10:00,44,5
PC0001986,T0001234,S0067,2025-01-01 08:10:00,10,19
PC0001987,T0001140,S0070,2025-01-01 08:10:00,34,16
PC0001988,T0001077,S0059,2025-01-01 08:10:00,24,8
PC0001989,T0000092,S0017,2025-01-01 08:10:00,49,23
PC0001990,T0001348,S0032,2025-01-01 08:10:00,6,20
PC0001991,T0000582,S0074,2025-01-01 08:10:00,25,24
PC0001992,T0000708,S0073,2025-01-01 08:10:00,22,21
PC0001993,T0001866,S0059,2025-01-01 08:10:00,27,28
PC0001994,T0001162,S0005,2025-01-01 08:10:00,39,1
PC0001995,T0000267,S0071,2025-01-01 08:10:00,13,8
PC0001996,T0000598,S0087,2025-01-01 08:10:00,43,22
PC0001997,T0001992,S0037,2025-01-01 08:10:00,12,21
PC0001998,T0001077,S0048,2025-01-01 08:10:00,6,18
PC0001999,T0001531,S0076,2025-01-01 08:10:00,6,21
PC0002000,T0001333,S0083,2025-01-01 08:10:00,24,6
