ticket_id,passenger_id,trip_id,boarding_stop_id,alighting_stop_id,timestamp,fare
TK00000001,P000496,T0001820,S0013,S0022,2025-01-01 08:15:00,4.49
TK00000002,P000257,T0001611,S0022,S0013,2025-01-01 08:15:00,1.86
TK00000003,P000852,T0001745,S0003,S0021,2025-01-01 08:15:00,3.8
TK00000004,P000235,T0001451,S0039,S0086,2025-01-01 08:15:00,3.45
TK00000005,P000660,T0000394,S0047,S0068,2025-01-01 08:15:00,3.15
TK00000006,P000587,T0001060,S0027,S0070,2025-01-01 08:15:00,4.14
TK00000007,P000271,T0000556,S0071,S0036,2025-01-01 08:15:00,2.05
TK00000008,P000317,T0000007,S0028,S0077,2025-01-01 08:15:00,3.93
TK00000009,P000401,T0000674,S0092,S0018,2025-01-01 08:15:00,2.8
TK00000010,P000171,T0000153,S0071,S0084,2025-01-01 08:15:00,2.04
TK00000011,P000505,T0000611,S0078,S0016,2025-01-01 08:15:00,4.41
TK00000012,P000345,T0001323,S0061,S0001,2025-01-01 08:15:00,1.94
TK00000013,P000563,T0001968,S0012,S0090,2025-01-01 08:15:00,1.51
TK00000014,P000011,T0000076,S0026,S0043,2025-01-01 08:15:00,2.33
TK00000015,P000205,T0000446,S0071,S0079,2025-01-01 08:15:00,2.83
TK00000016,P000507,T0001884,S0094,S0063,2025-01-01 08:15:00,3.35
TK00000017,P000785,T0001586,S0073,S0085,2025-01-01 08:15:00,4.21
TK00000018,P000985,T0001835,S0043,S0055,2025-01-01 08:15:00,3.39
TK00000019,P000236,T0000709,S0054,S0001,2025-01-01 08:15:00,3.85
TK00000020,P000058,T0000565,S0040,S0047,2025-01-01 08:15:00,3.3
TK00000021,P000834,T0001095,S0068,S0054,2025-01-01 08:15:00,2.8
TK00000022,P000755,T0001827,S0023,S0013,2025-01-01 08:15:00,2.25
TK00000023,P000451,T0001485,S0035,S0004,2025-01-01 08:15:00,4.91
TK00000024,P000905,T0001305,S0006,S0009,2025-01-01 08:15:00,3.62
TK00000025,P000914,T0000778,S0052,S0066,2025-01-01 08:15:00,1.68
TK00000026,P000142,T0001922,S0003,S0091,2025-01-01 08:15:00,4.23
TK00000027,,T0001557,S0078,S0018,2025-01-01 08:15:00,2.9
TK00000028,P000308,T0001019,S0018,S0065,2025-01-01 08:15:00,4.4
TK00000029,P000844,T0001611,S0082,S0071,2025-01-01 08:15:00,3.97
TK00000030,P000215,T0000452,S0051,S0014,2025-01-01 08:15:00,3.1
TK00000031,P000885,T0001231,S0067,S0026,2025-01-01 08:15:00,4.01
TK00000031,P000885,T0001231,S0067,S0026,2025-01-01 08:15:00,4.01
TK00000032,P000686,T0000125,S0009,S0072,2025-01-01 08:15:00,2.14
TK00000033,P000963,T0000231,S0039,S0063,2025-01-01 08:15:00,3.2
TK00000034,P000993,T0001124,S0068,S0054,2025-01-01 08:15:00,4.45
TK00000035,,T0001303,S0007,S0033,2025-01-01 08:15:00,4.88
TK00000036,P000149,T0000111,S0031,S0054,2025-01-01 08:15:00,4.36
TK00000037,P000814,T0000002,S0035,S0054,2025-01-01 08:15:00,2.45
TK00000038,P000627,T0000908,S0051,S0006,2025-01-01 08:15:00,4.86
TK00000039,P000253,T0000587,S0079,S0090,2025-01-01 08:15:00,4.98
TK00000040,P000891,T0000703,S0007,S0092,2025-01-01 08:15:00,4.25
TK00000041,P000114,T0001056,S0010,S0052,2025-01-01 08:15:00,4.2
TK00000042,P000950,T0001278,S0097,S0079,2025-01-01 08:15:00,4.88
TK00000043,P000113,T0000332,S0064,S0005,2025-01-01 08:15:00,3.66
TK00000044,P000151,T0001475,S0057,S0057,2025-01-01 08:15:00,4.54
TK00000045,P000342,T0000681,S0065,S0001,2025-01-01 08:15:00,4.59
TK00000046,P000939,T0000359,S0036,S0004,2025-01-01 08:15:00,3.56
TK00000047,P000692,T0001158,S0051,S0059,2025-01-01 08:15:00,2.24
TK00000048,P000155,T0001115,S0072,S0032,2025-01-01 08:15:00,2.64
TK00000049,P000749,T0000806,S0025,S0052,2025-01-01 08:15:00,4.33
TK00000050,P000025,T0000729,S0027,S0007,2025-01-01 08:15:00,4.81
TK00000051,P000674,T0001619,S0025,S0008,2025-01-01 08:15:00,2.67
TK00000052,P000289,T0000196,S0017,S0097,2025-01-01 08:15:00,4.87
TK00000053,P000429,T0000492,S0046,S0058,2025-01-01 08:15:00,4.2
TK00000054,P000950,T0000496,S0085,S0055,2025-01-01 08:15:00,3.89
TK00000055,P000834,T0000990,S0090,S0028,2025-01-01 08:15:00,3.76
TK00000056,P000356,T0001781,S0008,S0067,2025-01-01 08:15:00,1.95
TK00000057,P000369,T0000258,S0034,S0066,2025-01-01 08:15:00,2.02
TK00000058,P000138,T0000347,S0050,S0050,2025-01-01 08:15:00,2.5
TK00000059,P000734,T0001570,S0003,S0100,2025-01-01 08:15:00,1.99
TK00000060,P000057,T0001373,S0088,S0090,2025-01-01 08:15:00,2.27
TK00000061,P000217,T0001129,S0010,S0054,2025-01-01 08:15:00,3.52
TK00000062,P000704,T0001785,S0076,S0093,2025-01-01 08:15:00,2.88
TK00000063,P000162,T0001940,S0018,S0081,2025-01-01 08:15:00,3.52
TK00000064,P000616,T0000775,S0078,S0059,2025-01-01 08:15:00,2.88
TK00000065,P000827,T0001902,S0063,S0074,2025-01-01 08:15:00,2.03
TK00000066,P000107,T0001744,S0073,S0033,2025-01-01 08:15:00,4.62
TK00000067,P000558,T0000397,S0053,S0031,2025-01-01 08:15:00,2.68
TK00000068,P000005,T0000681,S0020,S0087,2025-01-01 08:15:00,1.5
TK00000069,P000912,T0001386,S0097,S0015,2025-01-01 08:15:00,1.51
TK00000070,P000182,T0001757,S0042,S0066,2025-01-01 08:15:00,2.56
TK00000071,P000165,T0000928,S0091,S0006,2025-01-01 08:15:00,3.27
TK00000072,P000555,T0000167,S0034,S0058,2025-01-01 08:15:00,3.2
TK00000073,P000345,T0001998,S0024,S0006,2025-01-01 08:15:00,3.42
TK00000074,P000129,T0001674,S0039,S0083,2025-01-01 08:15:00,1.88
TK00000075,P000172,T0001543,S0054,S0062,2025-01-01 08:15:00,3.19
TK00000076,P000941,T0001401,S0091,S0081,2025-01-01 08:15:00,3.81
TK00000077,P000092,T0000948,S0053,S0075,2025-01-01 08:15:00,1.83
TK00000078,P000993,T0001879,S0041,S0031,2025-01-01 08:15:00,4.74
TK00000079,P000228,T0000329,S0037,S0017,2025-01-01 08:15:00,3.39
TK00000080,P000081,T0001030,S0088,S0076,2025-01-01 08:15:00,4.37
TK00000081,P000786,T0000891,S0059,S0089,2025-01-01 08:15:00,4.9
TK00000082,P000973,T0001753,S0012,S0094,2025-01-01 08:15:00,4.67
TK00000083,P000749,T0001689,S0050,S0061,2025-01-01 08:15:00,1.68
TK00000084,P000271,T0001728,S0022,S0016,2025-01-01 08:15:00,2.78
TK00000085,P000607,T0001626,S0073,S0043,2025-01-01 08:15:00,1.71
TK00000085,P000607,T0001626,S0073,S0043,2025-01-01 08:15:00,1.71
TK00000086,P000743,T0000864,S0005,S0062,2025-01-01 08:15:00,3.22
TK00000087,P000921,T0001255,S0087,S0072,2025-01-01 08:15:00,4.72
TK00000088,P000774,T0000223,S0022,S0091,2025-01-01 08:15:00,3.41
TK00000089,P000944,T0001095,S0062,S0095,2025-01-01 08:15:00,2.16
TK00000090,P000067,T0000512,S0074,S0098,2025-01-01 08:15:00,2.37
TK00000091,P000256,T0001845,S0008,S0006,2025-01-01 08:15:00,4.26
TK00000092,P000725,T0001989,S0032,S0048,2025-01-01 08:15:00,1.78
TK00000093,P000367,T0001058,S0013,S0057,2025-01-01 08:15:00,2.04
TK00000094,P000926,T0000544,S0078,S0081,2025-01-01 08:15:00,2.18
TK00000095,P000602,T0000398,S0026,S0037,2025-01-01 08:15:00,1.6
TK00000096,P000932,T0001364,S0021,S0026,2025-01-01 08:15:00,3.65
TK00000097,P000151,T0000615,S0072,S0018,2025-01-01 08:15:00,4.02
TK00000098,P000422,T0001518,S0063,S0062,2025-01-01 08:15:00,4.74
TK00000099,P000064,T0001101,S0070,S0033,2025-01-01 08:15:00,2.71
TK00000100,P000108,T0000796,S0065,S0023,2025-01-01 08:15:00,3.65
TK00000101,P000372,T0000400,S0054,S0081,2025-01-01 08:15:00,4.72
TK00000102,P000035,T0001471,S0058,S0091,2025-01-01 08:15:00,3.67
TK00000103,P000954,T0000743,S0052,S0071,2025-01-01 08:15:00,2.72
TK00000104,P000181,T0000286,S0019,S0094,2025-01-01 08:15:00,1.67
TK00000105,P000413,T0000392,S0040,S0041,2025-01-01 08:15:00,1.8
TK00000106,P000509,T0001169,S0005,S0019,2025-01-01 08:15:00,3.38
TK00000107,P000680,T0001485,S0063,S0009,2025-01-01 08:15:00,2.24
TK00000108,P000984,T0001533,S0068,S0057,2025-01-01 08:15:00,3.9
TK00000109,P000010,T0001335,S0072,S0092,2025-01-01 08:15:00,4.82
TK00000110,P000652,T0000410,S0009,S0050,2025-01-01 08:15:00,4.36
TK00000111,P000624,T0000258,S0032,S0038,2025-01-01 08:15:00,3.89
TK00000112,P000534,T0000148,S0094,S0094,2025-01-01 08:15:00,2.91
TK00000113,P000821,T0000919,S0074,S0033,2025-01-01 08:15:00,3.79
TK00000114,P000291,T0000069,S0081,S0087,2025-01-01 08:15:00,3.38
TK00000115,P000627,T0000867,S0020,S0041,2025-01-01 08:15:00,4.68
TK00000116,P000990,T0000199,S0034,S0073,2025-01-01 08:15:00,2.53
TK00000117,P000781,T0000274,S0062,S0027,2025-01-01 08:15:00,2.11
TK00000118,P000189,T0001247,S0005,S0016,2025-01-01 08:15:00,2.14
TK00000119,P000431,T0001645,S0084,S0009,2025-01-01 08:15:00,1.56
TK00000120,P000743,T0001887,S0087,S0062,2025-01-01 08:15:00,3.3
TK00000121,P000183,T0000236,S0045,S0015,2025-01-01 08:15:00,4.4
TK00000122,P000715,T0001416,S0031,S0073,2025-01-01 08:15:00,4.1
TK00000123,P000405,T0001848,S0081,S0078,2025-01-01 08:15:00,4.38
TK00000124,P000716,T0001821,S0058,S0057,2025-01-01 08:15:00,1.97
TK00000125,P000627,T0001541,S0008,S0042,2025-01-01 08:15:00,4.68
TK00000126,P000664,T0001624,S0047,S0098,2025-01-01 08:15:00,1.8
TK00000127,P000486,T0001268,S0014,S0049,2025-01-01 08:15:00,2.21
TK00000128,P000956,T0001033,S0097,S0014,2025-01-01 08:15:00,2.11
TK00000129,P000788,T0001756,S0049,S0079,2025-01-01 08:15:00,4.21
TK00000130,P000409,T0001598,S0082,S0067,2025-01-01 08:15:00,1.64
TK00000131,P000276,T0000227,S0027,S0031,2025-01-01 08:15:00,1.77
TK00000132,P000291,T0000640,S0006,S0069,2025-01-01 08:15:00,4.49
TK00000133,P000471,T0001946,S0042,S0072,2025-01-01 08:15:00,2.64
TK00000134,P000604,T0000894,S0044,S0067,2025-01-01 08:15:00,2.63
TK00000135,P000480,T0001100,S0015,S0025,2025-01-01 08:15:00,1.96
TK00000136,P000173,T0000795,S0095,S0093,2025-01-01 08:15:00,2.32
TK00000137,P000135,T0001833,S0066,S0083,2025-01-01 08:15:00,4.12
TK00000138,P000763,T0000381,S0083,S0066,2025-01-01 08:15:00,4.12
TK00000139,P000053,T0001790,S0071,S0004,2025-01-01 08:15:00,1.7
TK00000140,,T0001557,S0082,S0032,2025-01-01 08:15:00,4.18
TK00000141,P000415,T0001253,S0062,S0062,2025-01-01 08:15:00,2.06
TK00000141,P000415,T0001253,S0062,S0062,2025-01-01 08:15:00,2.06
TK00000142,P000183,T0001290,S0081,S0034,2025-01-01 08:15:00,3.09
TK00000143,P000072,T0000333,S0035,S0092,2025-01-01 08:15:00,4.54
TK00000144,P000773,T0001166,S0063,S0026,2025-01-01 08:15:00,4.49
TK00000145,P000197,T0000447,S0086,S0100,2025-01-01 08:15:00,3.37
TK00000146,P000355,T0000846,S0085,S0023,2025-01-01 08:15:00,4.98
TK00000147,P000028,T0001791,S0063,S0050,2025-01-01 08:15:00,3.39
TK00000148,P000411,T0000205,S0086,S0010,2025-01-01 08:15:00,3.3
TK00000149,P000731,T0000347,S0083,S0024,2025-01-01 08:15:00,1.56
TK00000150,P000875,T0001003,S0039,S0067,2025-01-01 08:15:00,3.79
TK00000151,P000644,T0000015,S0054,S0027,2025-01-01 08:15:00,2.29
TK00000152,P000293,T0001286,S0089,S0020,2025-01-01 08:15:00,1.69
TK00000153,P000959,T0001889,S0075,S0039,2025-01-01 08:15:00,2.11
TK00000154,P000857,T0001043,S0067,S0032,2025-01-01 08:15:00,1.84
TK00000155,P000214,T0001834,S0061,S0014,2025-01-01 08:15:00,3.12
TK00000156,P000791,T0000816,S0029,S0099,2025-01-01 08:15:00,3.28
TK00000157,P000426,T0000536,S0039,S0006,2025-01-01 08:15:00,1.8
TK00000158,P000481,T0000240,S0047,S0001,2025-01-01 08:15:00,2.86
TK00000159,P000627,T0001504,S0041,S0002,2025-01-01 08:15:00,4.14
TK00000160,P000483,T0000096,S0069,S0066,2025-01-01 08:15:00,4.1
TK00000161,P000287,T0000338,S0081,S0027,2025-01-01 08:15:00,3.67
TK00000162,P000380,T0001784,S0015,S0060,2025-01-01 08:15:00,4.92
TK00000163,P000566,T0001874,S0022,S0082,2025-01-01 08:15:00,3.6
TK00000164,P000090,T0001575,S0090,S0055,2025-01-01 08:15:00,4.55
TK00000165,P000945,T0000745,S0050,S0088,2025-01-01 08:15:00,2.15
TK00000166,P000893,T0000405,S0029,S0044,2025-01-01 08:15:00,3.75
TK00000167,P000240,T0001571,S0002,S0072,2025-01-01 08:15:00,3.19
TK00000168,P000825,T0001353,S0043,S0091,2025-01-01 08:15:00,2.34
TK00000169,P000462,T0000228,S0039,S0083,2025-01-01 08:15:00,2.52
TK00000170,P000203,T0001515,S0052,S0043,2025-01-01 08:15:00,1.83
TK00000171,P000341,T0000452,S0041,S0056,2025-01-01 08:15:00,2.3
TK00000172,P000070,T0000498,S0090,S0002,2025-01-01 08:15:00,3.52
TK00000172,P000070,T0000498,S0090,S0002,2025-01-01 08:15:00,3.52
TK00000173,P000662,T0001046,S0065,S0056,2025-01-01 08:15:00,2.24
TK00000174,P000862,T0001505,S0047,S0025,2025-01-01 08:15:00,3.78
TK00000175,P000482,T0000424,S0046,S0060,2025-01-01 08:15:00,2.42
TK00000176,P000695,T0000285,S0020,S0083,2025-01-01 08:15:00,4.47
TK00000176,P000695,T0000285,S0020,S0083,2025-01-01 08:15:00,4.47
TK00000177,P000899,T0000166,S0085,S0017,2025-01-01 08:15:00,3.48
TK00000178,P000795,T0000197,S0081,S0091,2025-01-01 08:15:00,4.02
TK00000179,P000839,T0001536,S0076,S0034,2025-01-01 08:15:00,2.37
TK00000180,P000440,T0001761,S0095,S0034,2025-01-01 08:15:00,1.97
TK00000181,P000015,T0001955,S0098,S0049,2025-01-01 08:15:00,4.2
TK00000182,P000398,T0000306,S0078,S0073,2025-01-01 08:15:00,4.63
TK00000183,P000980,T0000321,S0084,S0059,2025-01-01 08:15:00,1.54
TK00000184,P000644,T0001585,S0010,S0084,2025-01-01 08:15:00,4.54
TK00000185,P000329,T0001400,S0091,S0021,2025-01-01 08:15:00,2.21
TK00000186,P000066,T0000043,S0019,S0048,2025-01-01 08:15:00,1.95
TK00000187,P000217,T0001075,S0006,S0092,2025-01-01 08:15:00,1.88
TK00000188,P000467,T0001819,S0090,S0010,2025-01-01 08:15:00,4.78
TK00000189,P000474,T0001577,S0066,S0041,2025-01-01 08:15:00,4.56
TK00000190,P000952,T0001771,S0091,S0017,2025-01-01 08:15:00,4.9
TK00000191,P000714,T0000175,S0076,S0043,2025-01-01 08:15:00,4.6
TK00000192,P000369,T0000142,S0072,S0007,2025-01-01 08:15:00,2.43
TK00000193,P000640,T0000099,S0082,S0050,2025-01-01 08:15:00,3.51
TK00000194,P000540,T0001348,S0061,S0036,2025-01-01 08:15:00,2.61
TK00000195,P000841,T0000356,S0057,S0058,2025-01-01 08:15:00,3.46
TK00000196,P000430,T0001488,S0072,S0009,2025-01-01 08:15:00,3.37
TK00000197,P000319,T0001338,S0100,S0016,2025-01-01 08:15:00,1.67
TK00000198,P000011,T0000695,S0089,S0010,2025-01-01 08:15:00,4.0
TK00000199,P000620,T0000611,S0037,S0035,2025-01-01 08:15:00,2.86
TK00000200,P000491,T0000753,S0071,S0014,2025-01-01 08:15:00,3.82
TK00000201,P000585,T0001779,S0089,S0022,2025-01-01 08:15:00,4.46
TK00000202,P000317,T0001829,S0063,S0076,2025-01-01 08:15:00,2.14
TK00000203,P000694,T0001225,S0093,S0010,2025-01-01 08:15:00,2.48
TK00000204,P000490,T0000953,S0052,S0093,2025-01-01 08:15:00,4.95
TK00000205,P000527,T0000780,S0013,S0062,2025-01-01 08:15:00,1.93
TK00000206,P000869,T0000053,S0064,S0004,2025-01-01 08:15:00,4.39
TK00000207,P000539,T0000244,S0047,S0013,2025-01-01 08:15:00,5.0
TK00000208,P000527,T0001479,S0083,S0086,2025-01-01 08:15:00,1.82
TK00000209,P000261,T0001760,S0066,S0077,2025-01-01 08:15:00,2.07
TK00000210,P000042,T0001366,S0100,S0082,2025-01-01 08:15:00,4.81
TK00000211,P000995,T0000596,S0069,S0022,2025-01-01 08:15:00,2.52
TK00000212,P000148,T0001869,S0058,S0006,2025-01-01 08:15:00,4.94
TK00000213,P000717,T0000084,S0081,S0039,2025-01-01 08:15:00,4.52
TK00000214,P000636,T0001854,S0069,S0073,2025-01-01 08:15:00,3.48
TK00000215,P000209,T0000415,S0046,S0061,2025-01-01 08:15:00,2.1
TK00000216,P000722,T0000178,S0093,S0019,2025-01-01 08:15:00,4.98
TK00000217,P000549,T0000315,S0049,S0097,2025-01-01 08:15:00,2.98
TK00000218,P000152,T0000091,S0052,S0090,2025-01-01 08:15:00,4.19
TK00000219,P000102,T0000118,S0029,S0040,2025-01-01 08:15:00,1.93
TK00000220,P000499,T0001470,S0019,S0097,2025-01-01 08:15:00,4.73
TK00000221,P000269,T0001043,S0038,S0094,2025-01-01 08:15:00,4.39
TK00000222,P000661,T0001930,S0070,S0086,2025-01-01 08:15:00,2.01
TK00000223,P000028,T0000694,S0047,S0011,2025-01-01 08:15:00,3.57
TK00000224,P000519,T0001380,S0008,S0099,2025-01-01 08:15:00,4.49
TK00000225,P000224,T0001382,S0042,S0006,2025-01-01 08:15:00,2.35
TK00000226,P000317,T0000567,S0010,S0061,2025-01-01 08:15:00,4.64
TK00000227,P000852,T0000600,S0053,S0013,2025-01-01 08:15:00,4.91
TK00000228,P000068,T0000693,S0005,S0096,2025-01-01 08:15:00,3.63
TK00000229,P000916,T0000349,S0062,S0045,2025-01-01 08:15:00,4.52
TK00000230,P000598,T0000809,S0085,S0047,2025-01-01 08:15:00,4.07
TK00000231,P000789,T0000868,S0071,S0054,2025-01-01 08:15:00,2.67
TK00000232,P000475,T0001380,S0043,S0088,2025-01-01 08:15:00,3.1
TK00000233,P000776,T0000955,S0075,S0087,2025-01-01 08:15:00,1.77
TK00000234,P000479,T0001056,S0013,S0035,2025-01-01 08:15:00,4.13
TK00000235,P000160,T0000196,S0051,S0025,2025-01-01 08:15:00,4.87
TK00000236,P000973,T0000781,S0096,S0050,2025-01-01 08:15:00,1.65
TK00000237,P000974,T0001029,S0080,S0018,2025-01-01 08:15:00,4.41
TK00000238,P000712,T0000584,S0093,S0076,2025-01-01 08:15:00,2.39
TK00000239,P000827,T0001435,S0046,S0065,2025-01-01 08:15:00,2.15
TK00000240,P000793,T0000320,S0055,S0044,2025-01-01 08:15:00,2.13
TK00000241,P000929,T0001954,S0064,S0085,2025-01-01 08:15:00,3.4
TK00000242,P000163,T0001795,S0050,S0037,2025-01-01 08:15:00,4.2
TK00000243,P000229,T0001443,S0012,S0091,2025-01-01 08:15:00,3.6
TK00000244,P000150,T0000266,S0017,S0050,2025-01-01 08:15:00,3.69
TK00000245,P000202,T0000147,S0054,S0079,2025-01-01 08:15:00,2.45
TK00000246,P000808,T0000351,S0044,S0004,2025-01-01 08:15:00,4.08
TK00000247,P000844,T0000413,S0072,S0081,2025-01-01 08:15:00,3.0
TK00000248,P000845,T0001726,S0025,S0032,2025-01-01 08:15:00,2.31
TK00000249,P000915,T0001481,S0086,S0072,2025-01-01 08:15:00,3.21
TK00000250,P000434,T0001593,S0072,S0052,2025-01-01 08:15:00,4.9
TK00000251,P000420,T0000996,S0040,S0091,2025-01-01 08:15:00,2.08
TK00000252,P000694,T0001989,S0098,S0072,2025-01-01 08:15:00,2.36
TK00000253,P000953,T0000063,S0010,S0028,2025-01-01 08:15:00,4.11
TK00000254,P000341,T0001765,S0031,S0077,2025-01-01 08:15:00,2.52
TK00000255,P000259,T0000531,S0027,S0086,2025-01-01 08:15:00,4.62
TK00000256,P000151,T0000542,S0082,S0056,2025-01-01 08:15:00,3.93
TK00000257,P000113,T0000079,S0024,S0030,2025-01-01 08:15:00,4.98
TK00000258,P000221,T0001957,S0016,S0059,2025-01-01 08:15:00,4.15
TK00000259,P000722,T0001325,S0082,S0018,2025-01-01 08:15:00,2.54
TK00000260,P000998,T0000890,S0090,S0012,2025-01-01 08:15:00,3.42
TK00000261,P000047,T0001557,S0050,S0097,2025-01-01 08:15:00,3.66
TK00000262,P000159,T0000229,S0056,S0026,2025-01-01 08:15:00,1.56
TK00000263,P000269,T0001831,S0070,S0064,2025-01-01 08:15:00,4.29
TK00000264,P000690,T0001208,S0033,S0075,2025-01-01 08:15:00,4.82
TK00000265,P000785,T0000723,S0025,S0040,2025-01-01 08:15:00,2.14
TK00000266,P000887,T0001951,S0081,S0031,2025-01-01 08:15:00,2.66
TK00000267,P000869,T0001794,S0040,S0095,2025-01-01 08:15:00,3.66
TK00000268,P000491,T0000265,S0094,S0083,2025-01-01 08:15:00,4.16
TK00000269,P000452,T0001563,S0025,S0044,2025-01-01 08:15:00,3.57
TK00000270,P000218,T0000906,S0030,S0096,2025-01-01 08:15:00,4.25
TK00000271,P000833,T0000087,S0074,S0050,2025-01-01 08:15:00,3.36
TK00000272,P000724,T0000561,S0059,S0019,2025-01-01 08:15:00,3.28
TK00000273,P000599,T0000478,S0023,S0080,2025-01-01 08:15:00,3.75
TK00000274,P000329,T0001216,S0037,S0027,2025-01-01 08:15:00,4.12
TK00000275,P000773,T0001891,S0081,S0007,2025-01-01 08:15:00,4.21
TK00000276,P000513,T0000754,S0050,S0013,2025-01-01 08:15:00,4.79
TK00000277,P000546,T0000557,S0062,S0096,2025-01-01 08:15:00,4.55
TK00000278,P000269,T0000241,S0007,S0067,2025-01-01 08:15:00,2.47
TK00000278,P000269,T0000241,S0007,S0067,2025-01-01 08:15:00,2.47
TK00000279,P000505,T0001720,S0095,S0097,2025-01-01 08:15:00,2.92
TK00000280,P000081,T0001174,S0080,S0021,2025-01-01 08:15:00,3.46
TK00000281,P000566,T0000105,S0061,S0064,2025-01-01 08:15:00,2.46
TK00000282,P000502,T0001525,S0098,S0036,2025-01-01 08:15:00,2.51
TK00000283,P000106,T0000279,S0075,S0090,2025-01-01 08:15:00,2.5
TK00000284,P000495,T0000681,S0066,S0011,2025-01-01 08:15:00,3.34
TK00000285,P000435,T0001979,S0069,S0025,2025-01-01 08:15:00,4.43
TK00000286,P000556,T0000883,S0024,S0033,2025-01-01 08:15:00,3.75
TK00000287,P000008,T0000094,S0017,S0032,2025-01-01 08:15:00,4.61
TK00000288,P000139,T0001949,S0033,S0034,2025-01-01 08:15:00,4.4
TK00000289,P000226,T0001743,S0090,S0014,2025-01-01 08:15:00,2.3
TK00000290,P000044,T0000776,S0097,S0002,2025-01-01 08:15:00,4.96
TK00000291,P000497,T0001920,S0039,S0078,2025-01-01 08:15:00,2.11
TK00000292,P000088,T0001153,S0076,S0023,2025-01-01 08:15:00,4.25
TK00000293,P000295,T0001821,S0002,S0054,2025-01-01 08:15:00,3.92
TK00000294,P000903,T0000887,S0025,S0036,2025-01-01 08:15:00,2.83
TK00000295,P000970,T0000812,S0054,S0011,2025-01-01 08:15:00,3.61
TK00000295,P000970,T0000812,S0054,S0011,2025-01-01 08:15:00,3.61
TK00000296,P000999,T0000678,S0076,S0070,2025-01-01 08:15:00,2.6
TK00000297,P000189,T0001133,S0042,S0021,2025-01-01 08:15:00,2.02
TK00000298,P000131,T0001833,S0080,S0022,2025-01-01 08:15:00,4.74
TK00000299,P000784,T0001712,S0002,S0069,2025-01-01 08:15:00,1.77
TK00000299,P000784,T0001712,S0002,S0069,2025-01-01 08:15:00,1.77
TK00000300,P000603,T0000122,S0013,S0094,2025-01-01 08:15:00,2.04
TK00000301,P000420,T0001776,S0022,S0076,2025-01-01 08:15:00,3.05
TK00000302,P000612,T0001244,S0057,S0079,2025-01-01 08:15:00,1.86
TK00000303,P000584,T0000136,S0093,S0042,2025-01-01 08:15:00,4.99
TK00000304,P000304,T0001201,S0085,S0057,2025-01-01 08:15:00,3.83
TK00000305,P000674,T0001767,S0068,S0047,2025-01-01 08:15:00,4.79
TK00000306,P000168,T0000578,S0069,S0031,2025-01-01 08:15:00,3.39
TK00000307,P000576,T0000031,S0066,S0086,2025-01-01 08:15:00,3.39
TK00000308,P000531,T0000880,S0022,S0057,2025-01-01 08:15:00,4.24
TK00000309,P000037,T0001938,S0028,S0059,2025-01-01 08:15:00,1.83
TK00000310,P000069,T0001800,S0087,S0014,2025-01-01 08:15:00,2.91
TK00000311,P000953,T0000691,S0041,S0070,2025-01-01 08:15:00,4.7
TK00000312,P000015,T0001259,S0020,S0054,2025-01-01 08:15:00,4.59
TK00000313,P000592,T0001644,S0019,S0037,2025-01-01 08:15:00,4.62
TK00000314,P000960,T0001735,S0092,S0096,2025-01-01 08:15:00,3.76
TK00000315,P000199,T0000859,S0057,S0006,2025-01-01 08:15:00,3.77
TK00000316,P000536,T0001838,S0028,S0093,2025-01-01 08:15:00,2.86
TK00000317,P000157,T0000420,S0090,S0060,2025-01-01 08:15:00,4.24
TK00000318,P000336,T0001138,S0003,S0087,2025-01-01 08:15:00,2.16
TK00000319,P000933,T0001507,S0010,S0008,2025-01-01 08:15:00,3.14
TK00000320,P000028,T0000160,S0052,S0095,2025-01-01 08:15:00,3.45
TK00000321,P000596,T0000256,S0008,S0056,2025-01-01 08:15:00,2.7
TK00000322,P000019,T0001384,S0096,S0051,2025-01-01 08:15:00,3.66
TK00000323,P000995,T0001185,S0080,S0028,2025-01-01 08:15:00,4.43
TK00000324,P000721,T0000246,S0036,S0048,2025-01-01 08:15:00,4.4
TK00000325,P000963,T0000345,S0051,S0070,2025-01-01 08:15:00,3.36
TK00000326,P000076,T0001477,S0041,S0082,2025-01-01 08:15:00,4.98
TK00000327,P000022,T0000434,S0043,S0018,2025-01-01 08:15:00,4.32
TK00000328,P000307,T0001689,S0087,S0048,2025-01-01 08:15:00,4.7
TK00000329,P000347,T0001992,S0065,S0070,2025-01-01 08:15:00,2.76
TK00000330,P000950,T0001820,S0014,S0024,2025-01-01 08:15:00,2.6
TK00000331,P000330,T0000086,S0036,S0017,2025-01-01 08:15:00,4.53
TK00000332,P000465,T0000854,S0005,S0047,2025-01-01 08:15:00,3.73
TK00000333,P000385,T0001531,S0083,S0100,2025-01-01 08:15:00,1.72
TK00000334,P000504,T0000337,S0005,S0002,2025-01-01 08:15:00,4.5
TK00000335,P000556,T0001561,S0008,S0032,2025-01-01 08:15:00,4.75
TK00000336,P000426,T0000228,S0023,S0052,2025-01-01 08:15:00,2.58
TK00000337,P000683,T0000200,S0047,S0089,2025-01-01 08:15:00,2.42
TK00000338,P000979,T0000470,S0081,S0088,2025-01-01 08:15:00,2.58
TK00000339,P000086,T0000139,S0003,S0054,2025-01-01 08:15:00,1.52
TK00000340,P000082,T0001111,S0028,S0090,2025-01-01 08:15:00,2.01
TK00000341,P000928,T0000790,S0029,S0082,2025-01-01 08:15:00,1.55
TK00000342,P000707,T0000758,S0095,S0093,2025-01-01 08:15:00,2.02
TK00000343,P000075,T0001225,S0050,S0008,2025-01-01 08:15:00,4.96
TK00000344,P000792,T0001888,S0079,S0080,2025-01-01 08:15:00,4.41
TK00000345,P000631,T0001700,S0060,S0091,2025-01-01 08:15:00,4.18
TK00000346,P000126,T0001603,S0094,S0013,2025-01-01 08:15:00,3.51
TK00000347,P000548,T0001916,S0077,S0015,2025-01-01 08:15:00,2.91
TK00000348,P000472,T0000614,S0002,S0023,2025-01-01 08:15:00,3.86
TK00000349,P000175,T0001872,S0096,S0051,2025-01-01 08:15:00,4.93
TK00000350,P000771,T0000018,S0078,S0005,2025-01-01 08:15:00,2.9
TK00000351,P000371,T0000822,S0023,S0008,2025-01-01 08:15:00,1.72
TK00000352,P000351,T0001961,S0084,S0080,2025-01-01 08:15:00,1.51
TK00000353,P000508,T0000576,S0099,S0043,2025-01-01 08:15:00,2.74
TK00000354,P000286,T0000938,S0040,S0054,2025-01-01 08:15:00,1.51
TK00000355,,T0001264,S0058,S0067,2025-01-01 08:15:00,1.75
TK00000356,P000532,T0001242,S0024,S0031,2025-01-01 08:15:00,1.88
TK00000357,P000100,T0001214,S0100,S0056,2025-01-01 08:15:00,4.43
TK00000358,P000613,T0001992,S0078,S0012,2025-01-01 08:15:00,4.8
TK00000359,P000986,T0001313,S0074,S0059,2025-01-01 08:15:00,2.57
TK00000360,P000895,T0001633,S0059,S0009,2025-01-01 08:15:00,2.97
TK00000361,P000617,T0001926,S0001,S0013,2025-01-01 08:15:00,3.83
TK00000362,P000540,T0000680,S0015,S0082,2025-01-01 08:15:00,2.59
TK00000363,P000365,T0000070,S0065,S0062,2025-01-01 08:15:00,4.65
TK00000364,P000927,T0001207,S0044,S0063,2025-01-01 08:15:00,3.15
TK00000365,P000752,T0000606,S0099,S0063,2025-01-01 08:15:00,2.46
TK00000366,P000574,T0000673,S0027,S0056,2025-01-01 08:15:00,4.59
TK00000367,P000463,T0001364,S0045,S0086,2025-01-01 08:15:00,2.0
TK00000368,P000103,T0001889,S0042,S0069,2025-01-01 08:15:00,3.32
TK00000369,P000516,T0001559,S0084,S0059,2025-01-01 08:15:00,4.58
TK00000370,P000615,T0001876,S0040,S0040,2025-01-01 08:15:00,2.88
TK00000371,P000804,T0000389,S0007,S0045,2025-01-01 08:15:00,2.27
TK00000372,P000757,T0000023,S0093,S0008,2025-01-01 08:15:00,4.66
TK00000373,P000436,T0001961,S0011,S0087,2025-01-01 08:15:00,3.17
TK00000374,P000517,T0001171,S0065,S0004,2025-01-01 08:15:00,3.86
TK00000375,P000431,T0001769,S0049,S0035,2025-01-01 08:15:00,2.74
TK00000376,P000454,T0000629,S0094,S0033,2025-01-01 08:15:00,2.01
TK00000377,P000345,T0000229,S0023,S0026,2025-01-01 08:15:00,4.35
TK00000378,P000054,T0001717,S0012,S0071,2025-01-01 08:15:00,4.32
TK00000379,P000646,T0001292,S0007,S0030,2025-01-01 08:15:00,3.99
TK00000380,P000830,T0000208,S0087,S0090,2025-01-01 08:15:00,2.02
TK00000381,P000210,T0001354,S0038,S0003,2025-01-01 08:15:00,4.31
TK00000382,P000829,T0001938,S0015,S0018,2025-01-01 08:15:00,1.87
TK00000383,P000752,T0000098,S0075,S0081,2025-01-01 08:15:00,4.93
TK00000384,P000575,T0001965,S0083,S0084,2025-01-01 08:15:00,2.85
TK00000385,P000151,T0001550,S0065,S0024,2025-01-01 08:15:00,2.32
TK00000386,P000184,T0001232,S0036,S0068,2025-01-01 08:15:00,3.95
TK00000387,P000365,T0000998,S0088,S0083,2025-01-01 08:15:00,3.3
TK00000388,P000236,T0000550,S0045,S0043,2025-01-01 08:15:00,4.26
TK00000389,P000554,T0001204,S0046,S0040,2025-01-01 08:15:00,4.72
TK00000390,P000827,T0000075,S0013,S0079,2025-01-01 08:15:00,3.48
TK00000391,P000134,T0000542,S0041,S0040,2025-01-01 08:15:00,3.91
TK00000392,P000562,T0000823,S0100,S0035,2025-01-01 08:15:00,2.66
TK00000393,P000713,T0001827,S0034,S0012,2025-01-01 08:15:00,3.67
TK00000394,P000528,T0000172,S0053,S0004,2025-01-01 08:15:00,4.89
TK00000395,P000499,T0001886,S0002,S0060,2025-01-01 08:15:00,2.61
TK00000396,P000816,T0001025,S0003,S0036,2025-01-01 08:15:00,2.75
TK00000397,P000996,T0000457,S0057,S0072,2025-01-01 08:15:00,1.64
TK00000398,P000094,T0000689,S0010,S0045,2025-01-01 08:15:00,4.76
TK00000399,P000334,T0001877,S0061,S0059,2025-01-01 08:15:00,3.18
TK00000400,P000467,T0001607,S0005,S0083,2025-01-01 08:15:00,4.86
TK00000401,P000258,T0000362,S0071,S0051,2025-01-01 08:15:00,2.08
TK00000402,P000407,T0001266,S0010,S0065,2025-01-01 08:15:00,4.63
TK00000403,P000477,T0000232,S0089,S0081,2025-01-01 08:15:00,1.84
TK00000404,P000978,T0000690,S0024,S0075,2025-01-01 08:15:00,3.04
TK00000405,P000905,T0001167,S0037,S0004,2025-01-01 08:15:00,1.51
TK00000406,P000714,T0001094,S0071,S0025,2025-01-01 08:15:00,3.02
TK00000407,P000780,T0001598,S0088,S0020,2025-01-01 08:15:00,3.7
TK00000408,P000765,T0000201,S0006,S0093,2025-01-01 08:15:00,3.85
TK00000409,P000556,T0001897,S0076,S0096,2025-01-01 08:15:00,3.7
TK00000410,P000507,T0001800,S0047,S0014,2025-01-01 08:15:00,2.5
TK00000411,P000657,T0001373,S0026,S0047,2025-01-01 08:15:00,3.98
TK00000412,P000963,T0000227,S0024,S0029,2025-01-01 08:15:00,2.62
TK00000413,P000860,T0000124,S0094,S0032,2025-01-01 08:15:00,4.97
TK00000414,P000631,T0001115,S0087,S0089,2025-01-01 08:15:00,4.68
TK00000415,P000412,T0001387,S0054,S0003,2025-01-01 08:15:00,3.41
TK00000416,P000033,T0001532,S0061,S0002,2025-01-01 08:15:00,4.48
TK00000417,P000066,T0000596,S0007,S0020,2025-01-01 08:15:00,1.95
TK00000418,P000699,T0000052,S0074,S0068,2025-01-01 08:15:00,3.28
TK00000419,P000809,T0001212,S0040,S0044,2025-01-01 08:15:00,4.66
TK00000420,P000048,T0001023,S0092,S0022,2025-01-01 08:15:00,1.56
TK00000421,P000987,T0000746,S0097,S0055,2025-01-01 08:15:00,4.1
TK00000422,P000447,T0001465,S0082,S0048,2025-01-01 08:15:00,3.12
TK00000423,P000197,T0000793,S0032,S0079,2025-01-01 08:15:00,2.82
TK00000424,P000397,T0000279,S0043,S0051,2025-01-01 08:15:00,2.45
TK00000425,P000386,T0000704,S0064,S0024,2025-01-01 08:15:00,4.66
TK00000426,P000209,T0001012,S0062,S0018,2025-01-01 08:15:00,2.86
TK00000427,P000963,T0001674,S0089,S0002,2025-01-01 08:15:00,2.92
TK00000428,,T0001142,S0097,S0061,2025-01-01 08:15:00,2.85
TK00000429,P000957,T0000528,S0052,S0049,2025-01-01 08:15:00,2.32
TK00000430,P000785,T0001047,S0090,S0082,2025-01-01 08:15:00,1.9
TK00000431,P000585,T0000261,S0099,S0046,2025-01-01 08:15:00,3.73
TK00000432,P000627,T0001104,S0016,S0025,2025-01-01 08:15:00,3.73
TK00000433,P000674,T0000912,S0038,S0050,2025-01-01 08:15:00,4.83
TK00000434,P000868,T0001778,S0049,S0006,2025-01-01 08:15:00,2.43
TK00000435,P000599,T0000341,S0077,S0023,2025-01-01 08:15:00,2.05
TK00000436,P000969,T0001933,S0079,S0067,2025-01-01 08:15:00,1.98
TK00000436,P000969,T0001933,S0079,S0067,2025-01-01 08:15:00,1.98
TK00000437,P000550,T0001503,S0100,S0030,2025-01-01 08:15:00,3.4
TK00000438,P000014,T0001237,S0060,S0091,2025-01-01 08:15:00,4.9
TK00000439,P000329,T0001002,S0033,S0044,2025-01-01 08:15:00,2.59
TK00000440,P000494,T0000561,S0007,S0084,2025-01-01 08:15:00,1.87
TK00000441,P000426,T0001436,S0005,S0072,2025-01-01 08:15:00,4.29
TK00000442,P000250,T0000896,S0091,S0062,2025-01-01 08:15:00,2.99
TK00000443,P000953,T0000765,S0095,S0093,2025-01-01 08:15:00,3.6
TK00000444,P000537,T0000656,S0058,S0097,2025-01-01 08:15:00,2.21
TK00000445,P000686,T0000907,S0038,S0068,2025-01-01 08:15:00,4.42
TK00000446,P000206,T0001629,S0015,S0072,2025-01-01 08:15:00,4.45
TK00000447,P000333,T0000058,S0028,S0097,2025-01-01 08:15:00,4.37
TK00000448,P000031,T0000085,S0031,S0078,2025-01-01 08:15:00,4.36
TK00000449,P000345,T0001221,S0068,S0019,2025-01-01 08:15:00,4.49
TK00000450,P000414,T0000545,S0003,S0098,2025-01-01 08:15:00,4.41
TK00000451,P000252,T0000324,S0052,S0045,2025-01-01 08:15:00,1.98
TK00000452,P000514,T0000485,S0035,S0072,2025-01-01 08:15:00,2.63
TK00000453,P000630,T0000898,S0060,S0040,2025-01-01 08:15:00,2.35
TK00000454,P000739,T0000936,S0067,S0066,2025-01-01 08:15:00,2.52
TK00000455,P000065,T0001873,S0069,S0011,2025-01-01 08:15:00,3.81
TK00000456,P000360,T0000874,S0027,S0022,2025-01-01 08:15:00,3.66
TK00000457,P000762,T0001061,S0063,S0069,2025-01-01 08:15:00,1.83
TK00000458,P000317,T0001845,S0086,S0044,2025-01-01 08:15:00,2.9
TK00000459,P000393,T0001135,S0086,S0030,2025-01-01 08:15:00,3.48
TK00000460,P000862,T0000506,S0057,S0006,2025-01-01 08:15:00,1.52
TK00000461,P000102,T0000776,S0051,S0033,2025-01-01 08:15:00,2.4
TK00000462,P000550,T0000254,S0012,S0009,2025-01-01 08:15:00,3.08
TK00000463,P000831,T0000514,S0099,S0078,2025-01-01 08:15:00,3.58
TK00000464,P000972,T0000459,S0088,S0014,2025-01-01 08:15:00,3.2
TK00000465,P000078,T0000642,S0015,S0077,2025-01-01 08:15:00,1.63
TK00000466,P000272,T0000665,S0042,S0077,2025-01-01 08:15:00,1.8
TK00000467,P000499,T0001496,S0088,S0089,2025-01-01 08:15:00,2.25
TK00000468,P000367,T0000479,S0081,S0079,2025-01-01 08:15:00,3.07
TK00000469,P000192,T0001579,S0073,S0054,2025-01-01 08:15:00,3.62
TK00000470,P000518,T0001727,S0036,S0014,2025-01-01 08:15:00,1.88
TK00000471,P000171,T0001851,S0054,S0046,2025-01-01 08:15:00,4.01
TK00000472,P000505,T0001005,S0054,S0078,2025-01-01 08:15:00,2.5
TK00000473,P000476,T0000938,S0013,S0058,2025-01-01 08:15:00,1.64
TK00000474,P000843,T0000386,S0056,S0063,2025-01-01 08:15:00,4.42
TK00000475,P000176,T0000246,S0066,S0047,2025-01-01 08:15:00,3.27
TK00000476,P000382,T0000876,S0050,S0067,2025-01-01 08:15:00,1.69
TK00000477,P000014,T0000902,S0016,S0073,2025-01-01 08:15:00,2.05
TK00000478,P000855,T0001877,S0089,S0050,2025-01-01 08:15:00,3.05
TK00000479,P000913,T0001289,S0092,S0049,2025-01-01 08:15:00,2.67
TK00000480,P000072,T0000044,S0005,S0030,2025-01-01 08:15:00,2.17
TK00000481,P000839,T0001115,S0050,S0052,2025-01-01 08:15:00,4.96
TK00000482,P000294,T0000169,S0012,S0082,2025-01-01 08:15:00,4.87
TK00000483,P000444,T0001766,S0014,S0089,2025-01-01 08:15:00,4.05
TK00000484,P000882,T0001500,S0098,S0036,2025-01-01 08:15:00,4.45
TK00000485,P000604,T0001628,S0065,S0021,2025-01-01 08:15:00,3.37
TK00000486,P000536,T0000924,S0038,S0034,2025-01-01 08:15:00,2.46
TK00000487,P000332,T0000735,S0099,S0013,2025-01-01 08:15:00,3.88
TK00000488,P000363,T0001536,S0051,S0070,2025-01-01 08:15:00,2.96
TK00000489,P000994,T0000796,S0084,S0032,2025-01-01 08:15:00,1.92
TK00000490,P000608,T0001927,S0046,S0085,2025-01-01 08:15:00,2.25
TK00000491,P000475,T0000912,S0027,S0072,2025-01-01 08:15:00,3.26
TK00000492,P000956,T0001265,S0020,S0063,2025-01-01 08:15:00,3.24
TK00000493,P000696,T0001273,S0001,S0008,2025-01-01 08:15:00,2.52
TK00000494,P000553,T0000832,S0042,S0064,2025-01-01 08:15:00,4.13
TK00000495,P000837,T0001716,S0091,S0060,2025-01-01 08:15:00,2.36
TK00000496,P000276,T0000004,S0076,S0064,2025-01-01 08:15:00,1.89
TK00000497,P000441,T0000247,S0100,S0081,2025-01-01 08:15:00,3.88
TK00000498,P000055,T0001047,S0006,S0010,2025-01-01 08:15:00,3.38
TK00000499,P000240,T0001929,S0036,S0035,2025-01-01 08:15:00,2.71
TK00000500,P000882,T0001835,S0007,S0045,2025-01-01 08:15:00,2.37
TK00000501,P000259,T0000585,S0029,S0001,2025-01-01 08:15:00,4.78
TK00000502,P000738,T0000572,S0092,S0096,2025-01-01 08:15:00,4.75
TK00000503,P000783,T0001167,S0034,S0066,2025-01-01 08:15:00,3.61
TK00000504,P000822,T0000677,S0016,S0030,2025-01-01 08:15:00,3.82
TK00000505,P000216,T0001627,S0016,S0076,2025-01-01 08:15:00,3.82
TK00000506,P000338,T0000340,S0093,S0002,2025-01-01 08:15:00,1.76
TK00000507,P000779,T0000940,S0034,S0025,2025-01-01 08:15:00,1.58
TK00000508,P000966,T0001375,S0078,S0004,2025-01-01 08:15:00,2.26
TK00000509,P000624,T0000996,S0006,S0087,2025-01-01 08:15:00,2.59
TK00000510,P000106,T0000838,S0006,S0004,2025-01-01 08:15:00,4.35
TK00000511,P000957,T0001086,S0093,S0031,2025-01-01 08:15:00,2.35
TK00000512,,T0000496,S0075,S0061,2025-01-01 08:15:00,3.74
TK00000513,P000347,T0000701,S0023,S0046,2025-01-01 08:15:00,4.19
TK00000514,P000466,T0001856,S0021,S0085,2025-01-01 08:15:00,2.27
TK00000515,P000701,T0000978,S0052,S0097,2025-01-01 08:15:00,2.55
TK00000516,P000241,T0000127,S0039,S0056,2025-01-01 08:15:00,1.59
TK00000517,P000263,T0001867,S0079,S0080,2025-01-01 08:15:00,2.89
TK00000518,P000310,T0000141,S0074,S0096,2025-01-01 08:15:00,3.06
TK00000519,P000609,T0000329,S0059,S0099,2025-01-01 08:15:00,2.76
TK00000520,,T0000996,S0077,S0063,2025-01-01 08:15:00,2.59
TK00000521,P000571,T0001914,S0061,S0057,2025-01-01 08:15:00,3.17
TK00000522,P000301,T0001135,S0086,S0002,2025-01-01 08:15:00,4.45
TK00000523,P000123,T0001981,S0092,S0063,2025-01-01 08:15:00,4.7
TK00000524,P000038,T0001175,S0041,S0011,2025-01-01 08:15:00,3.8
TK00000525,,T0001325,S0057,S0097,2025-01-01 08:15:00,2.37
TK00000526,P000920,T0000964,S0054,S0051,2025-01-01 08:15:00,2.58
TK00000527,P000881,T0000501,S0089,S0065,2025-01-01 08:15:00,2.06
TK00000528,P000617,T0000437,S0016,S0072,2025-01-01 08:15:00,2.09
TK00000529,P000211,T0000019,S0088,S0021,2025-01-01 08:15:00,3.15
TK00000530,P000853,T0001365,S0012,S0098,2025-01-01 08:15:00,1.51
TK00000531,P000747,T0001055,S0067,S0075,2025-01-01 08:15:00,4.91
TK00000532,P000283,T0001440,S0050,S0086,2025-01-01 08:15:00,2.0
TK00000533,P000062,T0001903,S0094,S0013,2025-01-01 08:15:00,3.15
TK00000534,P000417,T0000319,S0044,S0017,2025-01-01 08:15:00,2.75
TK00000535,P000964,T0001767,S0080,S0031,2025-01-01 08:15:00,2.3
TK00000536,P000709,T0000882,S0095,S0047,2025-01-01 08:15:00,1.89
TK00000537,P000655,T0001372,S0050,S0010,2025-01-01 08:15:00,3.92
TK00000538,P000468,T0001999,S0027,S0048,2025-01-01 08:15:00,4.53
TK00000539,P000318,T0000232,S0007,S0008,2025-01-01 08:15:00,3.63
TK00000540,P000422,T0001246,S0096,S0068,2025-01-01 08:15:00,2.26
TK00000541,P000894,T0001010,S0064,S0036,2025-01-01 08:15:00,3.22
TK00000542,P000083,T0000022,S0030,S0065,2025-01-01 08:15:00,1.57
TK00000543,P000053,T0000844,S0085,S0086,2025-01-01 08:15:00,1.93
TK00000544,P000808,T0001962,S0017,S0026,2025-01-01 08:15:00,3.56
TK00000545,P000280,T0001966,S0029,S0037,2025-01-01 08:15:00,3.14
TK00000546,P000787,T0000885,S0039,S0079,2025-01-01 08:15:00,3.31
TK00000547,P000916,T0001722,S0050,S0008,2025-01-01 08:15:00,4.27
TK00000548,P000870,T0001757,S0027,S0067,2025-01-01 08:15:00,1.85
TK00000549,P000431,T0001083,S0045,S0017,2025-01-01 08:15:00,3.08
TK00000550,P000590,T0001573,S0059,S0020,2025-01-01 08:15:00,4.17
TK00000551,P000203,T0001473,S0085,S0073,2025-01-01 08:15:00,1.86
TK00000552,P000659,T0000183,S0075,S0084,2025-01-01 08:15:00,1.65
TK00000553,P000685,T0001048,S0075,S0024,2025-01-01 08:15:00,4.91
TK00000554,P000956,T0000313,S0057,S0064,2025-01-01 08:15:00,3.51
TK00000555,P000426,T0000895,S0001,S0060,2025-01-01 08:15:00,3.02
TK00000556,P000210,T0000787,S0091,S0005,2025-01-01 08:15:00,5.0
TK00000557,P000709,T0000777,S0044,S0033,2025-01-01 08:15:00,1.6
TK00000558,P000565,T0001730,S0086,S0079,2025-01-01 08:15:00,3.91
TK00000559,P000758,T0000819,S0038,S0006,2025-01-01 08:15:00,4.94
TK00000560,P000237,T0000229,S0046,S0100,2025-01-01 08:15:00,2.12
TK00000561,P000525,T0001993,S0049,S0062,2025-01-01 08:15:00,1.54
TK00000562,P000440,T0001423,S0007,S0048,2025-01-01 08:15:00,2.01
TK00000563,P000840,T0000907,S0081,S0084,2025-01-01 08:15:00,4.31
TK00000564,P000878,T0001274,S0081,S0055,2025-01-01 08:15:00,3.82
TK00000565,P000006,T0000215,S0003,S0099,2025-01-01 08:15:00,2.36
TK00000566,P000004,T0001068,S0097,S0051,2025-01-01 08:15:00,3.59
TK00000567,P000241,T0000280,S0069,S0098,2025-01-01 08:15:00,3.67
TK00000568,P000172,T0000502,S0045,S0063,2025-01-01 08:15:00,2.4
TK00000569,P000651,T0001890,S0053,S0091,2025-01-01 08:15:00,4.99
TK00000570,P000183,T0000813,S0080,S0017,2025-01-01 08:15:00,4.18
TK00000571,P000999,T0000253,S0080,S0029,2025-01-01 08:15:00,4.39
TK00000572,P000549,T0000487,S0021,S0071,2025-01-01 08:15:00,4.2
TK00000573,P000868,T0000932,S0050,S0046,2025-01-01 08:15:00,4.29
TK00000574,P000421,T0001931,S0039,S0031,2025-01-01 08:15:00,2.66
TK00000575,P000135,T0000871,S0074,S0026,2025-01-01 08:15:00,3.64
TK00000576,P000900,T0000399,S0007,S0034,2025-01-01 08:15:00,1.78
TK00000577,P000074,T0001860,S0032,S0009,2025-01-01 08:15:00,3.14
TK00000578,P000859,T0001934,S0047,S0091,2025-01-01 08:15:00,2.41
TK00000579,,T0000093,S0084,S0033,2025-01-01 08:15:00,1.72
TK00000580,P000082,T0001835,S0081,S0080,2025-01-01 08:15:00,3.68
TK00000581,P000683,T0000625,S0032,S0088,2025-01-01 08:15:00,4.73
TK00000582,P000682,T0001733,S0005,S0083,2025-01-01 08:15:00,2.83
TK00000583,P000143,T0001592,S0007,S0048,2025-01-01 08:15:00,2.0
TK00000584,P000657,T0001205,S0046,S0026,2025-01-01 08:15:00,4.76
TK00000585,P000986,T0000858,S0012,S0068,2025-01-01 08:15:00,4.89
TK00000586,P000948,T0000695,S0001,S0083,2025-01-01 08:15:00,4.32
TK00000587,P000611,T0001667,S0037,S0076,2025-01-01 08:15:00,2.46
TK00000588,P000906,T0001486,S0031,S0096,2025-01-01 08:15:00,3.85
TK00000589,P000545,T0001754,S0024,S0039,2025-01-01 08:15:00,1.97
TK00000590,P000789,T0000175,S0073,S0026,2025-01-01 08:15:00,4.7
TK00000591,P000558,T0000847,S0056,S0015,2025-01-01 08:15:00,2.86
TK00000592,P000755,T0001092,S0065,S0012,2025-01-01 08:15:00,2.75
TK00000592,P000755,T0001092,S0065,S0012,2025-01-01 08:15:00,2.75
TK00000593,P000958,T0001158,S0094,S0015,2025-01-01 08:15:00,1.6
TK00000594,P000064,T0000881,S0039,S0022,2025-01-01 08:15:00,3.17
TK00000595,P000025,T0000109,S0062,S0056,2025-01-01 08:15:00,4.39
TK00000596,P000031,T0000010,S0088,S0099,2025-01-01 08:15:00,4.07
TK00000597,P000523,T0001729,S0066,S0049,2025-01-01 08:15:00,4.14
TK00000598,P000836,T0001411,S0036,S0029,2025-01-01 08:15:00,2.34
TK00000599,P000871,T0001314,S0095,S0061,2025-01-01 08:15:00,2.08
TK00000600,P000634,T0000138,S0013,S0080,2025-01-01 08:15:00,2.42
TK00000601,P000609,T0001321,S0053,S0086,2025-01-01 08:15:00,4.97
TK00000602,P000314,T0000998,S0041,S0058,2025-01-01 08:15:00,3.91
TK00000603,P000071,T0001443,S0016,S0088,2025-01-01 08:15:00,2.11
TK00000604,P000722,T0000103,S0097,S0001,2025-01-01 08:15:00,2.38
TK00000605,P000090,T0000066,S0047,S0058,2025-01-01 08:15:00,3.63
TK00000606,P000257,T0001200,S0070,S0017,2025-01-01 08:15:00,3.68
TK00000607,P000984,T0001581,S0067,S0097,2025-01-01 08:15:00,3.6
TK00000608,P000838,T0000190,S0058,S0016,2025-01-01 08:15:00,2.38
TK00000609,P000189,T0001871,S0004,S0018,2025-01-01 08:15:00,2.54
TK00000610,P000041,T0001459,S0100,S0090,2025-01-01 08:15:00,3.0
TK00000611,P000377,T0001383,S0052,S0072,2025-01-01 08:15:00,3.57
TK00000612,P000384,T0001865,S0024,S0005,2025-01-01 08:15:00,2.46
TK00000613,P000658,T0001726,S0062,S0067,2025-01-01 08:15:00,3.27
TK00000614,P000297,T0001528,S0096,S0011,2025-01-01 08:15:00,1.92
TK00000615,P000702,T0000658,S0008,S0014,2025-01-01 08:15:00,1.98
TK00000616,P000731,T0000926,S0034,S0020,2025-01-01 08:15:00,2.46
TK00000617,P000568,T0001392,S0064,S0053,2025-01-01 08:15:00,3.24
TK00000618,P000064,T0001593,S0013,S0066,2025-01-01 08:15:00,4.09
TK00000619,P000248,T0000754,S0080,S0096,2025-01-01 08:15:00,4.36
TK00000620,P000181,T0000046,S0051,S0055,2025-01-01 08:15:00,3.18
TK00000621,P000035,T0001249,S0027,S0043,2025-01-01 08:15:00,4.01
TK00000622,P000598,T0000529,S0054,S0047,2025-01-01 08:15:00,3.31
TK00000623,P000801,T0001676,S0080,S0025,2025-01-01 08:15:00,1.98
TK00000624,P000879,T0000624,S0042,S0005,2025-01-01 08:15:00,4.22
TK00000625,P000640,T0001016,S0079,S0071,2025-01-01 08:15:00,2.3
TK00000626,P000603,T0000187,S0017,S0086,2025-01-01 08:15:00,2.25
TK00000627,P000004,T0000477,S0100,S0040,2025-01-01 08:15:00,3.92
TK00000628,P000940,T0000550,S0068,S0024,2025-01-01 08:15:00,2.28
TK00000629,P000308,T0001931,S0054,S0024,2025-01-01 08:15:00,3.47
TK00000630,P000810,T0001498,S0062,S0042,2025-01-01 08:15:00,3.62
TK00000631,P000088,T0001562,S0077,S0002,2025-01-01 08:15:00,4.85
TK00000632,P000183,T0001412,S0024,S0046,2025-01-01 08:15:00,2.7
TK00000633,P000880,T0000540,S0046,S0096,2025-01-01 08:15:00,1.53
TK00000634,P000847,T0001479,S0045,S0021,2025-01-01 08:15:00,3.97
TK00000635,P000616,T0001586,S0051,S0038,2025-01-01 08:15:00,2.15
TK00000636,P000495,T0001327,S0063,S0017,2025-01-01 08:15:00,2.45
TK00000637,P000820,T0001687,S0100,S0013,2025-01-01 08:15:00,3.98
TK00000638,P000685,T0000887,S0057,S0045,2025-01-01 08:15:00,3.63
TK00000639,P000768,T0000247,S0017,S0026,2025-01-01 08:15:00,1.71
TK00000640,P000395,T0001538,S0024,S0062,2025-01-01 08:15:00,3.02
TK00000641,P000322,T0001238,S0078,S0076,2025-01-01 08:15:00,3.6
TK00000642,P000563,T0000319,S0010,S0057,2025-01-01 08:15:00,4.2
TK00000643,P000096,T0000263,S0068,S0068,2025-01-01 08:15:00,3.61
TK00000644,P000768,T0000232,S0011,S0021,2025-01-01 08:15:00,1.66
TK00000645,P000686,T0001420,S0035,S0021,2025-01-01 08:15:00,3.29
TK00000646,P000887,T0000843,S0049,S0050,2025-01-01 08:15:00,3.7
TK00000647,P000242,T0000872,S0026,S0058,2025-01-01 08:15:00,3.81
TK00000648,P000345,T0001384,S0095,S0068,2025-01-01 08:15:00,3.31
TK00000649,P000071,T0001129,S0094,S0083,2025-01-01 08:15:00,2.32
TK00000650,P000854,T0000750,S0092,S0032,2025-01-01 08:15:00,2.27
TK00000651,P000448,T0000310,S0046,S0018,2025-01-01 08:15:00,2.76
TK00000652,P000246,T0000789,S0059,S0027,2025-01-01 08:15:00,4.96
TK00000653,P000263,T0000175,S0028,S0035,2025-01-01 08:15:00,3.48
TK00000654,P000963,T0000914,S0004,S0035,2025-01-01 08:15:00,1.96
TK00000655,P000554,T0000461,S0052,S0055,2025-01-01 08:15:00,2.31
TK00000656,P000847,T0000020,S0021,S0089,2025-01-01 08:15:00,2.89
TK00000657,P000465,T0001203,S0077,S0019,2025-01-01 08:15:00,4.87
TK00000658,P000988,T0001263,S0041,S0002,2025-01-01 08:15:00,1.69
TK00000659,P000823,T0000203,S0085,S0022,2025-01-01 08:15:00,1.66
TK00000660,P000412,T0000414,S0045,S0039,2025-01-01 08:15:00,1.66
TK00000661,P000618,T0001479,S0034,S0001,2025-01-01 08:15:00,2.69
TK00000662,P000205,T0000160,S0008,S0089,2025-01-01 08:15:00,3.01
TK00000663,P000841,T0000405,S0001,S0017,2025-01-01 08:15:00,3.65
TK00000664,P000251,T0001149,S0091,S0005,2025-01-01 08:15:00,4.29
TK00000665,P000799,T0000875,S0046,S0059,2025-01-01 08:15:00,3.39
TK00000666,P000260,T0001656,S0039,S0053,2025-01-01 08:15:00,3.6
TK00000667,P000762,T0001857,S0069,S0076,2025-01-01 08:15:00,4.34
TK00000668,P000187,T0000556,S0068,S0086,2025-01-01 08:15:00,2.9
TK00000669,P000228,T0000283,S0082,S0023,2025-01-01 08:15:00,1.76
TK00000670,P000881,T0000345,S0027,S0055,2025-01-01 08:15:00,2.86
TK00000671,P000814,T0000365,S0020,S0023,2025-01-01 08:15:00,3.33
TK00000672,P000721,T0000854,S0038,S0055,2025-01-01 08:15:00,3.67
TK00000673,P000432,T0000227,S0088,S0098,2025-01-01 08:15:00,3.92
TK00000674,P000886,T0001194,S0061,S0079,2025-01-01 08:15:00,2.96
TK00000675,P000399,T0001423,S0058,S0036,2025-01-01 08:15:00,1.98
TK00000676,P000761,T0000275,S0035,S0014,2025-01-01 08:15:00,1.65
TK00000677,P000654,T0001753,S0093,S0077,2025-01-01 08:15:00,2.11
TK00000678,P000153,T0000120,S0098,S0077,2025-01-01 08:15:00,3.72
TK00000679,P000723,T0000039,S0023,S0051,2025-01-01 08:15:00,3.33
TK00000680,P000797,T0000468,S0017,S0019,2025-01-01 08:15:00,3.93
TK00000681,P000481,T0000995,S0100,S0085,2025-01-01 08:15:00,1.66
TK00000682,P000954,T0000148,S0028,S0025,2025-01-01 08:15:00,4.99
TK00000683,P000371,T0000996,S0099,S0096,2025-01-01 08:15:00,2.18
TK00000684,P000761,T0000287,S0066,S0021,2025-01-01 08:15:00,4.53
TK00000685,P000010,T0000081,S0065,S0040,2025-01-01 08:15:00,4.94
TK00000686,P000234,T0000673,S0060,S0029,2025-01-01 08:15:00,4.81
TK00000687,P000135,T0001072,S0041,S0030,2025-01-01 08:15:00,4.13
TK00000688,P000996,T0001963,S0050,S0007,2025-01-01 08:15:00,3.66
TK00000689,P000120,T0001045,S0051,S0096,2025-01-01 08:15:00,1.76
TK00000690,P000664,T0001729,S0096,S0099,2025-01-01 08:15:00,4.91
TK00000691,P000591,T0000829,S0021,S0041,2025-01-01 08:15:00,3.75
TK00000692,P000770,T0000890,S0066,S0021,2025-01-01 08:15:00,2.94
TK00000693,P000420,T0001468,S0011,S0081,2025-01-01 08:15:00,2.9
TK00000694,P000309,T0000110,S0016,S0034,2025-01-01 08:15:00,2.92
TK00000695,P000643,T0000972,S0015,S0044,2025-01-01 08:15:00,1.88
TK00000696,P000246,T0000544,S0002,S0006,2025-01-01 08:15:00,2.33
TK00000697,P000949,T0000841,S0006,S0077,2025-01-01 08:15:00,1.56
TK00000698,P000712,T0000607,S0097,S0054,2025-01-01 08:15:00,3.03
TK00000699,P000849,T0001523,S0093,S0007,2025-01-01 08:15:00,4.08
TK00000700,P000758,T0000812,S0029,S0074,2025-01-01 08:15:00,3.32
TK00000701,P000114,T0000843,S0099,S0039,2025-01-01 08:15:00,2.37
TK00000702,P000860,T0001050,S0064,S0028,2025-01-01 08:15:00,2.93
TK00000703,P000003,T0001844,S0053,S0090,2025-01-01 08:15:00,2.38
TK00000704,P000114,T0001970,S0090,S0060,2025-01-01 08:15:00,3.63
TK00000705,P000767,T0001463,S0072,S0035,2025-01-01 08:15:00,4.2
TK00000706,P000951,T0001940,S0100,S0055,2025-01-01 08:15:00,4.02
TK00000707,P000294,T0000790,S0078,S0041,2025-01-01 08:15:00,2.48
TK00000708,P000044,T0001474,S0081,S0095,2025-01-01 08:15:00,1.88
TK00000709,P000524,T0001618,S0091,S0006,2025-01-01 08:15:00,3.94
TK00000710,P000945,T0001144,S0085,S0062,2025-01-01 08:15:00,4.19
TK00000711,P000450,T0001261,S0043,S0079,2025-01-01 08:15:00,1.74
TK00000712,P000218,T0001674,S0080,S0007,2025-01-01 08:15:00,3.35
TK00000713,P000966,T0001649,S0029,S0067,2025-01-01 08:15:00,2.51
TK00000714,P000018,T0000587,S0078,S0054,2025-01-01 08:15:00,4.07
TK00000715,P000510,T0000143,S0047,S0089,2025-01-01 08:15:00,4.49
TK00000716,,T0001830,S0019,S0061,2025-01-01 08:15:00,4.96
TK00000717,P000514,T0001417,S0016,S0023,2025-01-01 08:15:00,2.51
TK00000718,P000167,T0000315,S0081,S0053,2025-01-01 08:15:00,4.0
TK00000719,P000436,T0001557,S0095,S0029,2025-01-01 08:15:00,3.22
TK00000720,P000005,T0001011,S0010,S0028,2025-01-01 08:15:00,3.06
TK00000721,P000562,T0000965,S0065,S0075,2025-01-01 08:15:00,1.95
TK00000722,P000060,T0001307,S0001,S0096,2025-01-01 08:15:00,2.7
TK00000723,P000164,T0001679,S0015,S0018,2025-01-01 08:15:00,1.59
TK00000724,P000979,T0000840,S0050,S0079,2025-01-01 08:15:00,1.98
TK00000725,P000753,T0001809,S0012,S0044,2025-01-01 08:15:00,4.78
TK00000726,P000120,T0000521,S0059,S0003,2025-01-01 08:15:00,1.73
TK00000727,,T0000424,S0094,S0072,2025-01-01 08:15:00,2.65
TK00000728,P000395,T0000142,S0057,S0059,2025-01-01 08:15:00,1.66
TK00000729,P000805,T0001264,S0028,S0082,2025-01-01 08:15:00,4.51
TK00000730,P000075,T0001026,S0063,S0077,2025-01-01 08:15:00,4.5
TK00000731,P000076,T0000643,S0082,S0042,2025-01-01 08:15:00,4.05
TK00000732,P000722,T0000756,S0082,S0028,2025-01-01 08:15:00,3.9
TK00000733,P000532,T0000744,S0048,S0076,2025-01-01 08:15:00,2.48
TK00000734,P000235,T0001198,S0069,S0050,2025-01-01 08:15:00,2.14
TK00000735,P000086,T0001576,S0069,S0029,2025-01-01 08:15:00,3.05
TK00000736,P000006,T0001767,S0085,S0031,2025-01-01 08:15:00,2.91
TK00000737,P000214,T0000333,S0015,S0004,2025-01-01 08:15:00,2.65
TK00000738,P000106,T0001322,S0076,S0052,2025-01-01 08:15:00,4.68
TK00000739,P000956,T0001551,S0049,S0023,2025-01-01 08:15:00,2.92
TK00000740,P000284,T0001605,S0015,S0085,2025-01-01 08:15:00,3.45
TK00000741,P000988,T0001742,S0095,S0055,2025-01-01 08:15:00,4.48
TK00000742,P000132,T0000008,S0063,S0001,2025-01-01 08:15:00,2.29
TK00000743,P000820,T0001654,S0090,S0025,2025-01-01 08:15:00,2.54
TK00000744,P000793,T0000951,S0048,S0063,2025-01-01 08:15:00,4.14
TK00000745,P000187,T0000622,S0017,S0092,2025-01-01 08:15:00,3.85
TK00000746,P000827,T0000668,S0029,S0024,2025-01-01 08:15:00,4.85
TK00000747,P000217,T0001807,S0084,S0033,2025-01-01 08:15:00,3.97
TK00000748,P000927,T0001228,S0099,S0038,2025-01-01 08:15:00,2.04
TK00000749,P000841,T0000673,S0023,S0058,2025-01-01 08:15:00,3.72
TK00000750,P000782,T0001706,S0037,S0046,2025-01-01 08:15:00,4.46
TK00000751,P000285,T0001639,S0096,S0030,2025-01-01 08:15:00,2.15
TK00000752,P000765,T0001261,S0018,S0086,2025-01-01 08:15:00,3.01
TK00000753,P000429,T0001318,S0061,S0100,2025-01-01 08:15:00,1.52
TK00000754,P000710,T0001767,S0078,S0091,2025-01-01 08:15:00,3.76
TK00000755,P000431,T0000549,S0036,S0021,2025-01-01 08:15:00,2.2
TK00000756,P000095,T0001766,S0082,S0094,2025-01-01 08:15:00,1.84
TK00000757,P000133,T0001992,S0025,S0045,2025-01-01 08:15:00,4.92
TK00000758,P000773,T0000891,S0076,S0031,2025-01-01 08:15:00,4.57
TK00000759,P000074,T0001939,S0061,S0056,2025-01-01 08:15:00,2.84
TK00000760,P000683,T0001572,S0100,S0082,2025-01-01 08:15:00,3.63
TK00000761,P000697,T0001309,S0025,S0027,2025-01-01 08:15:00,3.8
TK00000762,P000780,T0000277,S0095,S0062,2025-01-01 08:15:00,3.23
TK00000763,P000486,T0000076,S0029,S0068,2025-01-01 08:15:00,2.52
TK00000764,P000585,T0001530,S0098,S0042,2025-01-01 08:15:00,3.87
TK00000765,P000128,T0000805,S0063,S0096,2025-01-01 08:15:00,2.23
TK00000766,,T0000801,S0018,S0068,2025-01-01 08:15:00,3.19
TK00000767,P000422,T0000745,S0073,S0073,2025-01-01 08:15:00,4.42
TK00000768,P000128,T0001155,S0021,S0030,2025-01-01 08:15:00,2.18
TK00000769,P000399,T0001146,S0072,S0057,2025-01-01 08:15:00,1.68
TK00000770,P000287,T0000019,S0067,S0032,2025-01-01 08:15:00,3.84
TK00000771,P000068,T0000955,S0059,S0054,2025-01-01 08:15:00,2.79
TK00000772,P000101,T0001307,S0089,S0085,2025-01-01 08:15:00,3.38
TK00000773,P000519,T0000573,S0047,S0049,2025-01-01 08:15:00,2.91
TK00000774,P000619,T0000746,S0015,S0079,2025-01-01 08:15:00,2.92
TK00000775,P000042,T0000002,S0047,S0042,2025-01-01 08:15:00,3.67
TK00000776,P000330,T0000710,S0098,S0030,2025-01-01 08:15:00,1.6
TK00000777,P000944,T0001237,S0014,S0100,2025-01-01 08:15:00,2.71
TK00000778,P000984,T0000649,S0087,S0011,2025-01-01 08:15:00,4.43
TK00000779,P000413,T0001546,S0065,S0036,2025-01-01 08:15:00,3.16
TK00000780,P000009,T0000351,S0065,S0055,2025-01-01 08:15:00,4.0
TK00000781,P000629,T0000886,S0055,S0077,2025-01-01 08:15:00,4.36
TK00000782,P000907,T0000399,S0017,S0057,2025-01-01 08:15:00,1.74
TK00000783,P000220,T0001177,S0050,S0080,2025-01-01 08:15:00,4.2
TK00000784,P000763,T0000510,S0078,S0029,2025-01-01 08:15:00,3.18
TK00000785,P000845,T0001120,S0096,S0098,2025-01-01 08:15:00,3.2
TK00000786,P000236,T0001871,S0016,S0035,2025-01-01 08:15:00,3.72
TK00000787,P000663,T0000594,S0013,S0063,2025-01-01 08:15:00,4.97
TK00000788,P000113,T0001947,S0080,S0017,2025-01-01 08:15:00,2.65
TK00000789,P000124,T0001114,S0050,S0070,2025-01-01 08:15:00,4.42
TK00000790,P000564,T0001834,S0092,S0083,2025-01-01 08:15:00,3.64
TK00000791,P000137,T0001209,S0016,S0072,2025-01-01 08:15:00,3.3
TK00000792,P000960,T0000793,S0037,S0087,2025-01-01 08:15:00,2.12
TK00000793,P000635,T0000076,S0096,S0048,2025-01-01 08:15:00,2.46
TK00000794,P000872,T0001212,S0030,S0084,2025-01-01 08:15:00,1.92
TK00000795,P000596,T0000113,S0017,S0098,2025-01-01 08:15:00,1.91
TK00000796,P000154,T0000995,S0032,S0032,2025-01-01 08:15:00,3.74
TK00000797,P000633,T0001384,S0018,S0003,2025-01-01 08:15:00,3.96
TK00000798,P000888,T0000515,S0007,S0042,2025-01-01 08:15:00,4.46
TK00000799,P000917,T0001620,S0042,S0096,2025-01-01 08:15:00,4.57
TK00000800,,T0000322,S0025,S0008,2025-01-01 08:15:00,4.63
TK00000801,P000902,T0001316,S0053,S0028,2025-01-01 08:15:00,4.31
TK00000802,P000365,T0000095,S0062,S0010,2025-01-01 08:15:00,4.63
TK00000803,P000282,T0001976,S0043,S0003,2025-01-01 08:15:00,3.15
TK00000804,P000730,T0001038,S0019,S0026,2025-01-01 08:15:00,2.22
TK00000805,P000976,T0001282,S0020,S0016,2025-01-01 08:15:00,3.12
TK00000806,P000490,T0000421,S0043,S0079,2025-01-01 08:15:00,4.1
TK00000807,P000658,T0000317,S0003,S0074,2025-01-01 08:15:00,4.88
TK00000808,P000533,T0001110,S0032,S0032,2025-01-01 08:15:00,2.14
TK00000809,P000858,T0000645,S0037,S0095,2025-01-01 08:15:00,1.57
TK00000810,P000268,T0001440,S0085,S0083,2025-01-01 08:15:00,4.85
TK00000811,P000956,T0001147,S0076,S0062,2025-01-01 08:15:00,1.75
TK00000812,P000390,T0000935,S0071,S0022,2025-01-01 08:15:00,4.35
TK00000813,P000555,T0001979,S0012,S0019,2025-01-01 08:15:00,3.82
TK00000814,P000204,T0001903,S0010,S0019,2025-01-01 08:15:00,4.23
TK00000814,P000204,T0001903,S0010,S0019,2025-01-01 08:15:00,4.23
TK00000815,P000623,T0001136,S0077,S0085,2025-01-01 08:15:00,3.68
TK00000816,P000897,T0000199,S0097,S0093,2025-01-01 08:15:00,3.22
TK00000817,P000270,T0000771,S0092,S0052,2025-01-01 08:15:00,2.04
TK00000818,P000867,T0001145,S0005,S0100,2025-01-01 08:15:00,1.56
TK00000819,P000667,T0000604,S0043,S0092,2025-01-01 08:15:00,4.05
TK00000820,P000215,T0001450,S0075,S0011,2025-01-01 08:15:00,3.22
TK00000821,P000457,T0000664,S0091,S0089,2025-01-01 08:15:00,2.45
TK00000822,P000344,T0000674,S0016,S0026,2025-01-01 08:15:00,3.07
TK00000823,P000341,T0000364,S0040,S0092,2025-01-01 08:15:00,1.66
TK00000824,P000971,T0000952,S0050,S0100,2025-01-01 08:15:00,3.28
TK00000825,P000701,T0001479,S0005,S0039,2025-01-01 08:15:00,2.33
TK00000826,P000673,T0000204,S0055,S0094,2025-01-01 08:15:00,3.82
TK00000827,P000360,T0001162,S0058,S0018,2025-01-01 08:15:00,1.98
TK00000828,P000793,T0000266,S0017,S0054,2025-01-01 08:15:00,1.78
TK00000829,P000688,T0000916,S0035,S0027,2025-01-01 08:15:00,4.08
TK00000830,P000779,T0001295,S0092,S0029,2025-01-01 08:15:00,2.8
TK00000831,P000973,T0001854,S0087,S0056,2025-01-01 08:15:00,4.13
TK00000832,P000571,T0001428,S0096,S0002,2025-01-01 08:15:00,3.48
TK00000833,P000828,T0001344,S0052,S0083,2025-01-01 08:15:00,4.96
TK00000834,P000073,T0000244,S0037,S0051,2025-01-01 08:15:00,2.6
TK00000834,P000073,T0000244,S0037,S0051,2025-01-01 08:15:00,2.6
TK00000835,P000444,T0001142,S0086,S0097,2025-01-01 08:15:00,2.74
TK00000836,P000458,T0001498,S0090,S0020,2025-01-01 08:15:00,4.11
TK00000837,P000081,T0001733,S0098,S0015,2025-01-01 08:15:00,2.24
TK00000838,P000872,T0001787,S0069,S0069,2025-01-01 08:15:00,1.52
TK00000839,P000073,T0001845,S0047,S0025,2025-01-01 08:15:00,2.77
TK00000840,P001000,T0000139,S0055,S0026,2025-01-01 08:15:00,1.99
TK00000841,P000714,T0001429,S0049,S0017,2025-01-01 08:15:00,1.77
TK00000842,P000046,T0001667,S0068,S0061,2025-01-01 08:15:00,4.81
TK00000843,P000280,T0001619,S0051,S0078,2025-01-01 08:15:00,4.52
TK00000844,P000714,T0001467,S0010,S0060,2025-01-01 08:15:00,1.94
TK00000845,P000156,T0000323,S0023,S0099,2025-01-01 08:15:00,4.85
TK00000846,P000902,T0001777,S0041,S0087,2025-01-01 08:15:00,2.87
TK00000847,P000152,T0000071,S0098,S0072,2025-01-01 08:15:00,4.82
TK00000848,P000507,T0000607,S0046,S0030,2025-01-01 08:15:00,3.36
TK00000849,P000921,T0000657,S0093,S0091,2025-01-01 08:15:00,3.83
TK00000850,P000789,T0000757,S0083,S0011,2025-01-01 08:15:00,4.42
TK00000851,P000496,T0000308,S0078,S0084,2025-01-01 08:15:00,1.55
TK00000852,P000069,T0001178,S0033,S0025,2025-01-01 08:15:00,4.74
TK00000853,P000417,T0001647,S0093,S0031,2025-01-01 08:15:00,1.95
TK00000854,P000668,T0000502,S0012,S0074,2025-01-01 08:15:00,3.87
TK00000855,P000778,T0001706,S0052,S0025,2025-01-01 08:15:00,2.15
TK00000856,P000351,T0001637,S0071,S0092,2025-01-01 08:15:00,2.15
TK00000857,P000534,T0000076,S0090,S0049,2025-01-01 08:15:00,2.46
TK00000858,P000919,T0001064,S0060,S0025,2025-01-01 08:15:00,4.21
TK00000859,P000005,T0001920,S0050,S0035,2025-01-01 08:15:00,1.69
TK00000860,P000891,T0000876,S0012,S0055,2025-01-01 08:15:00,4.17
TK00000861,P000279,T0000699,S0023,S0093,2025-01-01 08:15:00,3.28
TK00000862,P000156,T0001792,S0100,S0078,2025-01-01 08:15:00,3.51
TK00000863,P000256,T0000354,S0001,S0066,2025-01-01 08:15:00,4.43
TK00000864,P000721,T0000664,S0082,S0098,2025-01-01 08:15:00,2.29
TK00000865,P000573,T0001301,S0024,S0042,2025-01-01 08:15:00,3.93
TK00000866,P000239,T0001521,S0032,S0090,2025-01-01 08:15:00,3.48
TK00000867,P000452,T0000838,S0013,S0084,2025-01-01 08:15:00,3.14
TK00000868,P000386,T0000767,S0010,S0015,2025-01-01 08:15:00,4.38
TK00000869,P000024,T0001468,S0026,S0077,2025-01-01 08:15:00,1.85
TK00000870,P000269,T0000284,S0050,S0003,2025-01-01 08:15:00,4.16
TK00000871,P000077,T0001262,S0079,S0087,2025-01-01 08:15:00,2.87
TK00000872,P000048,T0001752,S0029,S0041,2025-01-01 08:15:00,3.26
TK00000873,P000690,T0001551,S0089,S0014,2025-01-01 08:15:00,3.69
TK00000874,P000536,T0000914,S0051,S0029,2025-01-01 08:15:00,1.66
TK00000875,P000345,T0000015,S0043,S0058,2025-01-01 08:15:00,4.8
TK00000876,P000773,T0001858,S0066,S0059,2025-01-01 08:15:00,3.05
TK00000877,P000883,T0001457,S0016,S0097,2025-01-01 08:15:00,4.47
TK00000878,P000701,T0001410,S0002,S0025,2025-01-01 08:15:00,4.79
TK00000879,P000774,T0000239,S0040,S0053,2025-01-01 08:15:00,4.6
TK00000880,P000702,T0001217,S0044,S0055,2025-01-01 08:15:00,4.22
TK00000881,P000226,T0000240,S0058,S0003,2025-01-01 08:15:00,2.67
TK00000882,P000891,T0001525,S0055,S0086,2025-01-01 08:15:00,4.98
TK00000883,P000534,T0000779,S0024,S0028,2025-01-01 08:15:00,1.77
TK00000884,P000437,T0000732,S0086,S0088,2025-01-01 08:15:00,1.73
TK00000885,P000606,T0001866,S0061,S0069,2025-01-01 08:15:00,2.84
TK00000886,P000063,T0000025,S0056,S0024,2025-01-01 08:15:00,2.41
TK00000887,P000072,T0001198,S0045,S0049,2025-01-01 08:15:00,4.14
TK00000888,P000128,T0001020,S0072,S0014,2025-01-01 08:15:00,2.77
TK00000888,P000128,T0001020,S0072,S0014,2025-01-01 08:15:00,2.77
TK00000889,P000058,T0001036,S0082,S0002,2025-01-01 08:15:00,4.63
TK00000890,P000600,T0001999,S0020,S0076,2025-01-01 08:15:00,2.06
TK00000891,P000451,T0001087,S0043,S0086,2025-01-01 08:15:00,2.9
TK00000892,P000181,T0001221,S0003,S0024,2025-01-01 08:15:00,2.94
TK00000893,P000355,T0001374,S0005,S0022,2025-01-01 08:15:00,2.47
TK00000894,P000353,T0001342,S0094,S0054,2025-01-01 08:15:00,3.93
TK00000895,P000874,T0001068,S0045,S0031,2025-01-01 08:15:00,1.95
TK00000896,P000211,T0000310,S0019,S0031,2025-01-01 08:15:00,1.94
TK00000897,P000404,T0000620,S0087,S0023,2025-01-01 08:15:00,3.63
TK00000898,P000850,T0001843,S0078,S0083,2025-01-01 08:15:00,1.66
TK00000899,P000659,T0000383,S0064,S0052,2025-01-01 08:15:00,4.35
TK00000900,P000862,T0001555,S0049,S0073,2025-01-01 08:15:00,4.36
TK00000901,P000722,T0000404,S0059,S0082,2025-01-01 08:15:00,3.21
TK00000902,P000844,T0000766,S0098,S0047,2025-01-01 08:15:00,3.22
TK00000903,P000021,T0000134,S0005,S0029,2025-01-01 08:15:00,1.69
TK00000904,P000212,T0000871,S0081,S0041,2025-01-01 08:15:00,3.95
TK00000905,P000537,T0001947,S0082,S0072,2025-01-01 08:15:00,4.87
TK00000906,P000018,T0001287,S0093,S0084,2025-01-01 08:15:00,3.97
TK00000907,P000516,T0001292,S0041,S0031,2025-01-01 08:15:00,1.5
TK00000908,P000765,T0001539,S0098,S0018,2025-01-01 08:15:00,3.62
TK00000909,P000619,T0000689,S0023,S0071,2025-01-01 08:15:00,3.51
TK00000910,P000411,T0000685,S0042,S0040,2025-01-01 08:15:00,2.0
TK00000911,P000963,T0000721,S0040,S0022,2025-01-01 08:15:00,4.36
TK00000912,P000206,T0001052,S0071,S0040,2025-01-01 08:15:00,1.55
TK00000913,P000023,T0001556,S0030,S0042,2025-01-01 08:15:00,2.31
TK00000914,P000406,T0001779,S0051,S0028,2025-01-01 08:15:00,4.16
TK00000915,P000065,T0001430,S0049,S0022,2025-01-01 08:15:00,2.83
TK00000916,P000430,T0001475,S0037,S0006,2025-01-01 08:15:00,4.57
TK00000917,P000923,T0001427,S0035,S0052,2025-01-01 08:15:00,2.03
TK00000918,P000438,T0000451,S0025,S0069,2025-01-01 08:15:00,4.56
TK00000919,P000776,T0001530,S0017,S0093,2025-01-01 08:15:00,2.48
TK00000920,P000778,T0000177,S0051,S0054,2025-01-01 08:15:00,1.9
TK00000921,P000580,T0001082,S0012,S0048,2025-01-01 08:15:00,2.5
TK00000922,P000915,T0000699,S0067,S0067,2025-01-01 08:15:00,4.04
TK00000923,P000696,T0001122,S0024,S0053,2025-01-01 08:15:00,4.98
TK00000924,P000503,T0000879,S0006,S0002,2025-01-01 08:15:00,4.17
TK00000925,P000780,T0001225,S0004,S0039,2025-01-01 08:15:00,2.45
TK00000926,P000393,T0001263,S0041,S0090,2025-01-01 08:15:00,4.16
TK00000927,P000581,T0000591,S0058,S0055,2025-01-01 08:15:00,4.9
TK00000928,P000604,T0001316,S0041,S0070,2025-01-01 08:15:00,4.13
TK00000929,P000311,T0000005,S0003,S0036,2025-01-01 08:15:00,1.9
TK00000930,P000505,T0001644,S0081,S0004,2025-01-01 08:15:00,2.59
TK00000931,P000079,T0001897,S0091,S0069,2025-01-01 08:15:00,1.93
TK00000932,,T0000547,S0055,S0034,2025-01-01 08:15:00,4.86
TK00000933,P000137,T0001595,S0049,S0044,2025-01-01 08:15:00,1.98
TK00000934,P000824,T0001608,S0080,S0014,2025-01-01 08:15:00,2.61
TK00000935,P000701,T0001553,S0037,S0068,2025-01-01 08:15:00,4.05
TK00000936,P000166,T0000195,S0083,S0002,2025-01-01 08:15:00,3.15
TK00000937,P000755,T0001527,S0033,S0006,2025-01-01 08:15:00,4.89
TK00000938,P000526,T0000857,S0098,S0010,2025-01-01 08:15:00,2.09
TK00000939,P000493,T0000935,S0017,S0090,2025-01-01 08:15:00,4.46
TK00000940,P000806,T0000967,S0075,S0071,2025-01-01 08:15:00,2.45
TK00000941,P000248,T0001443,S0020,S0045,2025-01-01 08:15:00,1.52
TK00000942,P000697,T0000073,S0050,S0078,2025-01-01 08:15:00,4.22
TK00000942,P000697,T0000073,S0050,S0078,2025-01-01 08:15:00,4.22
TK00000943,P000264,T0000588,S0039,S0033,2025-01-01 08:15:00,3.11
TK00000944,P000497,T0001140,S0069,S0020,2025-01-01 08:15:00,3.24
TK00000945,P000657,T0001540,S0006,S0075,2025-01-01 08:15:00,3.83
TK00000946,P000067,T0001399,S0019,S0015,2025-01-01 08:15:00,4.6
TK00000947,P000641,T0000640,S0003,S0010,2025-01-01 08:15:00,1.89
TK00000948,P000521,T0000812,S0002,S0043,2025-01-01 08:15:00,1.84
TK00000949,P000770,T0001048,S0075,S0039,2025-01-01 08:15:00,3.82
TK00000950,P000766,T0001890,S0013,S0080,2025-01-01 08:15:00,4.49
TK00000951,P000976,T0000159,S0076,S0044,2025-01-01 08:15:00,1.99
TK00000952,P000317,T0001182,S0071,S0090,2025-01-01 08:15:00,4.12
TK00000953,P000132,T0000658,S0065,S0041,2025-01-01 08:15:00,1.8
TK00000954,P000703,T0001577,S0016,S0095,2025-01-01 08:15:00,4.78
TK00000955,P000340,T0000275,S0036,S0074,2025-01-01 08:15:00,1.95
TK00000956,P000875,T0001192,S0087,S0034,2025-01-01 08:15:00,2.93
TK00000957,P000193,T0000174,S0052,S0076,2025-01-01 08:15:00,4.83
TK00000958,P000817,T0001663,S0030,S0043,2025-01-01 08:15:00,3.01
TK00000959,P000890,T0001779,S0034,S0049,2025-01-01 08:15:00,4.4
TK00000960,P000775,T0001341,S0010,S0014,2025-01-01 08:15:00,4.05
TK00000961,P000302,T0001902,S0084,S0016,2025-01-01 08:15:00,2.21
TK00000962,P000360,T0000209,S0065,S0003,2025-01-01 08:15:00,3.39
TK00000963,P000067,T0000628,S0071,S0086,2025-01-01 08:15:00,2.6
TK00000964,P000973,T0001454,S0021,S0017,2025-01-01 08:15:00,1.64
TK00000965,P000086,T0000383,S0079,S0062,2025-01-01 08:15:00,3.78
TK00000966,P000443,T0000324,S0069,S0067,2025-01-01 08:15:00,4.8
TK00000967,P000072,T0001550,S0089,S0019,2025-01-01 08:15:00,3.65
TK00000968,P000780,T0000469,S0084,S0029,2025-01-01 08:15:00,3.92
TK00000969,P000283,T0001411,S0084,S0089,2025-01-01 08:15:00,2.24
TK00000970,P000103,T0001961,S0007,S0010,2025-01-01 08:15:00,2.86
TK00000971,P000967,T0001085,S0001,S0091,2025-01-01 08:15:00,2.41
TK00000972,P000383,T0001626,S0052,S0011,2025-01-01 08:15:00,4.52
TK00000973,P000789,T0000754,S0018,S0082,2025-01-01 08:15:00,3.51
TK00000974,P000571,T0000431,S0095,S0086,2025-01-01 08:15:00,2.11
TK00000975,P000123,T0001187,S0085,S0001,2025-01-01 08:15:00,3.07
TK00000976,P000156,T0001017,S0067,S0072,2025-01-01 08:15:00,1.91
TK00000977,P000457,T0001305,S0022,S0040,2025-01-01 08:15:00,2.93
TK00000978,P000103,T0000224,S0014,S0008,2025-01-01 08:15:00,3.48
TK00000979,P000744,T0000668,S0023,S0062,2025-01-01 08:15:00,3.18
TK00000980,P000869,T0001827,S0017,S0029,2025-01-01 08:15:00,2.35
TK00000981,P000463,T0001446,S0020,S0007,2025-01-01 08:15:00,2.86
TK00000982,P000845,T0000496,S0075,S0004,2025-01-01 08:15:00,2.08
TK00000983,P000204,T0000698,S0063,S0027,2025-01-01 08:15:00,4.82
TK00000984,P000765,T0001287,S0031,S0067,2025-01-01 08:15:00,2.72
TK00000985,P000360,T0001092,S0014,S0014,2025-01-01 08:15:00,4.81
TK00000986,P000293,T0001084,S0047,S0016,2025-01-01 08:15:00,4.7
TK00000987,P000512,T0001384,S0093,S0085,2025-01-01 08:15:00,2.61
TK00000988,P000607,T0000558,S0008,S0079,2025-01-01 08:15:00,2.6
TK00000989,P000074,T0001374,S0024,S0050,2025-01-01 08:15:00,3.74
TK00000990,P000432,T0000217,S0094,S0015,2025-01-01 08:15:00,1.66
TK00000991,P000172,T0001705,S0003,S0010,2025-01-01 08:15:00,2.51
TK00000992,P000220,T0001690,S0008,S0059,2025-01-01 08:15:00,4.48
TK00000993,P000738,T0000453,S0019,S0060,2025-01-01 08:15:00,3.96
TK00000994,P000303,T0000390,S0025,S0031,2025-01-01 08:15:00,2.39
TK00000995,P000042,T0001084,S0050,S0015,2025-01-01 08:15:00,3.82
TK00000996,P000911,T0000938,S0018,S0087,2025-01-01 08:15:00,1.95
TK00000997,P000981,T0000603,S0018,S0069,2025-01-01 08:15:00,1.83
TK00000998,P000368,T0000593,S0043,S0059,2025-01-01 08:15:00,2.99
TK00000999,P000915,T0001592,S0032,S0074,2025-01-01 08:15:00,2.68
TK00001000,P000787,T0000066,S0005,S0088,2025-01-01 08:15:00,3.01
TK00001001,P000623,T0001184,S0050,S0004,2025-01-01 08:15:00,2.18
TK00001002,P000913,T0000743,S0058,S0063,2025-01-01 08:15:00,4.38
TK00001003,P000496,T0000354,S0042,S0021,2025-01-01 08:15:00,1.77
TK00001004,P000530,T0000709,S0060,S0018,2025-01-01 08:15:00,4.05
TK00001005,P000058,T0001933,S0045,S0046,2025-01-01 08:15:00,3.45
TK00001006,P000333,T0000442,S0018,S0083,2025-01-01 08:15:00,3.89
TK00001007,P000273,T0001750,S0016,S0067,2025-01-01 08:15:00,4.19
TK00001008,P000393,T0001012,S0049,S0017,2025-01-01 08:15:00,4.96
TK00001009,P000672,T0001254,S0003,S0018,2025-01-01 08:15:00,1.97
TK00001010,P000392,T0000370,S0045,S0036,2025-01-01 08:15:00,2.75
TK00001011,P000200,T0000924,S0030,S0040,2025-01-01 08:15:00,3.88
TK00001012,P000257,T0000209,S0020,S0041,2025-01-01 08:15:00,3.73
TK00001013,P000282,T0000666,S0043,S0084,2025-01-01 08:15:00,3.83
TK00001014,P000541,T0001359,S0043,S0082,2025-01-01 08:15:00,2.72
TK00001015,P000522,T0001333,S0100,S0023,2025-01-01 08:15:00,1.89
TK00001016,P000893,T0001140,S0083,S0007,2025-01-01 08:15:00,3.02
TK00001017,P000643,T0000534,S0087,S0023,2025-01-01 08:15:00,3.03
TK00001018,P000639,T0001309,S0035,S0039,2025-01-01 08:15:00,2.81
TK00001019,P000076,T0000865,S0082,S0081,2025-01-01 08:15:00,4.4
TK00001020,P000591,T0000653,S0027,S0084,2025-01-01 08:15:00,3.88
TK00001021,P000494,T0001026,S0038,S0085,2025-01-01 08:15:00,4.06
TK00001022,P000231,T0000442,S0079,S0083,2025-01-01 08:15:00,3.49
TK00001023,P000218,T0000174,S0069,S0057,2025-01-01 08:15:00,3.65
TK00001024,P000516,T0001298,S0023,S0074,2025-01-01 08:15:00,4.49
TK00001025,P000670,T0000575,S0076,S0059,2025-01-01 08:15:00,4.29
TK00001026,P000247,T0000058,S0024,S0092,2025-01-01 08:15:00,3.54
TK00001027,P000408,T0000573,S0097,S0081,2025-01-01 08:15:00,4.44
TK00001028,P000754,T0000816,S0058,S0075,2025-01-01 08:15:00,3.1
TK00001029,P000044,T0001086,S0045,S0013,2025-01-01 08:15:00,1.74
TK00001030,P000448,T0000248,S0094,S0014,2025-01-01 08:15:00,2.62
TK00001031,P000658,T0000727,S0010,S0061,2025-01-01 08:15:00,4.68
TK00001032,P000308,T0000371,S0071,S0073,2025-01-01 08:15:00,4.48
TK00001033,P000590,T0000858,S0028,S0058,2025-01-01 08:15:00,1.82
TK00001034,P000835,T0000101,S0079,S0012,2025-01-01 08:15:00,1.79
TK00001035,P000466,T0001413,S0004,S0099,2025-01-01 08:15:00,2.69
TK00001036,P000307,T0000560,S0054,S0092,2025-01-01 08:15:00,2.41
TK00001037,P000466,T0000631,S0057,S0032,2025-01-01 08:15:00,1.7
TK00001038,P000358,T0001720,S0087,S0010,2025-01-01 08:15:00,4.83
TK00001039,P000945,T0001223,S0073,S0062,2025-01-01 08:15:00,2.81
TK00001040,P000455,T0001814,S0032,S0095,2025-01-01 08:15:00,4.03
TK00001041,P000067,T0000987,S0002,S0024,2025-01-01 08:15:00,2.34
TK00001042,P000928,T0000013,S0048,S0047,2025-01-01 08:15:00,1.67
TK00001043,P000358,T0000946,S0072,S0022,2025-01-01 08:15:00,3.58
TK00001044,P000042,T0000176,S0039,S0031,2025-01-01 08:15:00,3.76
TK00001045,P000164,T0001299,S0021,S0059,2025-01-01 08:15:00,2.63
TK00001046,P000780,T0001734,S0023,S0085,2025-01-01 08:15:00,2.98
TK00001047,P000334,T0000743,S0062,S0091,2025-01-01 08:15:00,3.9
TK00001048,P000084,T0001450,S0080,S0026,2025-01-01 08:15:00,3.63
TK00001049,P000934,T0001051,S0005,S0029,2025-01-01 08:15:00,4.14
TK00001050,P000918,T0001643,S0051,S0096,2025-01-01 08:15:00,2.81
TK00001051,P000361,T0001868,S0046,S0072,2025-01-01 08:15:00,3.95
TK00001052,P000644,T0001022,S0005,S0078,2025-01-01 08:15:00,2.43
TK00001053,P000891,T0000286,S0062,S0058,2025-01-01 08:15:00,3.72
TK00001054,P000959,T0001223,S0016,S0003,2025-01-01 08:15:00,2.45
TK00001055,P000509,T0001616,S0021,S0004,2025-01-01 08:15:00,2.06
TK00001056,P000216,T0000961,S0036,S0042,2025-01-01 08:15:00,2.7
TK00001057,P000925,T0001112,S0073,S0096,2025-01-01 08:15:00,1.6
TK00001058,P000404,T0000716,S0098,S0095,2025-01-01 08:15:00,2.22
TK00001059,P000056,T0000788,S0002,S0043,2025-01-01 08:15:00,4.39
TK00001060,P000231,T0001070,S0046,S0051,2025-01-01 08:15:00,2.26
TK00001061,P000695,T0001172,S0030,S0071,2025-01-01 08:15:00,4.88
TK00001062,P000350,T0000117,S0075,S0014,2025-01-01 08:15:00,3.5
TK00001063,P000640,T0000728,S0092,S0006,2025-01-01 08:15:00,4.41
TK00001064,P000109,T0001405,S0042,S0024,2025-01-01 08:15:00,4.97
TK00001065,P000808,T0001041,S0044,S0074,2025-01-01 08:15:00,3.58
TK00001066,P000742,T0000898,S0013,S0022,2025-01-01 08:15:00,2.23
TK00001066,P000742,T0000898,S0013,S0022,2025-01-01 08:15:00,2.23
TK00001067,P000965,T0001716,S0093,S0001,2025-01-01 08:15:00,3.14
TK00001068,P000995,T0000023,S0005,S0096,2025-01-01 08:15:00,3.09
TK00001069,P000081,T0000434,S0075,S0045,2025-01-01 08:15:00,4.13
TK00001070,P000802,T0001564,S0073,S0094,2025-01-01 08:15:00,1.73
TK00001071,P000763,T0000828,S0059,S0090,2025-01-01 08:15:00,1.94
TK00001072,P000073,T0000106,S0043,S0013,2025-01-01 08:15:00,2.28
TK00001073,P000299,T0001899,S0091,S0013,2025-01-01 08:15:00,1.55
TK00001074,P000285,T0001249,S0051,S0083,2025-01-01 08:15:00,2.89
TK00001075,P000409,T0000023,S0075,S0037,2025-01-01 08:15:00,2.56
TK00001076,P000112,T0000167,S0071,S0064,2025-01-01 08:15:00,1.55
TK00001077,P000903,T0001751,S0028,S0069,2025-01-01 08:15:00,4.61
TK00001078,P000158,T0001592,S0093,S0017,2025-01-01 08:15:00,2.11
TK00001079,P000604,T0001600,S0004,S0027,2025-01-01 08:15:00,1.61
TK00001080,P000716,T0001439,S0092,S0098,2025-01-01 08:15:00,1.98
TK00001081,P000521,T0001619,S0075,S0074,2025-01-01 08:15:00,3.81
TK00001082,P000388,T0001033,S0048,S0073,2025-01-01 08:15:00,1.58
TK00001083,P000914,T0001040,S0065,S0089,2025-01-01 08:15:00,1.66
TK00001084,P000575,T0000099,S0093,S0006,2025-01-01 08:15:00,3.62
TK00001085,P000016,T0000097,S0022,S0073,2025-01-01 08:15:00,4.69
TK00001086,P000252,T0000529,S0024,S0051,2025-01-01 08:15:00,3.34
TK00001087,P000714,T0001950,S0007,S0049,2025-01-01 08:15:00,2.3
TK00001088,P000903,T0000708,S0012,S0007,2025-01-01 08:15:00,3.18
TK00001089,P000912,T0000357,S0075,S0009,2025-01-01 08:15:00,4.08
TK00001090,P000205,T0001641,S0048,S0041,2025-01-01 08:15:00,1.96
TK00001091,P000244,T0000622,S0029,S0063,2025-01-01 08:15:00,4.65
TK00001092,P000977,T0000537,S0066,S0069,2025-01-01 08:15:00,1.89
TK00001093,P000603,T0000822,S0081,S0062,2025-01-01 08:15:00,1.72
TK00001094,P000533,T0001545,S0071,S0079,2025-01-01 08:15:00,2.4
TK00001095,P000872,T0000364,S0019,S0094,2025-01-01 08:15:00,3.02
TK00001096,P000594,T0001832,S0031,S0038,2025-01-01 08:15:00,4.07
TK00001097,P000661,T0001914,S0053,S0040,2025-01-01 08:15:00,4.84
TK00001098,P000364,T0001626,S0072,S0033,2025-01-01 08:15:00,2.66
TK00001099,P000027,T0000911,S0053,S0062,2025-01-01 08:15:00,4.25
TK00001100,P000821,T0001061,S0093,S0040,2025-01-01 08:15:00,2.77
TK00001101,P000273,T0000878,S0039,S0038,2025-01-01 08:15:00,1.67
TK00001102,P000852,T0001680,S0084,S0050,2025-01-01 08:15:00,3.05
TK00001103,P000524,T0001060,S0065,S0081,2025-01-01 08:15:00,4.78
TK00001104,P000040,T0001342,S0092,S0074,2025-01-01 08:15:00,2.53
TK00001105,P000692,T0000643,S0035,S0082,2025-01-01 08:15:00,4.97
TK00001106,P000282,T0001977,S0073,S0068,2025-01-01 08:15:00,2.03
TK00001107,P000170,T0001449,S0046,S0020,2025-01-01 08:15:00,3.27
TK00001108,P000049,T0000630,S0060,S0051,2025-01-01 08:15:00,4.92
TK00001109,P000440,T0000001,S0053,S0074,2025-01-01 08:15:00,3.96
TK00001110,P000663,T0000434,S0015,S0065,2025-01-01 08:15:00,4.99
TK00001111,P000083,T0001480,S0068,S0060,2025-01-01 08:15:00,3.34
TK00001112,P000766,T0000398,S0090,S0008,2025-01-01 08:15:00,2.9
TK00001113,P000678,T0000650,S0037,S0038,2025-01-01 08:15:00,4.43
TK00001114,P000613,T0001750,S0095,S0033,2025-01-01 08:15:00,4.35
TK00001115,P000045,T0001600,S0007,S0028,2025-01-01 08:15:00,1.74
TK00001116,P000908,T0001457,S0011,S0086,2025-01-01 08:15:00,1.65
TK00001117,P000942,T0001749,S0063,S0068,2025-01-01 08:15:00,2.06
TK00001117,P000942,T0001749,S0063,S0068,2025-01-01 08:15:00,2.06
TK00001118,P000629,T0001320,S0087,S0041,2025-01-01 08:15:00,2.58
TK00001119,P000227,T0000268,S0091,S0047,2025-01-01 08:15:00,2.95
TK00001120,P000897,T0000207,S0065,S0062,2025-01-01 08:15:00,4.93
TK00001121,P000222,T0001521,S0031,S0046,2025-01-01 08:15:00,2.43
TK00001122,P000209,T0000286,S0055,S0039,2025-01-01 08:15:00,4.77
TK00001123,P000668,T0000115,S0100,S0090,2025-01-01 08:15:00,4.12
TK00001124,P000247,T0000561,S0016,S0014,2025-01-01 08:15:00,3.85
TK00001125,P000446,T0000774,S0026,S0091,2025-01-01 08:15:00,2.95
TK00001126,P000758,T0000334,S0004,S0021,2025-01-01 08:15:00,3.53
TK00001127,P000697,T0000279,S0049,S0082,2025-01-01 08:15:00,2.87
TK00001128,P000428,T0001934,S0052,S0019,2025-01-01 08:15:00,2.21
TK00001129,P000980,T0000642,S0013,S0010,2025-01-01 08:15:00,1.64
TK00001130,P000011,T0001471,S0020,S0042,2025-01-01 08:15:00,3.24
TK00001131,P000721,T0001865,S0028,S0094,2025-01-01 08:15:00,2.72
TK00001132,P000582,T0000407,S0085,S0069,2025-01-01 08:15:00,3.57
TK00001133,P000661,T0000216,S0088,S0029,2025-01-01 08:15:00,1.91
TK00001134,P000753,T0001790,S0021,S0034,2025-01-01 08:15:00,1.6
TK00001135,P000637,T0001056,S0079,S0032,2025-01-01 08:15:00,2.69
TK00001136,P000124,T0000997,S0026,S0022,2025-01-01 08:15:00,1.75
TK00001137,P000879,T0001854,S0002,S0002,2025-01-01 08:15:00,3.6
TK00001138,P000602,T0000209,S0064,S0033,2025-01-01 08:15:00,4.48
TK00001139,P000003,T0001543,S0054,S0039,2025-01-01 08:15:00,2.37
TK00001140,P000988,T0000355,S0018,S0061,2025-01-01 08:15:00,1.62
TK00001141,P000559,T0000466,S0073,S0050,2025-01-01 08:15:00,1.96
TK00001142,P000433,T0001111,S0058,S0009,2025-01-01 08:15:00,4.32
TK00001143,P000263,T0001639,S0037,S0074,2025-01-01 08:15:00,3.29
TK00001144,P000053,T0001479,S0036,S0043,2025-01-01 08:15:00,3.58
TK00001145,P000232,T0000442,S0015,S0014,2025-01-01 08:15:00,3.02
TK00001146,P000902,T0000709,S0096,S0056,2025-01-01 08:15:00,3.46
TK00001146,P000902,T0000709,S0096,S0056,2025-01-01 08:15:00,3.46
TK00001147,P000779,T0000283,S0034,S0048,2025-01-01 08:15:00,2.85
TK00001148,P000265,T0001280,S0051,S0032,2025-01-01 08:15:00,2.16
TK00001149,P000567,T0001045,S0007,S0080,2025-01-01 08:15:00,2.13
TK00001150,P000524,T0000084,S0078,S0092,2025-01-01 08:15:00,1.51
TK00001151,P000600,T0001794,S0031,S0016,2025-01-01 08:15:00,2.2
TK00001152,,T0000462,S0028,S0004,2025-01-01 08:15:00,2.44
TK00001153,P000070,T0000394,S0093,S0039,2025-01-01 08:15:00,3.03
TK00001154,P000080,T0001863,S0028,S0084,2025-01-01 08:15:00,4.08
TK00001155,,T0000657,S0094,S0059,2025-01-01 08:15:00,1.82
TK00001156,P000811,T0001743,S0062,S0009,2025-01-01 08:15:00,3.2
TK00001157,P000137,T0000570,S0096,S0040,2025-01-01 08:15:00,1.57
TK00001158,P000901,T0001483,S0002,S0064,2025-01-01 08:15:00,3.02
TK00001159,P000166,T0000051,S0040,S0045,2025-01-01 08:15:00,2.49
TK00001160,P000117,T0001051,S0082,S0058,2025-01-01 08:15:00,4.41
TK00001161,P000264,T0000498,S0048,S0055,2025-01-01 08:15:00,3.91
TK00001162,P000050,T0000233,S0030,S0051,2025-01-01 08:15:00,2.2
TK00001163,P000089,T0000340,S0038,S0005,2025-01-01 08:15:00,4.2
TK00001164,P000319,T0001186,S0055,S0020,2025-01-01 08:15:00,3.62
TK00001165,P000169,T0001973,S0064,S0011,2025-01-01 08:15:00,1.88
TK00001166,P000500,T0001771,S0075,S0063,2025-01-01 08:15:00,2.83
TK00001167,P000116,T0001278,S0058,S0057,2025-01-01 08:15:00,2.61
TK00001168,P000343,T0001850,S0015,S0089,2025-01-01 08:15:00,4.01
TK00001169,P000182,T0000448,S0091,S0055,2025-01-01 08:15:00,3.81
TK00001169,P000182,T0000448,S0091,S0055,2025-01-01 08:15:00,3.81
TK00001170,P000675,T0001823,S0034,S0074,2025-01-01 08:15:00,2.3
TK00001171,P000580,T0000933,S0046,S0087,2025-01-01 08:15:00,2.96
TK00001172,P000834,T0001215,S0026,S0081,2025-01-01 08:15:00,1.63
TK00001173,P000655,T0000854,S0035,S0072,2025-01-01 08:15:00,2.99
TK00001174,P000806,T0000701,S0091,S0011,2025-01-01 08:15:00,3.64
TK00001175,P000197,T0000531,S0008,S0053,2025-01-01 08:15:00,2.92
TK00001176,P000253,T0001839,S0081,S0053,2025-01-01 08:15:00,2.49
TK00001177,P000160,T0000518,S0034,S0007,2025-01-01 08:15:00,2.17
TK00001178,P000125,T0000842,S0087,S0002,2025-01-01 08:15:00,4.44
TK00001179,P000415,T0001649,S0048,S0076,2025-01-01 08:15:00,2.71
TK00001180,P000429,T0000644,S0002,S0055,2025-01-01 08:15:00,4.09
TK00001181,P000258,T0000496,S0059,S0086,2025-01-01 08:15:00,2.14
TK00001182,P000949,T0000243,S0038,S0044,2025-01-01 08:15:00,1.72
TK00001183,P000209,T0001821,S0009,S0032,2025-01-01 08:15:00,4.08
TK00001184,,T0000948,S0018,S0041,2025-01-01 08:15:00,2.96
TK00001185,P000892,T0001232,S0009,S0016,2025-01-01 08:15:00,1.87
TK00001186,P000886,T0000877,S0030,S0083,2025-01-01 08:15:00,1.65
TK00001187,P000549,T0000216,S0094,S0057,2025-01-01 08:15:00,3.75
TK00001188,P000238,T0001054,S0042,S0029,2025-01-01 08:15:00,3.03
TK00001189,P000962,T0001289,S0002,S0068,2025-01-01 08:15:00,3.05
TK00001189,P000962,T0001289,S0002,S0068,2025-01-01 08:15:00,3.05
TK00001190,P000375,T0001473,S0019,S0007,2025-01-01 08:15:00,4.43
TK00001191,P000299,T0000824,S0061,S0075,2025-01-01 08:15:00,3.55
TK00001192,P000003,T0000416,S0086,S0071,2025-01-01 08:15:00,4.15
TK00001193,P000285,T0000813,S0086,S0068,2025-01-01 08:15:00,3.43
TK00001194,P000201,T0000126,S0039,S0065,2025-01-01 08:15:00,3.26
TK00001195,P000673,T0000156,S0016,S0030,2025-01-01 08:15:00,1.5
TK00001196,P000852,T0000386,S0037,S0082,2025-01-01 08:15:00,4.3
TK00001197,P000825,T0001719,S0087,S0096,2025-01-01 08:15:00,2.83
TK00001198,P000985,T0001475,S0092,S0001,2025-01-01 08:15:00,2.82
TK00001199,P000629,T0000745,S0067,S0054,2025-01-01 08:15:00,2.86
TK00001200,P000014,T0000335,S0041,S0085,2025-01-01 08:15:00,3.74
TK00001201,P000082,T0001953,S0025,S0001,2025-01-01 08:15:00,2.59
TK00001202,P000867,T0000137,S0072,S0076,2025-01-01 08:15:00,2.7
TK00001203,P000968,T0000598,S0026,S0009,2025-01-01 08:15:00,1.9
TK00001204,P000450,T0001598,S0031,S0066,2025-01-01 08:15:00,2.85
TK00001205,P000799,T0000516,S0059,S0043,2025-01-01 08:15:00,4.91
TK00001206,P000123,T0001236,S0035,S0078,2025-01-01 08:15:00,3.85
TK00001207,P000048,T0001709,S0050,S0065,2025-01-01 08:15:00,3.59
TK00001208,P000095,T0000318,S0046,S0071,2025-01-01 08:15:00,4.95
TK00001209,P000080,T0001691,S0012,S0063,2025-01-01 08:15:00,2.54
TK00001210,P000967,T0000784,S0094,S0098,2025-01-01 08:15:00,2.4
TK00001211,P000578,T0000072,S0066,S0058,2025-01-01 08:15:00,2.77
TK00001212,,T0001939,S0041,S0070,2025-01-01 08:15:00,2.14
TK00001213,P000217,T0001326,S0095,S0072,2025-01-01 08:15:00,3.59
TK00001214,P000481,T0000754,S0039,S0011,2025-01-01 08:15:00,4.98
TK00001215,P000387,T0000041,S0059,S0099,2025-01-01 08:15:00,3.74
TK00001216,P000140,T0001166,S0034,S0048,2025-01-01 08:15:00,2.87
TK00001217,P000177,T0001084,S0001,S0007,2025-01-01 08:15:00,2.31
TK00001217,P000177,T0001084,S0001,S0007,2025-01-01 08:15:00,2.31
TK00001218,P000007,T0000787,S0086,S0017,2025-01-01 08:15:00,4.7
TK00001219,P000616,T0001150,S0019,S0001,2025-01-01 08:15:00,4.13
TK00001220,P000248,T0000245,S0069,S0030,2025-01-01 08:15:00,1.64
TK00001221,P000807,T0001041,S0081,S0042,2025-01-01 08:15:00,3.19
TK00001222,P000215,T0000264,S0055,S0062,2025-01-01 08:15:00,1.52
TK00001223,P000553,T0001468,S0036,S0091,2025-01-01 08:15:00,1.88
TK00001224,P000429,T0000680,S0061,S0039,2025-01-01 08:15:00,2.71
TK00001225,,T0000621,S0060,S0017,2025-01-01 08:15:00,2.49
TK00001226,P000911,T0000048,S0086,S0024,2025-01-01 08:15:00,4.81
TK00001227,P000832,T0000048,S0011,S0100,2025-01-01 08:15:00,4.53
TK00001228,P000514,T0000199,S0073,S0023,2025-01-01 08:15:00,1.7
TK00001229,P000537,T0001997,S0011,S0080,2025-01-01 08:15:00,2.12
TK00001230,P000148,T0001959,S0054,S0068,2025-01-01 08:15:00,3.79
TK00001231,P000123,T0000352,S0047,S0049,2025-01-01 08:15:00,3.26
TK00001232,P000941,T0001519,S0013,S0080,2025-01-01 08:15:00,3.51
TK00001233,P000241,T0001261,S0045,S0031,2025-01-01 08:15:00,3.86
TK00001233,P000241,T0001261,S0045,S0031,2025-01-01 08:15:00,3.86
TK00001234,P000366,T0000591,S0088,S0093,2025-01-01 08:15:00,3.89
TK00001235,P000282,T0001126,S0096,S0052,2025-01-01 08:15:00,2.04
TK00001236,P000055,T0000937,S0003,S0013,2025-01-01 08:15:00,2.0
TK00001237,P000011,T0001683,S0073,S0022,2025-01-01 08:15:00,2.67
TK00001238,P000171,T0001628,S0057,S0094,2025-01-01 08:15:00,3.23
TK00001239,P000043,T0001116,S0077,S0019,2025-01-01 08:15:00,2.31
TK00001240,P000564,T0001977,S0003,S0063,2025-01-01 08:15:00,2.09
TK00001241,P000576,T0001485,S0090,S0056,2025-01-01 08:15:00,1.79
TK00001242,P000647,T0001153,S0011,S0065,2025-01-01 08:15:00,4.71
TK00001243,P000614,T0000089,S0061,S0068,2025-01-01 08:15:00,4.34
TK00001244,P000101,T0000040,S0056,S0028,2025-01-01 08:15:00,2.64
TK00001245,P000044,T0000220,S0085,S0069,2025-01-01 08:15:00,4.17
TK00001246,P000342,T0000951,S0033,S0061,2025-01-01 08:15:00,3.02
TK00001247,P000722,T0000440,S0011,S0021,2025-01-01 08:15:00,1.81
TK00001248,P000711,T0000005,S0100,S0044,2025-01-01 08:15:00,1.52
TK00001249,P000376,T0000730,S0004,S0025,2025-01-01 08:15:00,1.87
TK00001250,P000995,T0000643,S0076,S0013,2025-01-01 08:15:00,3.26
TK00001251,P000936,T0001800,S0006,S0021,2025-01-01 08:15:00,3.07
TK00001252,P000427,T0000827,S0025,S0055,2025-01-01 08:15:00,4.67
TK00001253,P000349,T0000391,S0058,S0017,2025-01-01 08:15:00,3.61
TK00001254,P000323,T0001120,S0070,S0081,2025-01-01 08:15:00,3.54
TK00001255,P000520,T0001689,S0085,S0007,2025-01-01 08:15:00,3.82
TK00001256,P000964,T0000993,S0071,S0066,2025-01-01 08:15:00,4.5
TK00001257,P000648,T0000628,S0100,S0080,2025-01-01 08:15:00,4.55
TK00001258,P000869,T0001457,S0003,S0002,2025-01-01 08:15:00,3.29
TK00001259,P000915,T0000935,S0064,S0022,2025-01-01 08:15:00,2.06
TK00001260,P000910,T0001354,S0095,S0012,2025-01-01 08:15:00,3.95
TK00001261,P000381,T0001405,S0041,S0064,2025-01-01 08:15:00,2.84
TK00001262,P000443,T0000977,S0052,S0051,2025-01-01 08:15:00,1.95
TK00001263,P000919,T0001110,S0095,S0039,2025-01-01 08:15:00,2.19
TK00001264,P000707,T0000735,S0007,S0072,2025-01-01 08:15:00,3.42
TK00001265,P000304,T0000433,S0046,S0053,2025-01-01 08:15:00,1.96
TK00001266,P000631,T0001301,S0027,S0088,2025-01-01 08:15:00,4.81
TK00001267,P000824,T0000329,S0030,S0023,2025-01-01 08:15:00,3.27
TK00001268,P000890,T0001330,S0064,S0041,2025-01-01 08:15:00,2.87
TK00001269,P000191,T0001905,S0037,S0063,2025-01-01 08:15:00,5.0
TK00001270,P000479,T0000555,S0009,S0010,2025-01-01 08:15:00,2.08
TK00001271,P000953,T0000025,S0092,S0025,2025-01-01 08:15:00,4.15
TK00001272,P000191,T0000748,S0061,S0017,2025-01-01 08:15:00,3.44
TK00001273,P000988,T0000164,S0005,S0014,2025-01-01 08:15:00,4.95
TK00001274,P000310,T0001920,S0039,S0044,2025-01-01 08:15:00,2.01
TK00001274,P000310,T0001920,S0039,S0044,2025-01-01 08:15:00,2.01
TK00001275,P000879,T0000126,S0089,S0096,2025-01-01 08:15:00,1.93
TK00001276,P000478,T0001147,S0067,S0024,2025-01-01 08:15:00,3.83
TK00001277,P000408,T0000606,S0011,S0059,2025-01-01 08:15:00,4.16
TK00001278,P000644,T0001054,S0020,S0055,2025-01-01 08:15:00,2.34
TK00001279,P000738,T0001060,S0056,S0092,2025-01-01 08:15:00,2.65
TK00001280,P000199,T0001915,S0045,S0009,2025-01-01 08:15:00,4.04
TK00001281,P000164,T0001890,S0002,S0012,2025-01-01 08:15:00,2.97
TK00001282,P000645,T0000377,S0069,S0017,2025-01-01 08:15:00,2.74
TK00001283,P000305,T0001527,S0019,S0078,2025-01-01 08:15:00,4.01
TK00001284,P000875,T0000827,S0087,S0010,2025-01-01 08:15:00,2.48
TK00001285,P000867,T0001035,S0028,S0058,2025-01-01 08:15:00,4.08
TK00001286,P000499,T0001904,S0078,S0081,2025-01-01 08:15:00,4.46
TK00001287,P000102,T0001494,S0091,S0091,2025-01-01 08:15:00,4.23
TK00001288,P000668,T0000398,S0037,S0065,2025-01-01 08:15:00,3.07
TK00001289,P000534,T0001563,S0015,S0039,2025-01-01 08:15:00,3.54
TK00001290,P000050,T0001345,S0040,S0027,2025-01-01 08:15:00,1.8
TK00001290,P000050,T0001345,S0040,S0027,2025-01-01 08:15:00,1.8
TK00001291,P000944,T0000283,S0041,S0074,2025-01-01 08:15:00,3.09
TK00001292,P000319,T0000921,S0055,S0020,2025-01-01 08:15:00,3.31
TK00001293,P000323,T0000184,S0081,S0031,2025-01-01 08:15:00,2.39
TK00001294,P000874,T0000286,S0056,S0008,2025-01-01 08:15:00,1.82
TK00001294,P000874,T0000286,S0056,S0008,2025-01-01 08:15:00,1.82
TK00001295,P000487,T0001208,S0038,S0068,2025-01-01 08:15:00,2.14
TK00001296,P000995,T0001325,S0028,S0082,2025-01-01 08:15:00,4.98
TK00001297,P000497,T0001171,S0077,S0030,2025-01-01 08:15:00,3.47
TK00001298,P000122,T0001262,S0004,S0090,2025-01-01 08:15:00,3.57
TK00001299,P000534,T0001808,S0030,S0048,2025-01-01 08:15:00,1.8
TK00001300,P000684,T0000758,S0007,S0011,2025-01-01 08:15:00,1.61
TK00001301,P000853,T0001723,S0015,S0054,2025-01-01 08:15:00,4.9
TK00001302,P000410,T0001100,S0076,S0067,2025-01-01 08:15:00,4.5
TK00001303,P000690,T0000164,S0087,S0096,2025-01-01 08:15:00,3.91
TK00001304,P000028,T0000653,S0041,S0068,2025-01-01 08:15:00,3.89
TK00001305,P000849,T0001971,S0089,S0088,2025-01-01 08:15:00,3.67
TK00001306,P000937,T0001027,S0100,S0065,2025-01-01 08:15:00,3.8
TK00001307,P000388,T0000100,S0003,S0069,2025-01-01 08:15:00,2.04
TK00001308,P000339,T0001865,S0037,S0062,2025-01-01 08:15:00,3.34
TK00001309,P000720,T0001894,S0016,S0016,2025-01-01 08:15:00,3.84
TK00001310,P000011,T0001209,S0066,S0029,2025-01-01 08:15:00,4.37
TK00001311,P000374,T0001195,S0016,S0073,2025-01-01 08:15:00,2.37
TK00001312,P000990,T0001313,S0093,S0020,2025-01-01 08:15:00,2.41
TK00001313,P000172,T0001669,S0016,S0037,2025-01-01 08:15:00,4.66
TK00001314,P000176,T0001104,S0015,S0007,2025-01-01 08:15:00,2.09
TK00001315,P000551,T0000899,S0078,S0056,2025-01-01 08:15:00,2.55
TK00001316,P000671,T0001197,S0011,S0023,2025-01-01 08:15:00,4.57
TK00001317,P000202,T0001280,S0035,S0085,2025-01-01 08:15:00,1.75
TK00001318,P000806,T0001342,S0069,S0028,2025-01-01 08:15:00,1.88
TK00001319,P000906,T0001520,S0028,S0023,2025-01-01 08:15:00,3.24
TK00001320,P000661,T0001940,S0053,S0017,2025-01-01 08:15:00,3.79
TK00001321,P000772,T0001631,S0090,S0061,2025-01-01 08:15:00,2.69
TK00001322,P000578,T0001351,S0042,S0036,2025-01-01 08:15:00,2.81
TK00001323,P000214,T0000262,S0084,S0094,2025-01-01 08:15:00,3.32
TK00001324,P000067,T0000710,S0052,S0083,2025-01-01 08:15:00,3.59
TK00001325,P000135,T0001114,S0086,S0003,2025-01-01 08:15:00,4.75
TK00001326,P000605,T0000775,S0080,S0070,2025-01-01 08:15:00,3.38
TK00001327,P000571,T0001830,S0069,S0027,2025-01-01 08:15:00,3.08
TK00001328,P000666,T0000669,S0029,S0070,2025-01-01 08:15:00,1.76
TK00001329,P000001,T0000924,S0083,S0072,2025-01-01 08:15:00,2.49
TK00001330,P000116,T0000683,S0024,S0098,2025-01-01 08:15:00,1.72
TK00001331,,T0000339,S0026,S0003,2025-01-01 08:15:00,2.93
TK00001332,P000034,T0001947,S0017,S0081,2025-01-01 08:15:00,4.89
TK00001333,P000070,T0001837,S0012,S0043,2025-01-01 08:15:00,2.75
TK00001334,P000323,T0001599,S0083,S0064,2025-01-01 08:15:00,4.86
TK00001335,P000845,T0000585,S0093,S0049,2025-01-01 08:15:00,2.75
TK00001336,P000073,T0001471,S0076,S0019,2025-01-01 08:15:00,2.85
TK00001337,P000636,T0000353,S0013,S0020,2025-01-01 08:15:00,3.45
TK00001338,P000065,T0001343,S0086,S0046,2025-01-01 08:15:00,3.88
TK00001339,P000934,T0000669,S0073,S0010,2025-01-01 08:15:00,1.99
TK00001340,P000309,T0000689,S0009,S0029,2025-01-01 08:15:00,4.68
TK00001341,P000681,T0001161,S0096,S0065,2025-01-01 08:15:00,4.84
TK00001342,P000244,T0000954,S0052,S0067,2025-01-01 08:15:00,4.53
TK00001343,P000017,T0001138,S0098,S0088,2025-01-01 08:15:00,2.41
TK00001344,P000535,T0000240,S0062,S0026,2025-01-01 08:15:00,2.74
TK00001345,P000481,T0000851,S0006,S0018,2025-01-01 08:15:00,2.51
TK00001346,P000919,T0001727,S0010,S0004,2025-01-01 08:15:00,2.08
TK00001347,P000763,T0001209,S0100,S0035,2025-01-01 08:15:00,1.77
TK00001348,P000700,T0000998,S0017,S0088,2025-01-01 08:15:00,2.46
TK00001349,P000761,T0001683,S0023,S0015,2025-01-01 08:15:00,4.29
TK00001350,P000913,T0001268,S0065,S0007,2025-01-01 08:15:00,3.83
TK00001351,P000868,T0001760,S0035,S0081,2025-01-01 08:15:00,4.4
TK00001352,P000733,T0001268,S0098,S0065,2025-01-01 08:15:00,4.27
TK00001353,P000881,T0000655,S0051,S0045,2025-01-01 08:15:00,4.01
TK00001354,P000859,T0000231,S0007,S0091,2025-01-01 08:15:00,2.25
TK00001355,P000295,T0001972,S0004,S0057,2025-01-01 08:15:00,2.03
TK00001356,P000058,T0001064,S0009,S0028,2025-01-01 08:15:00,1.8
TK00001357,P000575,T0001555,S0087,S0039,2025-01-01 08:15:00,3.82
TK00001358,P000200,T0001304,S0004,S0087,2025-01-01 08:15:00,4.35
TK00001359,P000019,T0001728,S0068,S0002,2025-01-01 08:15:00,3.81
TK00001360,P000727,T0001261,S0039,S0057,2025-01-01 08:15:00,3.75
TK00001361,P000965,T0000997,S0077,S0012,2025-01-01 08:15:00,3.71
TK00001362,P000219,T0001613,S0096,S0017,2025-01-01 08:15:00,4.53
TK00001363,P000090,T0000433,S0088,S0054,2025-01-01 08:15:00,4.2
TK00001364,P000293,T0001393,S0073,S0060,2025-01-01 08:15:00,2.81
TK00001365,P000341,T0000650,S0072,S0027,2025-01-01 08:15:00,1.95
TK00001366,P000372,T0000991,S0019,S0028,2025-01-01 08:15:00,4.35
TK00001367,P000132,T0001003,S0100,S0064,2025-01-01 08:15:00,2.91
TK00001368,P000071,T0000928,S0090,S0064,2025-01-01 08:15:00,3.64
TK00001369,P000487,T0001583,S0075,S0019,2025-01-01 08:15:00,1.55
TK00001370,P000907,T0000155,S0065,S0045,2025-01-01 08:15:00,3.46
TK00001371,P000497,T0001140,S0024,S0020,2025-01-01 08:15:00,1.96
TK00001372,P000875,T0000525,S0070,S0011,2025-01-01 08:15:00,4.95
TK00001373,P000841,T0001197,S0003,S0060,2025-01-01 08:15:00,3.72
TK00001374,P000376,T0000726,S0046,S0006,2025-01-01 08:15:00,1.99
TK00001375,P000579,T0001895,S0052,S0098,2025-01-01 08:15:00,3.52
TK00001376,P000479,T0001085,S0024,S0003,2025-01-01 08:15:00,4.5
TK00001377,P000619,T0000360,S0074,S0015,2025-01-01 08:15:00,2.14
TK00001378,P000968,T0000046,S0008,S0053,2025-01-01 08:15:00,3.21
TK00001379,P000616,T0000142,S0045,S0087,2025-01-01 08:15:00,4.45
TK00001380,P000156,T0000316,S0062,S0053,2025-01-01 08:15:00,1.95
TK00001381,P000185,T0001966,S0096,S0049,2025-01-01 08:15:00,3.71
TK00001382,P000346,T0000658,S0013,S0097,2025-01-01 08:15:00,3.08
TK00001383,P000380,T0001104,S0100,S0089,2025-01-01 08:15:00,2.56
TK00001384,P000817,T0000699,S0082,S0095,2025-01-01 08:15:00,2.62
TK00001385,P000410,T0001720,S0031,S0018,2025-01-01 08:15:00,4.96
TK00001386,P000350,T0000940,S0078,S0021,2025-01-01 08:15:00,4.84
TK00001387,P000197,T0001266,S0025,S0013,2025-01-01 08:15:00,3.77
TK00001388,P000776,T0000990,S0013,S0032,2025-01-01 08:15:00,4.27
TK00001389,P000416,T0001337,S0082,S0044,2025-01-01 08:15:00,4.2
TK00001390,P000802,T0000281,S0099,S0095,2025-01-01 08:15:00,2.46
TK00001391,P000109,T0001840,S0084,S0085,2025-01-01 08:15:00,2.66
TK00001392,P000990,T0001426,S0051,S0004,2025-01-01 08:15:00,3.73
TK00001392,P000990,T0001426,S0051,S0004,2025-01-01 08:15:00,3.73
TK00001393,P000407,T0000394,S0001,S0098,2025-01-01 08:15:00,3.64
TK00001394,P000798,T0000250,S0073,S0045,2025-01-01 08:15:00,2.71
TK00001395,P000890,T0001513,S0074,S0045,2025-01-01 08:15:00,1.56
TK00001396,P000260,T0001779,S0019,S0090,2025-01-01 08:15:00,1.67
TK00001397,P000239,T0000499,S0047,S0064,2025-01-01 08:15:00,2.5
TK00001398,P000408,T0000111,S0021,S0015,2025-01-01 08:15:00,3.77
TK00001399,P000398,T0001265,S0014,S0013,2025-01-01 08:15:00,3.91
TK00001400,P000226,T0000996,S0040,S0090,2025-01-01 08:15:00,2.76
TK00001401,P000932,T0000386,S0053,S0003,2025-01-01 08:15:00,3.5
TK00001402,P000600,T0001967,S0019,S0001,2025-01-01 08:15:00,2.45
TK00001403,P000312,T0000947,S0097,S0079,2025-01-01 08:15:00,3.15
TK00001404,P000409,T0001409,S0069,S0085,2025-01-01 08:15:00,3.4
TK00001405,P000880,T0001416,S0027,S0049,2025-01-01 08:15:00,2.82
TK00001406,P000707,T0001609,S0063,S0032,2025-01-01 08:15:00,3.82
TK00001407,P000630,T0000435,S0033,S0024,2025-01-01 08:15:00,3.89
TK00001408,P000859,T0001677,S0097,S0018,2025-01-01 08:15:00,3.52
TK00001409,P000826,T0001932,S0008,S0030,2025-01-01 08:15:00,2.54
TK00001410,P000179,T0001797,S0062,S0041,2025-01-01 08:15:00,1.94
TK00001411,P000001,T0000399,S0039,S0067,2025-01-01 08:15:00,4.07
TK00001412,P000652,T0000677,S0070,S0022,2025-01-01 08:15:00,1.78
TK00001413,P000436,T0000362,S0095,S0034,2025-01-01 08:15:00,3.18
TK00001414,P000487,T0001265,S0026,S0091,2025-01-01 08:15:00,3.78
TK00001415,P000894,T0001561,S0066,S0045,2025-01-01 08:15:00,3.28
TK00001416,P000715,T0000142,S0019,S0022,2025-01-01 08:15:00,4.78
TK00001417,P000450,T0001855,S0046,S0072,2025-01-01 08:15:00,3.69
TK00001418,P000004,T0001932,S0052,S0014,2025-01-01 08:15:00,1.6
TK00001419,P000486,T0001274,S0069,S0035,2025-01-01 08:15:00,4.55
TK00001420,P000901,T0001869,S0020,S0076,2025-01-01 08:15:00,2.05
TK00001421,P000277,T0001305,S0066,S0076,2025-01-01 08:15:00,1.86
TK00001422,,T0001570,S0015,S0048,2025-01-01 08:15:00,1.71
TK00001423,P000367,T0000354,S0062,S0071,2025-01-01 08:15:00,3.12
TK00001424,P000235,T0000934,S0017,S0091,2025-01-01 08:15:00,4.27
TK00001425,P000807,T0000532,S0039,S0003,2025-01-01 08:15:00,2.32
TK00001426,P000638,T0001080,S0015,S0038,2025-01-01 08:15:00,3.15
TK00001427,P000502,T0001124,S0063,S0069,2025-01-01 08:15:00,1.73
TK00001428,P000099,T0000659,S0071,S0005,2025-01-01 08:15:00,3.19
TK00001429,P000121,T0000008,S0010,S0035,2025-01-01 08:15:00,4.45
TK00001430,P000292,T0000836,S0026,S0062,2025-01-01 08:15:00,3.18
TK00001430,P000292,T0000836,S0026,S0062,2025-01-01 08:15:00,3.18
TK00001431,P000959,T0000529,S0021,S0001,2025-01-01 08:15:00,4.97
TK00001432,P000156,T0000567,S0058,S0059,2025-01-01 08:15:00,2.63
TK00001433,P000166,T0000646,S0036,S0099,2025-01-01 08:15:00,3.34
TK00001434,P000941,T0001987,S0089,S0092,2025-01-01 08:15:00,2.5
TK00001435,P000773,T0000728,S0045,S0009,2025-01-01 08:15:00,2.03
TK00001436,P000602,T0001773,S0004,S0002,2025-01-01 08:15:00,4.97
TK00001437,P000864,T0000811,S0063,S0056,2025-01-01 08:15:00,1.9
TK00001438,P000076,T0000680,S0067,S0066,2025-01-01 08:15:00,2.7
TK00001439,P000551,T0001219,S0090,S0083,2025-01-01 08:15:00,2.68
TK00001440,P000214,T0001232,S0056,S0032,2025-01-01 08:15:00,4.95
TK00001441,P000131,T0000901,S0034,S0072,2025-01-01 08:15:00,3.53
TK00001442,P000070,T0000873,S0040,S0039,2025-01-01 08:15:00,1.89
TK00001443,P000423,T0001099,S0016,S0079,2025-01-01 08:15:00,1.5
TK00001444,P000009,T0001200,S0040,S0047,2025-01-01 08:15:00,3.72
TK00001445,P000275,T0001494,S0041,S0085,2025-01-01 08:15:00,3.19
TK00001446,P000214,T0001638,S0016,S0010,2025-01-01 08:15:00,3.14
TK00001447,P000875,T0001777,S0090,S0051,2025-01-01 08:15:00,4.35
TK00001448,P000172,T0000792,S0091,S0074,2025-01-01 08:15:00,1.85
TK00001449,P000996,T0000947,S0075,S0005,2025-01-01 08:15:00,2.38
TK00001450,P000074,T0000853,S0051,S0028,2025-01-01 08:15:00,2.87
TK00001451,P000760,T0000608,S0088,S0001,2025-01-01 08:15:00,3.9
TK00001452,P000276,T0001733,S0081,S0024,2025-01-01 08:15:00,1.84
TK00001453,P000550,T0001028,S0070,S0018,2025-01-01 08:15:00,2.41
TK00001454,P000536,T0000682,S0065,S0047,2025-01-01 08:15:00,2.6
TK00001455,P000285,T0001181,S0067,S0023,2025-01-01 08:15:00,2.19
TK00001456,P000038,T0000813,S0022,S0052,2025-01-01 08:15:00,2.6
TK00001457,P000419,T0001344,S0035,S0011,2025-01-01 08:15:00,2.34
TK00001458,P000659,T0000431,S0055,S0004,2025-01-01 08:15:00,1.83
TK00001459,P000314,T0000365,S0049,S0098,2025-01-01 08:15:00,3.32
TK00001460,P000882,T0001568,S0036,S0016,2025-01-01 08:15:00,4.54
TK00001461,P000454,T0000285,S0020,S0067,2025-01-01 08:15:00,2.74
TK00001462,P000808,T0001101,S0086,S0084,2025-01-01 08:15:00,1.51
TK00001463,P000078,T0001816,S0061,S0097,2025-01-01 08:15:00,3.22
TK00001464,P000735,T0001921,S0024,S0081,2025-01-01 08:15:00,4.68
TK00001465,P000626,T0000850,S0021,S0048,2025-01-01 08:15:00,4.19
TK00001466,P000934,T0000067,S0062,S0050,2025-01-01 08:15:00,1.58
TK00001467,P000972,T0000973,S0045,S0062,2025-01-01 08:15:00,3.56
TK00001468,P000875,T0000037,S0075,S0018,2025-01-01 08:15:00,4.33
TK00001469,P000365,T0000846,S0020,S0085,2025-01-01 08:15:00,3.74
TK00001470,P000935,T0001384,S0007,S0012,2025-01-01 08:15:00,2.8
TK00001471,P000299,T0000756,S0007,S0069,2025-01-01 08:15:00,4.67
TK00001471,P000299,T0000756,S0007,S0069,2025-01-01 08:15:00,4.67
TK00001472,P000929,T0000723,S0054,S0049,2025-01-01 08:15:00,4.75
TK00001473,P000856,T0000933,S0026,S0074,2025-01-01 08:15:00,4.27
TK00001474,P000929,T0000292,S0019,S0098,2025-01-01 08:15:00,2.55
TK00001475,P000828,T0000669,S0053,S0098,2025-01-01 08:15:00,4.33
TK00001476,P000027,T0001661,S0021,S0013,2025-01-01 08:15:00,2.93
TK00001477,P000219,T0000557,S0052,S0081,2025-01-01 08:15:00,2.95
TK00001478,P000640,T0000330,S0052,S0027,2025-01-01 08:15:00,2.07
TK00001479,P000749,T0001040,S0046,S0083,2025-01-01 08:15:00,3.31
TK00001480,P000781,T0001208,S0057,S0058,2025-01-01 08:15:00,3.32
TK00001481,P000308,T0000780,S0004,S0084,2025-01-01 08:15:00,2.57
TK00001482,P000965,T0001026,S0064,S0015,2025-01-01 08:15:00,3.13
TK00001483,P000364,T0001704,S0040,S0011,2025-01-01 08:15:00,2.93
TK00001484,P000889,T0000372,S0066,S0058,2025-01-01 08:15:00,2.18
TK00001485,P000642,T0000810,S0041,S0030,2025-01-01 08:15:00,4.01
TK00001486,P000712,T0000549,S0060,S0033,2025-01-01 08:15:00,4.72
TK00001487,P000380,T0001328,S0088,S0066,2025-01-01 08:15:00,2.48
TK00001488,P000873,T0001984,S0043,S0096,2025-01-01 08:15:00,1.88
TK00001489,P000941,T0000270,S0042,S0015,2025-01-01 08:15:00,4.04
TK00001490,P000002,T0000010,S0011,S0100,2025-01-01 08:15:00,3.01
TK00001491,P000674,T0001282,S0057,S0020,2025-01-01 08:15:00,2.9
TK00001492,P000252,T0001317,S0090,S0027,2025-01-01 08:15:00,4.08
TK00001493,P000802,T0001326,S0074,S0015,2025-01-01 08:15:00,2.04
TK00001493,P000802,T0001326,S0074,S0015,2025-01-01 08:15:00,2.04
TK00001494,P000410,T0000617,S0074,S0019,2025-01-01 08:15:00,3.44
TK00001495,P000298,T0001848,S0014,S0030,2025-01-01 08:15:00,3.9
TK00001496,P000877,T0000567,S0020,S0008,2025-01-01 08:15:00,1.59
TK00001497,P000658,T0000173,S0061,S0088,2025-01-01 08:15:00,3.57
TK00001498,P000473,T0001882,S0013,S0027,2025-01-01 08:15:00,2.94
TK00001499,P000755,T0001753,S0061,S0067,2025-01-01 08:15:00,3.59
TK00001500,P000156,T0001647,S0084,S0023,2025-01-01 08:15:00,4.33
TK00001501,P000793,T0000963,S0018,S0031,2025-01-01 08:15:00,4.04
TK00001502,P000005,T0000077,S0009,S0077,2025-01-01 08:15:00,3.03
TK00001503,P000496,T0001449,S0062,S0023,2025-01-01 08:15:00,4.54
TK00001504,P000780,T0000515,S0096,S0088,2025-01-01 08:15:00,3.72
TK00001505,P000484,T0001674,S0007,S0024,2025-01-01 08:15:00,4.63
TK00001506,P000754,T0001100,S0068,S0085,2025-01-01 08:15:00,2.38
TK00001507,P000278,T0000146,S0080,S0014,2025-01-01 08:15:00,3.88
TK00001508,,T0000727,S0054,S0024,2025-01-01 08:15:00,2.44
TK00001509,P000724,T0001411,S0040,S0058,2025-01-01 08:15:00,3.28
TK00001510,P000383,T0000901,S0058,S0019,2025-01-01 08:15:00,3.45
TK00001511,P000065,T0001659,S0004,S0008,2025-01-01 08:15:00,1.92
TK00001512,P000802,T0000829,S0018,S0074,2025-01-01 08:15:00,3.53
TK00001513,P000947,T0001116,S0100,S0027,2025-01-01 08:15:00,3.48
TK00001514,P000491,T0001613,S0083,S0094,2025-01-01 08:15:00,2.2
TK00001515,P000062,T0000639,S0020,S0050,2025-01-01 08:15:00,4.27
TK00001516,P000436,T0001541,S0038,S0079,2025-01-01 08:15:00,2.41
TK00001517,P000450,T0001032,S0100,S0065,2025-01-01 08:15:00,3.65
TK00001518,P000723,T0000057,S0001,S0036,2025-01-01 08:15:00,2.09
TK00001519,P000074,T0000234,S0049,S0029,2025-01-01 08:15:00,2.16
TK00001520,P000171,T0001110,S0018,S0019,2025-01-01 08:15:00,4.86
TK00001521,P000213,T0000088,S0055,S0008,2025-01-01 08:15:00,3.3
TK00001522,P000935,T0001808,S0083,S0002,2025-01-01 08:15:00,3.51
TK00001523,P000893,T0001442,S0077,S0052,2025-01-01 08:15:00,3.98
TK00001524,P000141,T0001009,S0051,S0040,2025-01-01 08:15:00,2.99
TK00001525,P000905,T0001083,S0016,S0029,2025-01-01 08:15:00,1.54
TK00001526,P000573,T0000110,S0014,S0076,2025-01-01 08:15:00,4.54
TK00001527,P000105,T0001894,S0001,S0047,2025-01-01 08:15:00,4.49
TK00001528,P000196,T0000455,S0075,S0077,2025-01-01 08:15:00,4.45
TK00001529,P000121,T0000352,S0016,S0025,2025-01-01 08:15:00,1.77
TK00001530,P000103,T0001842,S0011,S0052,2025-01-01 08:15:00,1.59
TK00001531,P000160,T0000368,S0049,S0021,2025-01-01 08:15:00,1.84
TK00001532,P000302,T0000641,S0030,S0013,2025-01-01 08:15:00,2.88
TK00001533,P000871,T0000999,S0034,S0029,2025-01-01 08:15:00,4.27
TK00001534,P000082,T0000824,S0083,S0023,2025-01-01 08:15:00,3.9
TK00001535,P000237,T0001549,S0037,S0071,2025-01-01 08:15:00,3.16
TK00001536,P000009,T0001614,S0073,S0040,2025-01-01 08:15:00,3.48
TK00001537,P000200,T0001096,S0006,S0062,2025-01-01 08:15:00,1.78
TK00001538,P000690,T0000138,S0059,S0039,2025-01-01 08:15:00,4.86
TK00001539,P000793,T0000790,S0055,S0017,2025-01-01 08:15:00,3.14
TK00001540,P000982,T0000121,S0061,S0078,2025-01-01 08:15:00,2.99
TK00001541,P000956,T0000047,S0055,S0012,2025-01-01 08:15:00,4.95
TK00001542,P000012,T0001447,S0098,S0030,2025-01-01 08:15:00,2.25
TK00001543,P000036,T0000551,S0019,S0035,2025-01-01 08:15:00,3.13
TK00001544,P000764,T0001145,S0048,S0087,2025-01-01 08:15:00,3.22
TK00001545,P000784,T0001073,S0004,S0027,2025-01-01 08:15:00,4.36
TK00001546,P000339,T0001663,S0069,S0038,2025-01-01 08:15:00,3.52
TK00001547,P000729,T0000138,S0024,S0015,2025-01-01 08:15:00,1.87
TK00001548,P000104,T0000142,S0033,S0070,2025-01-01 08:15:00,4.06
TK00001549,P000994,T0000340,S0047,S0045,2025-01-01 08:15:00,4.49
TK00001550,P000929,T0001854,S0020,S0043,2025-01-01 08:15:00,2.37
TK00001551,P000140,T0001151,S0036,S0026,2025-01-01 08:15:00,2.53
TK00001552,P000580,T0000121,S0044,S0071,2025-01-01 08:15:00,2.5
TK00001553,P000221,T0000174,S0021,S0025,2025-01-01 08:15:00,4.8
TK00001554,P000770,T0000939,S0061,S0015,2025-01-01 08:15:00,2.31
TK00001555,P000859,T0001751,S0049,S0097,2025-01-01 08:15:00,1.89
TK00001556,P000930,T0000590,S0029,S0015,2025-01-01 08:15:00,3.82
TK00001557,P000129,T0000120,S0046,S0053,2025-01-01 08:15:00,4.3
TK00001558,P000102,T0000851,S0072,S0091,2025-01-01 08:15:00,2.46
TK00001559,P000782,T0000035,S0088,S0017,2025-01-01 08:15:00,3.68
TK00001560,P000883,T0001288,S0060,S0013,2025-01-01 08:15:00,4.75
TK00001561,P000103,T0001240,S0020,S0077,2025-01-01 08:15:00,1.53
TK00001562,P000151,T0001572,S0018,S0029,2025-01-01 08:15:00,4.32
TK00001563,P000684,T0000460,S0082,S0097,2025-01-01 08:15:00,4.37
TK00001564,P000194,T0001609,S0058,S0008,2025-01-01 08:15:00,4.53
TK00001565,P000549,T0000452,S0032,S0064,2025-01-01 08:15:00,1.83
TK00001566,P000274,T0000818,S0031,S0076,2025-01-01 08:15:00,4.27
TK00001567,P000430,T0000503,S0073,S0087,2025-01-01 08:15:00,3.86
TK00001568,P000248,T0000309,S0073,S0080,2025-01-01 08:15:00,4.38
TK00001569,P000687,T0000817,S0014,S0100,2025-01-01 08:15:00,4.67
TK00001570,P000679,T0001705,S0012,S0097,2025-01-01 08:15:00,2.21
TK00001571,P000899,T0001763,S0064,S0092,2025-01-01 08:15:00,4.56
TK00001572,P000786,T0000076,S0090,S0058,2025-01-01 08:15:00,4.44
TK00001573,P000688,T0001276,S0042,S0057,2025-01-01 08:15:00,4.55
TK00001574,P000953,T0001362,S0004,S0099,2025-01-01 08:15:00,2.17
TK00001575,,T0001135,S0089,S0044,2025-01-01 08:15:00,2.4
TK00001576,P000391,T0000660,S0084,S0065,2025-01-01 08:15:00,2.81
TK00001577,P000980,T0000157,S0094,S0082,2025-01-01 08:15:00,2.35
TK00001578,P000798,T0001990,S0014,S0028,2025-01-01 08:15:00,3.06
TK00001579,P000142,T0000871,S0079,S0097,2025-01-01 08:15:00,1.68
TK00001580,P000245,T0001328,S0008,S0094,2025-01-01 08:15:00,3.4
TK00001581,P000505,T0000293,S0089,S0049,2025-01-01 08:15:00,4.32
TK00001582,P000396,T0000228,S0070,S0063,2025-01-01 08:15:00,1.61
TK00001583,P000286,T0000745,S0033,S0040,2025-01-01 08:15:00,2.89
TK00001584,P000468,T0001426,S0022,S0011,2025-01-01 08:15:00,1.97
TK00001585,P000725,T0000088,S0002,S0067,2025-01-01 08:15:00,1.53
TK00001586,P000794,T0001818,S0087,S0010,2025-01-01 08:15:00,4.69
TK00001586,P000794,T0001818,S0087,S0010,2025-01-01 08:15:00,4.69
TK00001587,P000329,T0000438,S0008,S0060,2025-01-01 08:15:00,4.65
TK00001588,P000555,T0000270,S0059,S0049,2025-01-01 08:15:00,4.58
TK00001589,P000395,T0000680,S0048,S0016,2025-01-01 08:15:00,1.95
TK00001590,P000187,T0001387,S0087,S0083,2025-01-01 08:15:00,3.97
TK00001591,P000116,T0000364,S0096,S0059,2025-01-01 08:15:00,4.72
TK00001592,P000410,T0001722,S0002,S0003,2025-01-01 08:15:00,2.56
TK00001593,P000641,T0000533,S0040,S0074,2025-01-01 08:15:00,3.89
TK00001594,P000873,T0001577,S0065,S0029,2025-01-01 08:15:00,3.74
TK00001595,P000708,T0001352,S0048,S0084,2025-01-01 08:15:00,4.55
TK00001596,P000737,T0001285,S0098,S0032,2025-01-01 08:15:00,1.58
TK00001597,P000928,T0001921,S0028,S0028,2025-01-01 08:15:00,2.2
TK00001598,P000232,T0000277,S0013,S0080,2025-01-01 08:15:00,4.85
TK00001599,P000393,T0000884,S0028,S0066,2025-01-01 08:15:00,3.0
TK00001600,P000876,T0001986,S0086,S0040,2025-01-01 08:15:00,1.52
TK00001601,P000378,T0001008,S0069,S0016,2025-01-01 08:15:00,1.65
TK00001602,P000806,T0000551,S0024,S0016,2025-01-01 08:15:00,1.61
TK00001603,P000884,T0001350,S0023,S0034,2025-01-01 08:15:00,3.64
TK00001604,P000936,T0000130,S0082,S0010,2025-01-01 08:15:00,1.62
TK00001605,P000087,T0001154,S0094,S0085,2025-01-01 08:15:00,4.6
TK00001606,P000649,T0001976,S0066,S0051,2025-01-01 08:15:00,1.66
TK00001607,P000808,T0000686,S0048,S0010,2025-01-01 08:15:00,3.7
TK00001608,P000822,T0000066,S0047,S0040,2025-01-01 08:15:00,3.56
TK00001609,P000372,T0000872,S0013,S0054,2025-01-01 08:15:00,3.63
TK00001610,P000664,T0000830,S0002,S0063,2025-01-01 08:15:00,3.39
TK00001611,P000323,T0001182,S0037,S0048,2025-01-01 08:15:00,4.63
TK00001612,P000646,T0001043,S0031,S0055,2025-01-01 08:15:00,2.46
TK00001613,P000210,T0001934,S0060,S0063,2025-01-01 08:15:00,2.55
TK00001614,P000559,T0000173,S0089,S0048,2025-01-01 08:15:00,4.46
TK00001615,P000424,T0000776,S0035,S0094,2025-01-01 08:15:00,1.94
TK00001616,P000685,T0000957,S0030,S0053,2025-01-01 08:15:00,2.83
TK00001617,P000708,T0001371,S0054,S0026,2025-01-01 08:15:00,3.37
TK00001618,P000854,T0001144,S0061,S0040,2025-01-01 08:15:00,3.87
TK00001619,P000350,T0000382,S0031,S0030,2025-01-01 08:15:00,4.6
TK00001620,P000651,T0000760,S0003,S0062,2025-01-01 08:15:00,2.83
TK00001621,,T0001737,S0029,S0029,2025-01-01 08:15:00,1.52
TK00001622,P000231,T0001585,S0061,S0088,2025-01-01 08:15:00,2.1
TK00001623,P000098,T0001685,S0072,S0089,2025-01-01 08:15:00,3.84
TK00001624,P000783,T0001260,S0067,S0088,2025-01-01 08:15:00,1.86
TK00001625,P000796,T0001483,S0052,S0044,2025-01-01 08:15:00,2.34
TK00001626,P000934,T0001420,S0021,S0033,2025-01-01 08:15:00,3.55
TK00001627,P000032,T0001989,S0023,S0047,2025-01-01 08:15:00,4.22
TK00001628,P000680,T0000834,S0047,S0030,2025-01-01 08:15:00,2.87
TK00001629,P000381,T0001001,S0040,S0073,2025-01-01 08:15:00,2.08
TK00001630,P000719,T0001700,S0030,S0065,2025-01-01 08:15:00,2.9
TK00001631,P000025,T0000008,S0039,S0074,2025-01-01 08:15:00,1.71
TK00001632,P000484,T0000361,S0045,S0035,2025-01-01 08:15:00,4.5
TK00001633,P000647,T0001593,S0077,S0052,2025-01-01 08:15:00,2.74
TK00001634,P000315,T0001540,S0058,S0016,2025-01-01 08:15:00,4.05
TK00001635,P000017,T0000037,S0036,S0067,2025-01-01 08:15:00,2.42
TK00001636,P000952,T0001129,S0100,S0099,2025-01-01 08:15:00,3.86
TK00001637,P000422,T0000487,S0069,S0083,2025-01-01 08:15:00,4.04
TK00001638,P000733,T0001496,S0083,S0054,2025-01-01 08:15:00,1.53
TK00001639,P000369,T0000846,S0071,S0020,2025-01-01 08:15:00,2.91
TK00001640,P000780,T0000756,S0049,S0016,2025-01-01 08:15:00,3.75
TK00001641,P000177,T0001601,S0061,S0056,2025-01-01 08:15:00,3.96
TK00001642,P000011,T0001508,S0030,S0095,2025-01-01 08:15:00,4.24
TK00001643,P000756,T0001952,S0013,S0008,2025-01-01 08:15:00,3.02
TK00001644,P000559,T0000834,S0017,S0062,2025-01-01 08:15:00,1.91
TK00001645,P000232,T0000732,S0093,S0066,2025-01-01 08:15:00,4.39
TK00001646,P000942,T0000199,S0032,S0028,2025-01-01 08:15:00,3.66
TK00001647,P000992,T0001429,S0020,S0059,2025-01-01 08:15:00,3.08
TK00001648,P000848,T0000313,S0026,S0048,2025-01-01 08:15:00,3.91
TK00001649,,T0001807,S0098,S0071,2025-01-01 08:15:00,2.09
TK00001650,P000318,T0000957,S0044,S0064,2025-01-01 08:15:00,4.46
TK00001651,P000810,T0000264,S0088,S0027,2025-01-01 08:15:00,3.12
TK00001652,P000830,T0000729,S0049,S0002,2025-01-01 08:15:00,2.16
TK00001653,P000539,T0001806,S0050,S0082,2025-01-01 08:15:00,3.78
TK00001654,P000224,T0001928,S0096,S0065,2025-01-01 08:15:00,1.76
TK00001655,P000538,T0001431,S0062,S0094,2025-01-01 08:15:00,1.58
TK00001656,P000248,T0001079,S0058,S0092,2025-01-01 08:15:00,2.97
TK00001657,P000742,T0000061,S0093,S0042,2025-01-01 08:15:00,3.53
TK00001658,P000891,T0000195,S0085,S0085,2025-01-01 08:15:00,4.36
TK00001659,P000660,T0000256,S0094,S0024,2025-01-01 08:15:00,1.54
TK00001660,P000857,T0000484,S0005,S0019,2025-01-01 08:15:00,2.87
TK00001661,P000131,T0001881,S0057,S0054,2025-01-01 08:15:00,3.41
TK00001662,P000525,T0001339,S0069,S0049,2025-01-01 08:15:00,4.12
TK00001663,P000234,T0000273,S0073,S0047,2025-01-01 08:15:00,4.86
TK00001664,P000284,T0001061,S0087,S0044,2025-01-01 08:15:00,2.34
TK00001665,P000382,T0000811,S0001,S0100,2025-01-01 08:15:00,4.28
TK00001666,P000667,T0000461,S0002,S0002,2025-01-01 08:15:00,2.43
TK00001667,P000633,T0000920,S0051,S0018,2025-01-01 08:15:00,2.12
TK00001668,P000310,T0001228,S0001,S0002,2025-01-01 08:15:00,4.21
TK00001669,P000866,T0001443,S0053,S0089,2025-01-01 08:15:00,2.46
TK00001670,P000178,T0001630,S0086,S0080,2025-01-01 08:15:00,3.23
TK00001671,P000395,T0000199,S0098,S0071,2025-01-01 08:15:00,3.78
TK00001672,P000933,T0000964,S0018,S0082,2025-01-01 08:15:00,4.47
TK00001672,P000933,T0000964,S0018,S0082,2025-01-01 08:15:00,4.47
TK00001673,P000827,T0001308,S0071,S0046,2025-01-01 08:15:00,4.64
TK00001674,P000040,T0000853,S0057,S0077,2025-01-01 08:15:00,2.2
TK00001675,P000407,T0001807,S0025,S0095,2025-01-01 08:15:00,3.95
TK00001676,P000270,T0001261,S0047,S0039,2025-01-01 08:15:00,2.81
TK00001677,P000231,T0001402,S0049,S0055,2025-01-01 08:15:00,2.98
TK00001678,P000512,T0001832,S0060,S0081,2025-01-01 08:15:00,2.59
TK00001679,P000540,T0001775,S0053,S0035,2025-01-01 08:15:00,4.59
TK00001680,P000961,T0000901,S0032,S0042,2025-01-01 08:15:00,4.11
TK00001681,P000833,T0001445,S0001,S0072,2025-01-01 08:15:00,3.8
TK00001682,P000747,T0001960,S0077,S0069,2025-01-01 08:15:00,3.33
TK00001682,P000747,T0001960,S0077,S0069,2025-01-01 08:15:00,3.33
TK00001683,P000932,T0001636,S0036,S0092,2025-01-01 08:15:00,1.8
TK00001684,P000700,T0001208,S0050,S0096,2025-01-01 08:15:00,4.55
TK00001685,P000537,T0000531,S0064,S0079,2025-01-01 08:15:00,3.9
TK00001685,P000537,T0000531,S0064,S0079,2025-01-01 08:15:00,3.9
TK00001686,P000381,T0000361,S0009,S0066,2025-01-01 08:15:00,3.35
TK00001687,P000129,T0001130,S0002,S0031,2025-01-01 08:15:00,2.02
TK00001688,P000547,T0001757,S0068,S0012,2025-01-01 08:15:00,4.23
TK00001689,P000167,T0001102,S0061,S0006,2025-01-01 08:15:00,1.84
TK00001690,P000953,T0000856,S0032,S0032,2025-01-01 08:15:00,1.82
TK00001691,P000026,T0000828,S0024,S0024,2025-01-01 08:15:00,3.08
TK00001692,P000053,T0001992,S0093,S0020,2025-01-01 08:15:00,1.61
TK00001693,P000451,T0001792,S0068,S0016,2025-01-01 08:15:00,2.81
TK00001694,P000711,T0000317,S0048,S0005,2025-01-01 08:15:00,4.65
TK00001695,P000115,T0000678,S0056,S0014,2025-01-01 08:15:00,1.8
TK00001696,P000594,T0001045,S0037,S0100,2025-01-01 08:15:00,4.5
TK00001697,P000075,T0001066,S0026,S0026,2025-01-01 08:15:00,3.43
TK00001698,P000723,T0000341,S0011,S0072,2025-01-01 08:15:00,2.67
TK00001699,P000466,T0001606,S0027,S0068,2025-01-01 08:15:00,2.25
TK00001699,P000466,T0001606,S0027,S0068,2025-01-01 08:15:00,2.25
TK00001700,P000828,T0000678,S0076,S0008,2025-01-01 08:15:00,4.14
TK00001701,P000481,T0001638,S0080,S0084,2025-01-01 08:15:00,2.26
TK00001702,P000751,T0000034,S0025,S0083,2025-01-01 08:15:00,2.74
TK00001703,P000686,T0000565,S0003,S0004,2025-01-01 08:15:00,1.78
TK00001704,P000536,T0000174,S0079,S0043,2025-01-01 08:15:00,2.82
TK00001705,P000565,T0000834,S0026,S0093,2025-01-01 08:15:00,3.88
TK00001706,P000419,T0001903,S0094,S0012,2025-01-01 08:15:00,3.48
TK00001707,P000381,T0001307,S0016,S0008,2025-01-01 08:15:00,3.91
TK00001708,P000029,T0001297,S0091,S0003,2025-01-01 08:15:00,3.41
TK00001709,P000875,T0000728,S0066,S0031,2025-01-01 08:15:00,3.14
TK00001710,P000006,T0000474,S0079,S0042,2025-01-01 08:15:00,2.09
TK00001711,P000858,T0000183,S0019,S0099,2025-01-01 08:15:00,2.55
TK00001712,P000197,T0001919,S0091,S0071,2025-01-01 08:15:00,1.67
TK00001713,P000881,T0001067,S0085,S0008,2025-01-01 08:15:00,4.24
TK00001714,P000369,T0001541,S0027,S0010,2025-01-01 08:15:00,2.54
TK00001715,P000086,T0001529,S0081,S0086,2025-01-01 08:15:00,4.58
TK00001716,P000407,T0000210,S0075,S0010,2025-01-01 08:15:00,3.87
TK00001717,P000487,T0001936,S0054,S0039,2025-01-01 08:15:00,3.36
TK00001718,P000760,T0000622,S0080,S0011,2025-01-01 08:15:00,3.17
TK00001719,,T0000200,S0074,S0051,2025-01-01 08:15:00,4.06
TK00001720,P000012,T0000678,S0013,S0023,2025-01-01 08:15:00,4.3
TK00001721,P000293,T0000653,S0083,S0098,2025-01-01 08:15:00,1.96
TK00001722,P000788,T0000653,S0048,S0069,2025-01-01 08:15:00,3.2
TK00001723,P000067,T0001127,S0013,S0028,2025-01-01 08:15:00,4.25
TK00001724,P000271,T0000714,S0056,S0066,2025-01-01 08:15:00,2.88
TK00001725,P000489,T0001310,S0029,S0004,2025-01-01 08:15:00,4.99
TK00001726,P000670,T0001019,S0036,S0018,2025-01-01 08:15:00,1.59
TK00001727,P000905,T0001627,S0041,S0029,2025-01-01 08:15:00,2.85
TK00001728,P000015,T0001388,S0075,S0034,2025-01-01 08:15:00,2.7
TK00001729,P000908,T0001820,S0057,S0083,2025-01-01 08:15:00,2.75
TK00001730,P000986,T0001954,S0060,S0025,2025-01-01 08:15:00,3.12
TK00001731,P000392,T0001527,S0067,S0009,2025-01-01 08:15:00,1.76
TK00001732,P000241,T0001258,S0071,S0096,2025-01-01 08:15:00,1.77
TK00001733,P000297,T0001615,S0013,S0055,2025-01-01 08:15:00,2.03
TK00001734,P000937,T0001417,S0006,S0048,2025-01-01 08:15:00,4.87
TK00001735,,T0001515,S0067,S0087,2025-01-01 08:15:00,2.42
TK00001736,P000108,T0001613,S0063,S0059,2025-01-01 08:15:00,4.82
TK00001736,P000108,T0001613,S0063,S0059,2025-01-01 08:15:00,4.82
TK00001737,P000952,T0000790,S0096,S0095,2025-01-01 08:15:00,4.77
TK00001738,P000875,T0001012,S0095,S0083,2025-01-01 08:15:00,4.47
TK00001739,P000624,T0001928,S0025,S0038,2025-01-01 08:15:00,1.9
TK00001740,P000434,T0001357,S0063,S0082,2025-01-01 08:15:00,2.76
TK00001741,P000383,T0001068,S0031,S0081,2025-01-01 08:15:00,2.98
TK00001742,P000552,T0001294,S0075,S0087,2025-01-01 08:15:00,2.69
TK00001743,P000760,T0000050,S0084,S0059,2025-01-01 08:15:00,3.21
TK00001744,P000403,T0000236,S0065,S0052,2025-01-01 08:15:00,1.91
TK00001745,P000804,T0001728,S0087,S0044,2025-01-01 08:15:00,2.82
TK00001746,P000112,T0001753,S0020,S0043,2025-01-01 08:15:00,4.76
TK00001747,P000083,T0001013,S0017,S0046,2025-01-01 08:15:00,2.43
TK00001748,P000085,T0001435,S0050,S0035,2025-01-01 08:15:00,4.06
TK00001749,P000166,T0001342,S0058,S0021,2025-01-01 08:15:00,4.62
TK00001750,P000544,T0001834,S0095,S0070,2025-01-01 08:15:00,4.53
TK00001751,P000089,T0000314,S0098,S0059,2025-01-01 08:15:00,3.9
TK00001752,P000072,T0000797,S0079,S0022,2025-01-01 08:15:00,3.44
TK00001753,P000348,T0001805,S0067,S0012,2025-01-01 08:15:00,2.22
TK00001754,P000406,T0001756,S0018,S0054,2025-01-01 08:15:00,4.08
TK00001755,P000957,T0001169,S0043,S0003,2025-01-01 08:15:00,2.1
TK00001756,P000844,T0001868,S0029,S0011,2025-01-01 08:15:00,2.37
TK00001757,P000294,T0000327,S0016,S0028,2025-01-01 08:15:00,1.93
TK00001758,P000231,T0000583,S0059,S0068,2025-01-01 08:15:00,2.21
TK00001759,P000271,T0000719,S0093,S0040,2025-01-01 08:15:00,3.2
TK00001760,P000498,T0000461,S0023,S0058,2025-01-01 08:15:00,3.53
TK00001760,P000498,T0000461,S0023,S0058,2025-01-01 08:15:00,3.53
TK00001761,P000092,T0000675,S0078,S0093,2025-01-01 08:15:00,3.48
TK00001762,P000542,T0000266,S0079,S0001,2025-01-01 08:15:00,4.16
TK00001763,P000168,T0001691,S0064,S0077,2025-01-01 08:15:00,3.82
TK00001764,P000349,T0001826,S0098,S0053,2025-01-01 08:15:00,4.09
TK00001765,P000017,T0001850,S0056,S0035,2025-01-01 08:15:00,1.52
TK00001766,P000358,T0000506,S0015,S0032,2025-01-01 08:15:00,1.61
TK00001767,P000442,T0000363,S0066,S0070,2025-01-01 08:15:00,3.58
TK00001768,P000919,T0001489,S0042,S0075,2025-01-01 08:15:00,4.27
TK00001769,P000961,T0001957,S0028,S0041,2025-01-01 08:15:00,3.52
TK00001770,P000343,T0000446,S0041,S0019,2025-01-01 08:15:00,3.85
TK00001771,P000903,T0000791,S0071,S0066,2025-01-01 08:15:00,1.76
TK00001772,P000113,T0000634,S0084,S0050,2025-01-01 08:15:00,4.32
TK00001773,P000361,T0001392,S0037,S0002,2025-01-01 08:15:00,2.52
TK00001774,P000959,T0001559,S0070,S0011,2025-01-01 08:15:00,1.84
TK00001775,P000919,T0000880,S0002,S0069,2025-01-01 08:15:00,2.66
TK00001776,P000008,T0000741,S0013,S0035,2025-01-01 08:15:00,4.72
TK00001777,P000727,T0000879,S0084,S0029,2025-01-01 08:15:00,3.56
TK00001778,P000801,T0000184,S0042,S0022,2025-01-01 08:15:00,4.39
TK00001779,P000691,T0001198,S0002,S0009,2025-01-01 08:15:00,3.04
TK00001780,P000418,T0001791,S0031,S0091,2025-01-01 08:15:00,2.9
TK00001781,P000261,T0001801,S0096,S0085,2025-01-01 08:15:00,4.41
TK00001782,P000198,T0000491,S0087,S0033,2025-01-01 08:15:00,1.78
TK00001783,P000867,T0000893,S0025,S0048,2025-01-01 08:15:00,2.8
TK00001784,P000865,T0000167,S0056,S0076,2025-01-01 08:15:00,3.48
TK00001785,P000684,T0000370,S0090,S0084,2025-01-01 08:15:00,2.65
TK00001786,P000816,T0000274,S0047,S0083,2025-01-01 08:15:00,1.54
TK00001787,P000783,T0001602,S0012,S0012,2025-01-01 08:15:00,3.06
TK00001788,P000675,T0001789,S0044,S0047,2025-01-01 08:15:00,3.98
TK00001789,P000641,T0000946,S0010,S0017,2025-01-01 08:15:00,3.11
TK00001790,P000337,T0000625,S0011,S0080,2025-01-01 08:15:00,3.21
TK00001791,P000876,T0001924,S0071,S0054,2025-01-01 08:15:00,1.78
TK00001792,P000461,T0000932,S0021,S0073,2025-01-01 08:15:00,2.67
TK00001793,P000791,T0000868,S0060,S0065,2025-01-01 08:15:00,3.14
TK00001793,P000791,T0000868,S0060,S0065,2025-01-01 08:15:00,3.14
TK00001794,P000276,T0000749,S0003,S0041,2025-01-01 08:15:00,3.65
TK00001795,P000347,T0001488,S0084,S0074,2025-01-01 08:15:00,3.66
TK00001796,P000938,T0001906,S0044,S0010,2025-01-01 08:15:00,1.68
TK00001797,P000914,T0000867,S0095,S0014,2025-01-01 08:15:00,2.9
TK00001798,P000950,T0000469,S0032,S0028,2025-01-01 08:15:00,3.2
TK00001798,P000950,T0000469,S0032,S0028,2025-01-01 08:15:00,3.2
TK00001799,P000563,T0001161,S0090,S0059,2025-01-01 08:15:00,3.7
TK00001800,P000891,T0000159,S0047,S0069,2025-01-01 08:15:00,3.42
TK00001801,P000658,T0000725,S0092,S0066,2025-01-01 08:15:00,4.13
TK00001802,P000299,T0000348,S0089,S0029,2025-01-01 08:15:00,3.49
TK00001803,P000039,T0001504,S0046,S0046,2025-01-01 08:15:00,4.63
TK00001804,P000585,T0001044,S0066,S0030,2025-01-01 08:15:00,4.11
TK00001805,P000328,T0001287,S0089,S0074,2025-01-01 08:15:00,2.14
TK00001806,P000531,T0000673,S0055,S0065,2025-01-01 08:15:00,2.33
TK00001807,P000905,T0000471,S0062,S0068,2025-01-01 08:15:00,3.21
TK00001808,P000850,T0000185,S0060,S0084,2025-01-01 08:15:00,3.08
TK00001809,P000896,T0000059,S0100,S0034,2025-01-01 08:15:00,2.75
TK00001810,P000913,T0001837,S0035,S0006,2025-01-01 08:15:00,1.64
TK00001811,P000442,T0000809,S0090,S0081,2025-01-01 08:15:00,2.56
TK00001812,P000972,T0000703,S0088,S0022,2025-01-01 08:15:00,3.57
TK00001813,P000547,T0000301,S0045,S0012,2025-01-01 08:15:00,4.96
TK00001814,P000691,T0000392,S0049,S0050,2025-01-01 08:15:00,4.83
TK00001815,P000607,T0001462,S0070,S0045,2025-01-01 08:15:00,4.29
TK00001816,P000614,T0000557,S0067,S0067,2025-01-01 08:15:00,3.58
TK00001817,P000097,T0001709,S0095,S0090,2025-01-01 08:15:00,3.78
TK00001818,P000255,T0000376,S0015,S0056,2025-01-01 08:15:00,3.14
TK00001819,P000978,T0000309,S0066,S0078,2025-01-01 08:15:00,1.93
TK00001820,P000653,T0001744,S0093,S0014,2025-01-01 08:15:00,3.61
TK00001821,P000108,T0001564,S0055,S0083,2025-01-01 08:15:00,3.24
TK00001822,P000297,T0000583,S0096,S0068,2025-01-01 08:15:00,2.37
TK00001823,P000561,T0000163,S0005,S0025,2025-01-01 08:15:00,2.67
TK00001824,P000693,T0001522,S0093,S0071,2025-01-01 08:15:00,1.95
TK00001825,P000075,T0001698,S0071,S0100,2025-01-01 08:15:00,4.6
TK00001826,,T0001323,S0019,S0094,2025-01-01 08:15:00,3.92
TK00001827,P000305,T0000406,S0099,S0087,2025-01-01 08:15:00,3.31
TK00001828,P000710,T0001041,S0048,S0095,2025-01-01 08:15:00,2.64
TK00001829,P000111,T0000190,S0094,S0082,2025-01-01 08:15:00,4.94
TK00001830,P000808,T0001227,S0054,S0068,2025-01-01 08:15:00,4.29
TK00001831,P000793,T0000838,S0086,S0072,2025-01-01 08:15:00,4.95
TK00001832,P000414,T0000071,S0094,S0001,2025-01-01 08:15:00,1.57
TK00001833,P000366,T0001587,S0062,S0066,2025-01-01 08:15:00,4.46
TK00001834,P000433,T0001083,S0005,S0014,2025-01-01 08:15:00,3.15
TK00001835,,T0000615,S0021,S0044,2025-01-01 08:15:00,2.86
TK00001836,P000217,T0000224,S0035,S0076,2025-01-01 08:15:00,2.92
TK00001837,P000649,T0000413,S0081,S0004,2025-01-01 08:15:00,3.52
TK00001838,P000700,T0000871,S0003,S0070,2025-01-01 08:15:00,2.46
TK00001839,P000323,T0000955,S0014,S0014,2025-01-01 08:15:00,2.11
TK00001840,P000733,T0001448,S0007,S0032,2025-01-01 08:15:00,2.64
TK00001841,P000274,T0001606,S0081,S0012,2025-01-01 08:15:00,3.56
TK00001842,P000879,T0000979,S0044,S0099,2025-01-01 08:15:00,4.46
TK00001843,P000601,T0000508,S0068,S0048,2025-01-01 08:15:00,4.07
TK00001844,P000531,T0000596,S0065,S0082,2025-01-01 08:15:00,1.61
TK00001845,P000820,T0001620,S0014,S0086,2025-01-01 08:15:00,4.35
TK00001846,P000581,T0001994,S0049,S0050,2025-01-01 08:15:00,3.82
TK00001847,P000141,T0000082,S0078,S0028,2025-01-01 08:15:00,4.04
TK00001848,P000733,T0001728,S0074,S0028,2025-01-01 08:15:00,3.45
TK00001849,P000581,T0000106,S0033,S0036,2025-01-01 08:15:00,3.72
TK00001850,P000007,T0001338,S0002,S0075,2025-01-01 08:15:00,4.0
TK00001851,P000570,T0000309,S0097,S0018,2025-01-01 08:15:00,2.13
TK00001852,P000198,T0000323,S0092,S0078,2025-01-01 08:15:00,2.26
TK00001853,P000713,T0001612,S0081,S0090,2025-01-01 08:15:00,3.73
TK00001854,,T0000160,S0057,S0043,2025-01-01 08:15:00,4.15
TK00001855,P000642,T0001058,S0052,S0081,2025-01-01 08:15:00,3.22
TK00001856,P000450,T0000435,S0024,S0100,2025-01-01 08:15:00,2.82
TK00001857,P000078,T0001168,S0071,S0021,2025-01-01 08:15:00,4.3
TK00001858,P000129,T0000701,S0100,S0072,2025-01-01 08:15:00,4.38
TK00001859,P000731,T0000490,S0064,S0015,2025-01-01 08:15:00,4.25
TK00001860,P000640,T0001194,S0020,S0082,2025-01-01 08:15:00,1.64
TK00001861,P000255,T0000440,S0098,S0040,2025-01-01 08:15:00,4.01
TK00001862,P000648,T0000306,S0061,S0063,2025-01-01 08:15:00,2.13
TK00001863,P000249,T0000490,S0048,S0054,2025-01-01 08:15:00,2.97
TK00001864,P000402,T0001874,S0005,S0068,2025-01-01 08:15:00,3.87
TK00001865,P000640,T0001893,S0046,S0043,2025-01-01 08:15:00,3.71
TK00001866,P000519,T0000196,S0095,S0088,2025-01-01 08:15:00,3.27
TK00001867,P000345,T0000255,S0067,S0094,2025-01-01 08:15:00,1.94
TK00001868,P000461,T0000660,S0013,S0087,2025-01-01 08:15:00,3.82
TK00001869,P000675,T0000228,S0072,S0027,2025-01-01 08:15:00,3.78
TK00001870,P000208,T0000516,S0050,S0020,2025-01-01 08:15:00,4.13
TK00001871,P000971,T0000235,S0014,S0016,2025-01-01 08:15:00,3.46
TK00001872,P000780,T0001961,S0055,S0036,2025-01-01 08:15:00,2.09
TK00001873,P000242,T0000851,S0052,S0001,2025-01-01 08:15:00,1.63
TK00001874,P000889,T0001455,S0068,S0030,2025-01-01 08:15:00,3.06
TK00001875,P000791,T0001855,S0038,S0068,2025-01-01 08:15:00,1.66
TK00001876,P000375,T0000424,S0035,S0059,2025-01-01 08:15:00,3.86
TK00001877,P000643,T0001289,S0065,S0084,2025-01-01 08:15:00,3.84
TK00001878,P000195,T0000358,S0091,S0078,2025-01-01 08:15:00,3.01
TK00001879,P000398,T0001337,S0066,S0009,2025-01-01 08:15:00,3.81
TK00001880,P000776,T0000108,S0057,S0033,2025-01-01 08:15:00,2.06
TK00001881,P000441,T0000520,S0063,S0017,2025-01-01 08:15:00,1.64
TK00001882,P000664,T0001759,S0048,S0019,2025-01-01 08:15:00,4.3
TK00001883,P000248,T0000881,S0030,S0024,2025-01-01 08:15:00,1.8
TK00001884,P000264,T0000078,S0067,S0010,2025-01-01 08:15:00,4.08
TK00001885,P000776,T0000336,S0058,S0063,2025-01-01 08:15:00,1.95
TK00001886,P000829,T0000464,S0071,S0055,2025-01-01 08:15:00,4.64
TK00001887,P000896,T0001839,S0031,S0048,2025-01-01 08:15:00,3.09
TK00001888,P000449,T0000940,S0091,S0054,2025-01-01 08:15:00,3.76
TK00001889,P000934,T0000006,S0053,S0078,2025-01-01 08:15:00,2.92
TK00001890,P000936,T0001799,S0097,S0073,2025-01-01 08:15:00,2.01
TK00001891,P000682,T0000095,S0070,S0049,2025-01-01 08:15:00,2.37
TK00001892,P000613,T0000447,S0004,S0024,2025-01-01 08:15:00,4.05
TK00001893,P000101,T0001328,S0091,S0061,2025-01-01 08:15:00,3.56
TK00001894,P000311,T0000940,S0089,S0003,2025-01-01 08:15:00,2.77
TK00001895,P000343,T0001458,S0054,S0053,2025-01-01 08:15:00,2.98
TK00001896,,T0000578,S0040,S0095,2025-01-01 08:15:00,3.7
TK00001897,P000412,T0001679,S0077,S0065,2025-01-01 08:15:00,1.57
TK00001898,P000193,T0000249,S0006,S0021,2025-01-01 08:15:00,4.6
TK00001899,,T0000671,S0017,S0012,2025-01-01 08:15:00,4.35
TK00001900,P000612,T0001641,S0062,S0039,2025-01-01 08:15:00,2.24
TK00001901,,T0001976,S0040,S0019,2025-01-01 08:15:00,4.63
TK00001902,P000682,T0000454,S0093,S0050,2025-01-01 08:15:00,4.41
TK00001903,P000418,T0001318,S0063,S0052,2025-01-01 08:15:00,2.78
TK00001904,P000263,T0001605,S0008,S0063,2025-01-01 08:15:00,3.92
TK00001905,P000241,T0001142,S0088,S0094,2025-01-01 08:15:00,4.19
TK00001906,P000328,T0000378,S0033,S0049,2025-01-01 08:15:00,3.83
TK00001907,P000209,T0000684,S0013,S0098,2025-01-01 08:15:00,3.05
TK00001908,P000167,T0000828,S0086,S0004,2025-01-01 08:15:00,2.21
TK00001909,P000646,T0001953,S0047,S0077,2025-01-01 08:15:00,2.36
TK00001910,P000481,T0001858,S0042,S0074,2025-01-01 08:15:00,1.97
TK00001911,P000889,T0000730,S0096,S0093,2025-01-01 08:15:00,3.03
TK00001912,P000590,T0001963,S0023,S0092,2025-01-01 08:15:00,3.02
TK00001913,P000008,T0000697,S0010,S0039,2025-01-01 08:15:00,2.29
TK00001914,P000102,T0000780,S0059,S0083,2025-01-01 08:15:00,3.06
TK00001915,P000713,T0000394,S0018,S0035,2025-01-01 08:15:00,2.48
TK00001916,P000831,T0001409,S0037,S0039,2025-01-01 08:15:00,3.86
TK00001917,P000254,T0000310,S0040,S0057,2025-01-01 08:15:00,4.88
TK00001918,P000508,T0001681,S0062,S0009,2025-01-01 08:15:00,1.98
TK00001919,P000555,T0001121,S0071,S0056,2025-01-01 08:15:00,1.96
TK00001920,P000141,T0000802,S0098,S0024,2025-01-01 08:15:00,3.84
TK00001920,P000141,T0000802,S0098,S0024,2025-01-01 08:15:00,3.84
TK00001921,P000917,T0001526,S0033,S0065,2025-01-01 08:15:00,3.08
TK00001922,P000339,T0000628,S0088,S0035,2025-01-01 08:15:00,1.78
TK00001923,P000801,T0000663,S0012,S0034,2025-01-01 08:15:00,3.53
TK00001924,P000472,T0000704,S0046,S0045,2025-01-01 08:15:00,3.13
TK00001925,P000413,T0000121,S0042,S0051,2025-01-01 08:15:00,2.3
TK00001926,P000422,T0000058,S0090,S0066,2025-01-01 08:15:00,2.03
TK00001927,P000488,T0000718,S0041,S0081,2025-01-01 08:15:00,2.34
TK00001928,P000288,T0000194,S0014,S0002,2025-01-01 08:15:00,2.68
TK00001929,P000801,T0001384,S0035,S0093,2025-01-01 08:15:00,4.03
TK00001930,P000665,T0001409,S0072,S0003,2025-01-01 08:15:00,4.18
TK00001931,P000072,T0000986,S0099,S0085,2025-01-01 08:15:00,4.9
TK00001932,P000767,T0001780,S0078,S0085,2025-01-01 08:15:00,2.96
TK00001933,P000863,T0000963,S0008,S0001,2025-01-01 08:15:00,3.57
TK00001934,P000623,T0000736,S0088,S0029,2025-01-01 08:15:00,2.92
TK00001935,P000022,T0001078,S0090,S0085,2025-01-01 08:15:00,4.34
TK00001936,P000872,T0001247,S0062,S0046,2025-01-01 08:15:00,2.05
TK00001937,P000824,T0000589,S0094,S0084,2025-01-01 08:15:00,2.38
TK00001938,P000244,T0001234,S0050,S0044,2025-01-01 08:15:00,2.49
TK00001939,P000090,T0000975,S0095,S0032,2025-01-01 08:15:00,4.28
TK00001940,P000421,T0000408,S0053,S0044,2025-01-01 08:15:00,4.79
TK00001941,P000114,T0001980,S0077,S0099,2025-01-01 08:15:00,2.14
TK00001942,P000734,T0000777,S0040,S0026,2025-01-01 08:15:00,2.42
TK00001943,P000311,T0001816,S0012,S0031,2025-01-01 08:15:00,2.24
TK00001944,P000831,T0000114,S0023,S0096,2025-01-01 08:15:00,3.24
TK00001945,P000274,T0000988,S0029,S0028,2025-01-01 08:15:00,2.22
TK00001946,P000935,T0000368,S0063,S0082,2025-01-01 08:15:00,2.09
TK00001947,P000791,T0000063,S0012,S0078,2025-01-01 08:15:00,4.28
TK00001948,P000052,T0000843,S0090,S0087,2025-01-01 08:15:00,2.36
TK00001949,P000939,T0000399,S0069,S0081,2025-01-01 08:15:00,4.81
TK00001950,P000840,T0001173,S0050,S0011,2025-01-01 08:15:00,4.38
TK00001951,P000716,T0000773,S0006,S0091,2025-01-01 08:15:00,2.18
TK00001952,P000175,T0000481,S0057,S0009,2025-01-01 08:15:00,2.83
TK00001953,P000243,T0001244,S0017,S0070,2025-01-01 08:15:00,2.11
TK00001954,P000837,T0000600,S0078,S0045,2025-01-01 08:15:00,3.59
TK00001955,P000573,T0000595,S0091,S0010,2025-01-01 08:15:00,1.85
TK00001956,P000803,T0001590,S0071,S0030,2025-01-01 08:15:00,1.8
TK00001957,P000959,T0000120,S0043,S0058,2025-01-01 08:15:00,3.93
TK00001958,P000296,T0000144,S0057,S0096,2025-01-01 08:15:00,4.81
TK00001959,P000003,T0000957,S0075,S0005,2025-01-01 08:15:00,3.81
TK00001960,P000430,T0001141,S0030,S0070,2025-01-01 08:15:00,2.48
TK00001961,P000860,T0000811,S0079,S0036,2025-01-01 08:15:00,3.41
TK00001962,P000577,T0001014,S0091,S0076,2025-01-01 08:15:00,2.26
TK00001963,P000858,T0001430,S0081,S0012,2025-01-01 08:15:00,1.86
TK00001964,P000758,T0001018,S0095,S0043,2025-01-01 08:15:00,2.85
TK00001965,P000980,T0001493,S0082,S0022,2025-01-01 08:15:00,2.48
TK00001966,P000181,T0000678,S0076,S0091,2025-01-01 08:15:00,1.55
TK00001967,P000955,T0001525,S0017,S0002,2025-01-01 08:15:00,3.43
TK00001968,P000886,T0001326,S0005,S0051,2025-01-01 08:15:00,2.36
TK00001969,P000203,T0001953,S0072,S0071,2025-01-01 08:15:00,4.01
TK00001970,P000666,T0001182,S0041,S0084,2025-01-01 08:15:00,3.86
TK00001971,P000796,T0001611,S0033,S0078,2025-01-01 08:15:00,3.78
TK00001972,P000858,T0000561,S0093,S0071,2025-01-01 08:15:00,2.97
TK00001973,,T0001155,S0009,S0059,2025-01-01 08:15:00,2.0
TK00001974,P000736,T0001922,S0094,S0090,2025-01-01 08:15:00,4.36
TK00001975,P000454,T0000413,S0024,S0058,2025-01-01 08:15:00,1.92
TK00001976,P000166,T0000054,S0003,S0092,2025-01-01 08:15:00,3.31
TK00001977,P000768,T0001500,S0085,S0085,2025-01-01 08:15:00,1.89
TK00001978,P000894,T0000474,S0082,S0069,2025-01-01 08:15:00,4.91
TK00001979,P000321,T0000105,S0020,S0034,2025-01-01 08:15:00,3.49
TK00001980,P000143,T0001038,S0046,S0089,2025-01-01 08:15:00,3.71
TK00001981,P000188,T0000080,S0096,S0046,2025-01-01 08:15:00,4.74
TK00001981,P000188,T0000080,S0096,S0046,2025-01-01 08:15:00,4.74
TK00001982,P000877,T0001482,S0071,S0057,2025-01-01 08:15:00,3.98
TK00001983,P000485,T0000950,S0061,S0083,2025-01-01 08:15:00,3.59
TK00001984,P000282,T0000173,S0071,S0042,2025-01-01 08:15:00,3.18
TK00001985,P000602,T0000512,S0060,S0091,2025-01-01 08:15:00,3.14
TK00001986,P000444,T0001346,S0083,S0097,2025-01-01 08:15:00,3.92
TK00001987,P000202,T0001711,S0024,S0008,2025-01-01 08:15:00,3.95
TK00001988,P000091,T0001549,S0089,S0099,2025-01-01 08:15:00,2.14
TK00001989,P000625,T0000974,S0079,S0033,2025-01-01 08:15:00,3.07
TK00001990,P000016,T0000691,S0043,S0086,2025-01-01 08:15:00,3.71
TK00001991,P000611,T0001677,S0018,S0067,2025-01-01 08:15:00,3.75
TK00001992,P000162,T0001753,S0099,S0020,2025-01-01 08:15:00,2.02
TK00001993,P000991,T0000747,S0035,S0015,2025-01-01 08:15:00,3.85
TK00001993,P000991,T0000747,S0035,S0015,2025-01-01 08:15:00,3.85
TK00001994,P000843,T0000913,S0028,S0004,2025-01-01 08:15:00,3.4
TK00001995,P000973,T0000485,S0002,S0038,2025-01-01 08:15:00,4.43
TK00001996,P000517,T0001424,S0062,S0022,2025-01-01 08:15:00,2.83
TK00001997,P000137,T0001662,S0071,S0061,2025-01-01 08:15:00,2.59
TK00001998,P000940,T0000863,S0067,S0002,2025-01-01 08:15:00,3.27
TK00001999,P000605,T0000162,S0077,S0034,2025-01-01 08:15:00,2.26
TK00002000,P000402,T0000442,S0008,S0036,2025-01-01 08:15:00,4.76
TK00002001,P000479,T0000088,S0031,S0043,2025-01-01 08:15:00,3.95
TK00002002,P000295,T0001698,S0081,S0050,2025-01-01 08:15:00,4.49
TK00002003,P000791,T0001133,S0094,S0011,2025-01-01 08:15:00,3.0
TK00002004,P000946,T0000673,S0078,S0089,2025-01-01 08:15:00,2.29
TK00002005,P000645,T0000196,S0066,S0038,2025-01-01 08:15:00,3.58
TK00002006,P000858,T0001314,S0019,S0070,2025-01-01 08:15:00,2.28
TK00002007,P000736,T0001035,S0041,S0049,2025-01-01 08:15:00,1.88
TK00002008,P000186,T0000849,S0023,S0100,2025-01-01 08:15:00,4.86
TK00002009,P000938,T0001353,S0057,S0062,2025-01-01 08:15:00,4.99
TK00002010,P000298,T0001680,S0044,S0087,2025-01-01 08:15:00,3.34
TK00002011,P000771,T0001711,S0084,S0014,2025-01-01 08:15:00,2.8
TK00002012,P000846,T0000778,S0032,S0078,2025-01-01 08:15:00,3.92
TK00002013,P000358,T0001900,S0078,S0004,2025-01-01 08:15:00,3.44
TK00002014,P000929,T0000675,S0016,S0049,2025-01-01 08:15:00,2.13
TK00002015,P000116,T0000647,S0045,S0074,2025-01-01 08:15:00,2.58
TK00002016,P000217,T0001779,S0009,S0033,2025-01-01 08:15:00,5.0
TK00002017,P000585,T0001093,S0056,S0006,2025-01-01 08:15:00,2.27
TK00002018,P000006,T0000902,S0050,S0070,2025-01-01 08:15:00,2.48
TK00002019,P000928,T0001740,S0097,S0099,2025-01-01 08:15:00,3.36
TK00002020,P000632,T0001948,S0079,S0091,2025-01-01 08:15:00,3.31
TK00002021,P000689,T0001316,S0066,S0028,2025-01-01 08:15:00,1.77
TK00002022,,T0001780,S0084,S0044,2025-01-01 08:15:00,3.41
TK00002023,P000305,T0000685,S0100,S0005,2025-01-01 08:15:00,1.8
TK00002024,P000071,T0000109,S0088,S0089,2025-01-01 08:15:00,1.78
TK00002025,P000870,T0001935,S0092,S0024,2025-01-01 08:15:00,3.17
TK00002026,P000756,T0001767,S0054,S0089,2025-01-01 08:15:00,3.1
TK00002027,P000407,T0001399,S0060,S0034,2025-01-01 08:15:00,4.48
TK00002028,P000458,T0001821,S0049,S0092,2025-01-01 08:15:00,3.34
TK00002029,P000073,T0000331,S0096,S0041,2025-01-01 08:15:00,3.52
TK00002030,P000256,T0000097,S0059,S0021,2025-01-01 08:15:00,1.69
TK00002031,P000889,T0001551,S0059,S0057,2025-01-01 08:15:00,4.26
TK00002032,P000652,T0001581,S0061,S0077,2025-01-01 08:15:00,3.37
TK00002033,P000548,T0001181,S0060,S0038,2025-01-01 08:15:00,2.34
TK00002034,P000979,T0000118,S0099,S0025,2025-01-01 08:15:00,1.55
TK00002035,P000898,T0001211,S0059,S0079,2025-01-01 08:15:00,3.49
TK00002036,P000666,T0001386,S0078,S0006,2025-01-01 08:15:00,1.62
TK00002037,P000290,T0000946,S0074,S0085,2025-01-01 08:15:00,3.5
TK00002038,P000849,T0001504,S0029,S0096,2025-01-01 08:15:00,4.78
TK00002039,P000757,T0000434,S0014,S0044,2025-01-01 08:15:00,1.73
TK00002040,P000998,T0001138,S0040,S0005,2025-01-01 08:15:00,2.91
TK00002041,P000600,T0000947,S0063,S0091,2025-01-01 08:15:00,4.06
TK00002042,P000684,T0001107,S0023,S0046,2025-01-01 08:15:00,3.91
TK00002043,P000042,T0001231,S0037,S0020,2025-01-01 08:15:00,3.23
TK00002044,P000740,T0000631,S0060,S0092,2025-01-01 08:15:00,2.21
TK00002045,P000081,T0001156,S0005,S0026,2025-01-01 08:15:00,1.97
TK00002046,P000608,T0000297,S0075,S0060,2025-01-01 08:15:00,3.03
TK00002047,P000843,T0001405,S0059,S0023,2025-01-01 08:15:00,2.74
TK00002047,P000843,T0001405,S0059,S0023,2025-01-01 08:15:00,2.74
TK00002048,P000439,T0000663,S0086,S0090,2025-01-01 08:15:00,3.21
TK00002049,P000609,T0000783,S0063,S0051,2025-01-01 08:15:00,2.54
TK00002050,P000475,T0001289,S0002,S0036,2025-01-01 08:15:00,3.05
TK00002051,P000030,T0000496,S0035,S0026,2025-01-01 08:15:00,3.37
TK00002052,P000064,T0000172,S0013,S0074,2025-01-01 08:15:00,3.3
TK00002053,P000974,T0000451,S0005,S0052,2025-01-01 08:15:00,3.85
TK00002054,P000942,T0000329,S0009,S0067,2025-01-01 08:15:00,4.14
TK00002055,P000855,T0000524,S0003,S0038,2025-01-01 08:15:00,2.83
TK00002056,P000931,T0001288,S0013,S0018,2025-01-01 08:15:00,2.79
TK00002057,P000179,T0000382,S0035,S0013,2025-01-01 08:15:00,4.78
TK00002058,P000605,T0001282,S0084,S0030,2025-01-01 08:15:00,2.6
TK00002059,P000218,T0001544,S0019,S0064,2025-01-01 08:15:00,2.91
TK00002060,P000484,T0001597,S0079,S0033,2025-01-01 08:15:00,1.62
TK00002061,P000137,T0001651,S0063,S0054,2025-01-01 08:15:00,2.15
TK00002062,P000763,T0001664,S0001,S0081,2025-01-01 08:15:00,2.86
TK00002063,P000839,T0001092,S0074,S0092,2025-01-01 08:15:00,3.97
TK00002064,P000279,T0001132,S0043,S0042,2025-01-01 08:15:00,3.01
TK00002065,P000660,T0000604,S0026,S0035,2025-01-01 08:15:00,1.82
TK00002066,P000396,T0001439,S0070,S0057,2025-01-01 08:15:00,2.46
TK00002067,P000482,T0001018,S0019,S0080,2025-01-01 08:15:00,2.93
TK00002067,P000482,T0001018,S0019,S0080,2025-01-01 08:15:00,2.93
TK00002068,P000801,T0000570,S0041,S0059,2025-01-01 08:15:00,1.78
TK00002069,P000817,T0000884,S0060,S0081,2025-01-01 08:15:00,2.54
TK00002070,P000308,T0000762,S0059,S0062,2025-01-01 08:15:00,2.62
TK00002071,P000403,T0000916,S0007,S0060,2025-01-01 08:15:00,2.16
TK00002072,P000105,T0000535,S0079,S0051,2025-01-01 08:15:00,3.39
TK00002073,P000937,T0000798,S0052,S0046,2025-01-01 08:15:00,3.17
TK00002074,P000980,T0001738,S0100,S0058,2025-01-01 08:15:00,4.55
TK00002075,P000913,T0001163,S0008,S0017,2025-01-01 08:15:00,2.27
TK00002076,P000729,T0001795,S0011,S0039,2025-01-01 08:15:00,4.1
TK00002077,P000429,T0000777,S0062,S0013,2025-01-01 08:15:00,1.7
TK00002078,P000446,T0001773,S0085,S0020,2025-01-01 08:15:00,3.82
TK00002079,P000413,T0001425,S0081,S0039,2025-01-01 08:15:00,4.33
TK00002080,P000169,T0001527,S0081,S0061,2025-01-01 08:15:00,4.8
TK00002081,P000828,T0001482,S0052,S0086,2025-01-01 08:15:00,4.85
TK00002082,P000070,T0000377,S0085,S0070,2025-01-01 08:15:00,2.08
TK00002083,P000541,T0001867,S0017,S0030,2025-01-01 08:15:00,2.59
TK00002084,P000584,T0001181,S0013,S0082,2025-01-01 08:15:00,1.91
TK00002085,P000156,T0000720,S0023,S0013,2025-01-01 08:15:00,4.79
TK00002086,P000546,T0001861,S0079,S0066,2025-01-01 08:15:00,1.54
TK00002087,P000546,T0000592,S0013,S0046,2025-01-01 08:15:00,2.61
TK00002088,P000954,T0000688,S0017,S0039,2025-01-01 08:15:00,4.64
TK00002089,P000387,T0000456,S0090,S0015,2025-01-01 08:15:00,3.17
TK00002090,P000741,T0000996,S0074,S0091,2025-01-01 08:15:00,4.62
TK00002091,P000543,T0000214,S0080,S0046,2025-01-01 08:15:00,2.25
TK00002092,P000902,T0001699,S0070,S0091,2025-01-01 08:15:00,3.66
TK00002093,P000156,T0000609,S0096,S0046,2025-01-01 08:15:00,2.39
TK00002093,P000156,T0000609,S0096,S0046,2025-01-01 08:15:00,2.39
TK00002094,P000311,T0000613,S0001,S0049,2025-01-01 08:15:00,4.28
TK00002095,,T0001805,S0068,S0097,2025-01-01 08:15:00,2.62
TK00002096,P000721,T0000162,S0072,S0019,2025-01-01 08:15:00,1.96
TK00002097,P000803,T0001351,S0045,S0051,2025-01-01 08:15:00,3.53
TK00002098,P000065,T0001929,S0006,S0091,2025-01-01 08:15:00,4.33
TK00002099,,T0001961,S0063,S0046,2025-01-01 08:15:00,2.83
TK00002100,P000860,T0000803,S0077,S0064,2025-01-01 08:15:00,2.05
TK00002101,P000515,T0001880,S0056,S0003,2025-01-01 08:15:00,4.9
TK00002102,P000830,T0000696,S0066,S0045,2025-01-01 08:15:00,2.87
TK00002103,P000277,T0001747,S0080,S0052,2025-01-01 08:15:00,3.62
TK00002104,P000620,T0001949,S0044,S0059,2025-01-01 08:15:00,3.2
TK00002105,P000452,T0000866,S0039,S0020,2025-01-01 08:15:00,3.82
TK00002106,P000598,T0000735,S0006,S0028,2025-01-01 08:15:00,1.51
TK00002107,P000123,T0000225,S0065,S0049,2025-01-01 08:15:00,2.59
TK00002108,P000056,T0001550,S0032,S0100,2025-01-01 08:15:00,3.13
TK00002109,P000454,T0001469,S0015,S0071,2025-01-01 08:15:00,3.49
TK00002110,P000139,T0001647,S0012,S0041,2025-01-01 08:15:00,4.72
TK00002111,P000780,T0001078,S0025,S0069,2025-01-01 08:15:00,3.51
TK00002112,P000595,T0001066,S0053,S0010,2025-01-01 08:15:00,2.3
TK00002113,P000498,T0000971,S0005,S0043,2025-01-01 08:15:00,2.8
TK00002114,P000306,T0000798,S0026,S0005,2025-01-01 08:15:00,2.74
TK00002115,P000053,T0001594,S0056,S0100,2025-01-01 08:15:00,1.89
TK00002116,P000539,T0001227,S0058,S0032,2025-01-01 08:15:00,4.87
TK00002117,P000951,T0000976,S0016,S0074,2025-01-01 08:15:00,1.61
TK00002117,P000951,T0000976,S0016,S0074,2025-01-01 08:15:00,1.61
TK00002118,P000087,T0001247,S0094,S0008,2025-01-01 08:15:00,2.32
TK00002119,P000022,T0000066,S0068,S0075,2025-01-01 08:15:00,1.79
TK00002120,P000196,T0001084,S0084,S0085,2025-01-01 08:15:00,2.21
TK00002121,P000290,T0001723,S0046,S0090,2025-01-01 08:15:00,1.92
TK00002122,P000559,T0000799,S0088,S0065,2025-01-01 08:15:00,3.22
TK00002123,P000958,T0000545,S0004,S0084,2025-01-01 08:15:00,3.49
TK00002124,P000636,T0001550,S0035,S0008,2025-01-01 08:15:00,4.59
TK00002125,P000989,T0001298,S0050,S0048,2025-01-01 08:15:00,2.81
TK00002126,P000484,T0000158,S0043,S0079,2025-01-01 08:15:00,2.37
TK00002127,P000852,T0001859,S0031,S0055,2025-01-01 08:15:00,3.44
TK00002128,P000731,T0001072,S0054,S0016,2025-01-01 08:15:00,3.15
TK00002129,P000779,T0000321,S0040,S0029,2025-01-01 08:15:00,1.9
TK00002130,P000137,T0000229,S0018,S0042,2025-01-01 08:15:00,3.83
TK00002131,P000105,T0001626,S0078,S0075,2025-01-01 08:15:00,3.48
TK00002132,P000618,T0001992,S0031,S0005,2025-01-01 08:15:00,1.92
TK00002133,P000066,T0001966,S0027,S0032,2025-01-01 08:15:00,3.41
TK00002134,P000271,T0001551,S0042,S0037,2025-01-01 08:15:00,4.52
TK00002135,P000243,T0001457,S0004,S0011,2025-01-01 08:15:00,1.91
TK00002136,P000967,T0000912,S0089,S0067,2025-01-01 08:15:00,3.4
TK00002137,P000921,T0000822,S0073,S0048,2025-01-01 08:15:00,2.56
TK00002138,P000171,T0001602,S0046,S0042,2025-01-01 08:15:00,1.78
TK00002139,P000588,T0001537,S0056,S0078,2025-01-01 08:15:00,3.32
TK00002140,P000727,T0000816,S0083,S0020,2025-01-01 08:15:00,4.63
TK00002141,P000301,T0000338,S0001,S0005,2025-01-01 08:15:00,4.75
TK00002142,P000351,T0000785,S0019,S0006,2025-01-01 08:15:00,2.14
TK00002143,P000897,T0000868,S0077,S0055,2025-01-01 08:15:00,3.35
TK00002144,P000142,T0000465,S0097,S0086,2025-01-01 08:15:00,2.53
TK00002145,P000674,T0000991,S0070,S0086,2025-01-01 08:15:00,4.16
TK00002146,P000543,T0000612,S0036,S0099,2025-01-01 08:15:00,2.05
TK00002147,P000170,T0000981,S0095,S0073,2025-01-01 08:15:00,4.66
TK00002148,P000480,T0000116,S0099,S0045,2025-01-01 08:15:00,4.6
TK00002149,P000127,T0000630,S0081,S0053,2025-01-01 08:15:00,4.84
TK00002150,P000103,T0001424,S0092,S0097,2025-01-01 08:15:00,2.04
TK00002151,P000141,T0001148,S0037,S0028,2025-01-01 08:15:00,4.48
TK00002152,P000800,T0000328,S0014,S0054,2025-01-01 08:15:00,4.67
TK00002153,P000980,T0001932,S0065,S0078,2025-01-01 08:15:00,3.74
TK00002154,P000575,T0001263,S0092,S0097,2025-01-01 08:15:00,2.93
TK00002155,P000571,T0000919,S0069,S0048,2025-01-01 08:15:00,4.72
TK00002156,P000810,T0000564,S0030,S0077,2025-01-01 08:15:00,4.71
TK00002157,P000661,T0001099,S0033,S0066,2025-01-01 08:15:00,3.92
TK00002158,P000850,T0000867,S0003,S0044,2025-01-01 08:15:00,3.3
TK00002159,P000186,T0001462,S0089,S0061,2025-01-01 08:15:00,4.47
TK00002160,P000870,T0000593,S0065,S0094,2025-01-01 08:15:00,3.98
TK00002161,P000384,T0000454,S0011,S0015,2025-01-01 08:15:00,1.88
TK00002162,P000196,T0001235,S0037,S0038,2025-01-01 08:15:00,2.31
TK00002163,P000938,T0000837,S0054,S0038,2025-01-01 08:15:00,4.58
TK00002164,P000600,T0000862,S0030,S0069,2025-01-01 08:15:00,1.64
TK00002165,P000365,T0000730,S0018,S0027,2025-01-01 08:15:00,3.32
TK00002166,P000755,T0000785,S0061,S0028,2025-01-01 08:15:00,3.21
TK00002167,P000532,T0000682,S0006,S0051,2025-01-01 08:15:00,2.25
TK00002168,P000251,T0001533,S0090,S0020,2025-01-01 08:15:00,2.07
TK00002169,P000153,T0001160,S0016,S0099,2025-01-01 08:15:00,1.78
TK00002170,P000623,T0001269,S0049,S0060,2025-01-01 08:15:00,2.4
TK00002171,P000683,T0000269,S0062,S0093,2025-01-01 08:15:00,2.63
TK00002172,P000051,T0001426,S0012,S0057,2025-01-01 08:15:00,3.1
TK00002173,P000134,T0001319,S0003,S0074,2025-01-01 08:15:00,3.51
TK00002174,P000084,T0001596,S0072,S0069,2025-01-01 08:15:00,2.04
TK00002175,P000120,T0000288,S0003,S0023,2025-01-01 08:15:00,4.23
TK00002176,P000586,T0000484,S0076,S0092,2025-01-01 08:15:00,4.77
TK00002177,P000856,T0001326,S0028,S0085,2025-01-01 08:15:00,4.67
TK00002178,P000963,T0001803,S0071,S0041,2025-01-01 08:15:00,1.56
TK00002179,P000821,T0001057,S0053,S0002,2025-01-01 08:15:00,4.48
TK00002180,P000247,T0001500,S0086,S0075,2025-01-01 08:15:00,3.21
TK00002181,P000623,T0001242,S0052,S0046,2025-01-01 08:15:00,3.62
TK00002182,P000443,T0001613,S0042,S0079,2025-01-01 08:15:00,2.25
TK00002183,P000770,T0001286,S0072,S0041,2025-01-01 08:15:00,2.68
TK00002184,P000085,T0000064,S0051,S0096,2025-01-01 08:15:00,2.28
TK00002185,,T0000714,S0096,S0027,2025-01-01 08:15:00,4.08
TK00002186,P000923,T0000854,S0047,S0057,2025-01-01 08:15:00,4.33
TK00002187,P000644,T0001731,S0026,S0050,2025-01-01 08:15:00,4.29
TK00002188,P000678,T0000031,S0006,S0072,2025-01-01 08:15:00,4.09
TK00002189,P000367,T0001589,S0012,S0073,2025-01-01 08:15:00,4.6
TK00002190,P000592,T0000532,S0082,S0012,2025-01-01 08:15:00,4.17
TK00002191,P000923,T0001195,S0047,S0028,2025-01-01 08:15:00,4.17
TK00002192,P000599,T0000541,S0083,S0048,2025-01-01 08:15:00,2.95
TK00002193,P000125,T0001057,S0006,S0069,2025-01-01 08:15:00,1.97
TK00002194,P000623,T0000602,S0073,S0028,2025-01-01 08:15:00,4.58
TK00002195,P000718,T0000174,S0034,S0013,2025-01-01 08:15:00,2.9
TK00002196,P000351,T0000063,S0086,S0007,2025-01-01 08:15:00,2.39
TK00002197,P000934,T0000860,S0008,S0046,2025-01-01 08:15:00,1.86
TK00002198,P000604,T0000195,S0089,S0084,2025-01-01 08:15:00,3.32
TK00002199,P000167,T0001540,S0014,S0011,2025-01-01 08:15:00,2.27
TK00002200,P000488,T0000838,S0098,S0087,2025-01-01 08:15:00,2.49
TK00002201,P000505,T0000304,S0079,S0071,2025-01-01 08:15:00,4.38
TK00002202,P000814,T0000453,S0017,S0060,2025-01-01 08:15:00,2.05
TK00002203,P000101,T0001429,S0068,S0068,2025-01-01 08:15:00,1.78
TK00002204,P000235,T0000098,S0045,S0082,2025-01-01 08:15:00,4.41
TK00002205,P000971,T0000966,S0049,S0015,2025-01-01 08:15:00,4.88
TK00002206,P000950,T0001319,S0048,S0090,2025-01-01 08:15:00,4.45
TK00002207,P000583,T0001377,S0011,S0065,2025-01-01 08:15:00,2.76
TK00002208,P000301,T0000382,S0087,S0083,2025-01-01 08:15:00,4.12
TK00002209,P000180,T0001848,S0038,S0062,2025-01-01 08:15:00,1.77
TK00002210,P000409,T0000941,S0072,S0063,2025-01-01 08:15:00,3.54
TK00002211,P000949,T0001284,S0018,S0036,2025-01-01 08:15:00,3.88
TK00002212,P000349,T0001033,S0032,S0023,2025-01-01 08:15:00,4.21
TK00002213,P000336,T0000096,S0077,S0072,2025-01-01 08:15:00,2.3
TK00002214,P000979,T0000543,S0069,S0056,2025-01-01 08:15:00,3.84
TK00002215,P000654,T0000717,S0088,S0100,2025-01-01 08:15:00,1.61
TK00002216,P000658,T0001371,S0037,S0082,2025-01-01 08:15:00,2.76
TK00002217,P000212,T0001885,S0088,S0044,2025-01-01 08:15:00,3.79
TK00002218,P000704,T0000712,S0012,S0064,2025-01-01 08:15:00,3.0
TK00002219,P000306,T0001825,S0055,S0096,2025-01-01 08:15:00,4.81
TK00002220,P000225,T0000252,S0086,S0099,2025-01-01 08:15:00,2.33
TK00002221,P000348,T0000858,S0087,S0023,2025-01-01 08:15:00,3.13
TK00002222,P000896,T0000028,S0088,S0027,2025-01-01 08:15:00,2.96
TK00002223,P000331,T0001989,S0021,S0014,2025-01-01 08:15:00,2.08
TK00002224,P000271,T0000353,S0064,S0098,2025-01-01 08:15:00,4.63
TK00002225,,T0001778,S0062,S0034,2025-01-01 08:15:00,4.49
TK00002226,P000977,T0000319,S0059,S0061,2025-01-01 08:15:00,4.13
TK00002227,P000629,T0001006,S0050,S0023,2025-01-01 08:15:00,1.56
TK00002228,P000357,T0000877,S0074,S0051,2025-01-01 08:15:00,3.65
TK00002229,P000179,T0000711,S0018,S0062,2025-01-01 08:15:00,2.69
TK00002230,P000173,T0000009,S0044,S0048,2025-01-01 08:15:00,2.14
TK00002231,P000217,T0000375,S0010,S0091,2025-01-01 08:15:00,1.64
TK00002232,P000030,T0000118,S0096,S0072,2025-01-01 08:15:00,2.12
TK00002233,P000550,T0000111,S0099,S0033,2025-01-01 08:15:00,2.66
TK00002234,P000646,T0001595,S0082,S0012,2025-01-01 08:15:00,4.09
TK00002235,P000006,T0000810,S0005,S0046,2025-01-01 08:15:00,3.8
TK00002236,P000888,T0000525,S0053,S0052,2025-01-01 08:15:00,3.52
TK00002237,P000564,T0001982,S0011,S0059,2025-01-01 08:15:00,2.82
TK00002238,P000085,T0001600,S0041,S0090,2025-01-01 08:15:00,4.12
TK00002239,P000055,T0000502,S0028,S0074,2025-01-01 08:15:00,1.59
TK00002240,P000571,T0000487,S0068,S0046,2025-01-01 08:15:00,2.91
TK00002241,P000582,T0000532,S0045,S0038,2025-01-01 08:15:00,2.8
TK00002242,P000612,T0001257,S0091,S0067,2025-01-01 08:15:00,3.57
TK00002243,P000376,T0000421,S0055,S0008,2025-01-01 08:15:00,2.11
TK00002244,P000619,T0001253,S0025,S0024,2025-01-01 08:15:00,1.57
TK00002245,P000970,T0001223,S0057,S0027,2025-01-01 08:15:00,2.41
TK00002246,P000794,T0001312,S0079,S0004,2025-01-01 08:15:00,3.63
TK00002247,P000340,T0001218,S0016,S0024,2025-01-01 08:15:00,3.95
TK00002248,P000268,T0000936,S0032,S0036,2025-01-01 08:15:00,3.18
TK00002249,P000428,T0001093,S0098,S0056,2025-01-01 08:15:00,4.74
TK00002250,P000008,T0001020,S0052,S0079,2025-01-01 08:15:00,4.67
TK00002251,P000904,T0001486,S0061,S0091,2025-01-01 08:15:00,1.65
TK00002252,P000633,T0000779,S0041,S0031,2025-01-01 08:15:00,2.58
TK00002253,P000478,T0000632,S0072,S0030,2025-01-01 08:15:00,3.79
TK00002254,P000531,T0000696,S0055,S0029,2025-01-01 08:15:00,4.75
TK00002255,P000043,T0000504,S0008,S0070,2025-01-01 08:15:00,2.14
TK00002256,P000146,T0001380,S0062,S0062,2025-01-01 08:15:00,4.9
TK00002257,P000479,T0000744,S0080,S0007,2025-01-01 08:15:00,2.15
TK00002258,P000725,T0001011,S0074,S0084,2025-01-01 08:15:00,1.83
TK00002259,P000454,T0000226,S0069,S0065,2025-01-01 08:15:00,2.64
TK00002259,P000454,T0000226,S0069,S0065,2025-01-01 08:15:00,2.64
TK00002260,P000119,T0000983,S0024,S0062,2025-01-01 08:15:00,2.87
TK00002261,P000967,T0000616,S0040,S0031,2025-01-01 08:15:00,2.25
TK00002262,P000335,T0001984,S0089,S0040,2025-01-01 08:15:00,3.46
TK00002263,P000751,T0001732,S0013,S0066,2025-01-01 08:15:00,2.93
TK00002264,P000879,T0001887,S0073,S0084,2025-01-01 08:15:00,3.47
TK00002265,P000056,T0001418,S0058,S0029,2025-01-01 08:15:00,1.74
TK00002266,P000954,T0001295,S0059,S0002,2025-01-01 08:15:00,3.15
TK00002267,P000390,T0000327,S0030,S0029,2025-01-01 08:15:00,4.15
TK00002268,P000340,T0001340,S0100,S0050,2025-01-01 08:15:00,3.28
TK00002269,P000384,T0000603,S0024,S0080,2025-01-01 08:15:00,2.17
TK00002270,P000292,T0000879,S0091,S0031,2025-01-01 08:15:00,3.28
TK00002271,P000682,T0000453,S0041,S0079,2025-01-01 08:15:00,1.84
TK00002272,P000035,T0001734,S0067,S0083,2025-01-01 08:15:00,4.92
TK00002273,P000254,T0000600,S0056,S0064,2025-01-01 08:15:00,1.72
TK00002274,P000099,T0001826,S0026,S0085,2025-01-01 08:15:00,2.29
TK00002275,P000127,T0000357,S0056,S0051,2025-01-01 08:15:00,2.97
TK00002276,P000485,T0001652,S0076,S0076,2025-01-01 08:15:00,4.17
TK00002277,P000985,T0001192,S0016,S0076,2025-01-01 08:15:00,4.05
TK00002278,P000856,T0000511,S0075,S0056,2025-01-01 08:15:00,2.83
TK00002279,P000850,T0001287,S0057,S0052,2025-01-01 08:15:00,1.9
TK00002280,P000151,T0000569,S0027,S0077,2025-01-01 08:15:00,4.05
TK00002281,P000074,T0001605,S0071,S0039,2025-01-01 08:15:00,3.86
TK00002282,P000342,T0000304,S0020,S0069,2025-01-01 08:15:00,3.24
TK00002283,P000482,T0001545,S0050,S0031,2025-01-01 08:15:00,4.09
TK00002284,P000809,T0001951,S0023,S0061,2025-01-01 08:15:00,2.71
TK00002285,P000379,T0000651,S0047,S0093,2025-01-01 08:15:00,4.66
TK00002286,P000333,T0001320,S0040,S0087,2025-01-01 08:15:00,1.58
TK00002287,P000596,T0001535,S0062,S0043,2025-01-01 08:15:00,2.39
TK00002288,P000320,T0001910,S0078,S0019,2025-01-01 08:15:00,5.0
TK00002289,P000758,T0001618,S0083,S0089,2025-01-01 08:15:00,2.14
TK00002289,P000758,T0001618,S0083,S0089,2025-01-01 08:15:00,2.14
TK00002290,P000443,T0000721,S0006,S0031,2025-01-01 08:15:00,3.49
TK00002291,P000132,T0001383,S0045,S0035,2025-01-01 08:15:00,2.54
TK00002292,P000471,T0001329,S0034,S0030,2025-01-01 08:15:00,4.27
TK00002293,P000614,T0000626,S0089,S0001,2025-01-01 08:15:00,1.67
TK00002294,P000333,T0001147,S0068,S0063,2025-01-01 08:15:00,3.52
TK00002295,P000567,T0001137,S0070,S0085,2025-01-01 08:15:00,4.17
TK00002296,P000314,T0001725,S0017,S0084,2025-01-01 08:15:00,3.07
TK00002297,P000643,T0000620,S0007,S0072,2025-01-01 08:15:00,4.49
TK00002298,P000218,T0000501,S0080,S0025,2025-01-01 08:15:00,3.59
TK00002299,P000394,T0001672,S0013,S0061,2025-01-01 08:15:00,1.94
TK00002300,P000307,T0000205,S0048,S0019,2025-01-01 08:15:00,4.22
TK00002301,P000788,T0001106,S0038,S0050,2025-01-01 08:15:00,1.97
TK00002302,P000071,T0000738,S0009,S0002,2025-01-01 08:15:00,1.52
TK00002303,P000022,T0001657,S0096,S0035,2025-01-01 08:15:00,3.67
TK00002304,P000663,T0000881,S0048,S0034,2025-01-01 08:15:00,4.64
TK00002305,P000561,T0001162,S0050,S0034,2025-01-01 08:15:00,4.41
TK00002306,P000230,T0000222,S0065,S0020,2025-01-01 08:15:00,2.35
TK00002307,P000098,T0000069,S0028,S0029,2025-01-01 08:15:00,4.79
TK00002308,P000223,T0001103,S0095,S0047,2025-01-01 08:15:00,2.39
TK00002309,P000848,T0000309,S0098,S0011,2025-01-01 08:15:00,4.95
TK00002310,P000606,T0001482,S0069,S0071,2025-01-01 08:15:00,1.75
TK00002311,P000191,T0000833,S0033,S0040,2025-01-01 08:15:00,4.04
TK00002312,P000471,T0000061,S0047,S0098,2025-01-01 08:15:00,1.58
TK00002313,P000036,T0000140,S0084,S0037,2025-01-01 08:15:00,2.52
TK00002314,P000290,T0000317,S0086,S0082,2025-01-01 08:15:00,2.48
TK00002315,P000471,T0000581,S0086,S0055,2025-01-01 08:15:00,3.43
TK00002316,P000304,T0000868,S0070,S0058,2025-01-01 08:15:00,3.8
TK00002317,P000151,T0000787,S0063,S0045,2025-01-01 08:15:00,1.69
TK00002318,P000465,T0001537,S0037,S0013,2025-01-01 08:15:00,2.3
TK00002319,P000731,T0000300,S0019,S0012,2025-01-01 08:15:00,3.01
TK00002320,P000711,T0001136,S0036,S0010,2025-01-01 08:15:00,4.1
TK00002321,P000337,T0001461,S0095,S0045,2025-01-01 08:15:00,4.61
TK00002322,P000921,T0001646,S0097,S0045,2025-01-01 08:15:00,2.49
TK00002323,P000207,T0000091,S0029,S0081,2025-01-01 08:15:00,4.71
TK00002324,P000604,T0001188,S0080,S0073,2025-01-01 08:15:00,2.9
TK00002325,P000835,T0001188,S0061,S0061,2025-01-01 08:15:00,4.49
TK00002326,P000354,T0000928,S0094,S0055,2025-01-01 08:15:00,2.57
TK00002327,P000888,T0001628,S0076,S0072,2025-01-01 08:15:00,3.68
TK00002328,P000031,T0001206,S0061,S0067,2025-01-01 08:15:00,3.56
TK00002329,P000770,T0000966,S0023,S0091,2025-01-01 08:15:00,2.68
TK00002330,P000422,T0000467,S0100,S0015,2025-01-01 08:15:00,2.35
TK00002331,P000763,T0001841,S0027,S0039,2025-01-01 08:15:00,3.43
TK00002332,P000300,T0000417,S0066,S0049,2025-01-01 08:15:00,4.0
TK00002333,P000292,T0000687,S0014,S0077,2025-01-01 08:15:00,3.53
TK00002334,P000201,T0001270,S0012,S0049,2025-01-01 08:15:00,2.4
TK00002335,P000209,T0000696,S0028,S0023,2025-01-01 08:15:00,3.67
TK00002336,P000030,T0001768,S0033,S0038,2025-01-01 08:15:00,1.7
TK00002337,P000947,T0000758,S0055,S0078,2025-01-01 08:15:00,2.5
TK00002338,P000010,T0000765,S0054,S0026,2025-01-01 08:15:00,2.69
TK00002339,P000242,T0000731,S0016,S0042,2025-01-01 08:15:00,3.77
TK00002340,P000924,T0001277,S0004,S0075,2025-01-01 08:15:00,2.29
TK00002341,P000938,T0001248,S0027,S0087,2025-01-01 08:15:00,3.33
TK00002342,P000130,T0000249,S0098,S0085,2025-01-01 08:15:00,2.67
TK00002343,P000253,T0001456,S0073,S0086,2025-01-01 08:15:00,1.92
TK00002344,P000567,T0001578,S0007,S0075,2025-01-01 08:15:00,3.83
TK00002345,P000124,T0001490,S0018,S0052,2025-01-01 08:15:00,3.66
TK00002346,P000599,T0001002,S0042,S0076,2025-01-01 08:15:00,3.73
TK00002347,P000064,T0000484,S0075,S0019,2025-01-01 08:15:00,1.85
TK00002348,P000794,T0000147,S0052,S0070,2025-01-01 08:15:00,2.68
TK00002349,P000658,T0000807,S0013,S0043,2025-01-01 08:15:00,3.36
TK00002350,P000773,T0000898,S0034,S0051,2025-01-01 08:15:00,3.06
TK00002351,P000497,T0000489,S0022,S0073,2025-01-01 08:15:00,4.9
TK00002352,P000105,T0000694,S0004,S0025,2025-01-01 08:15:00,1.97
TK00002353,P000745,T0001030,S0057,S0002,2025-01-01 08:15:00,4.05
TK00002354,P000092,T0001555,S0001,S0004,2025-01-01 08:15:00,2.92
TK00002355,P000173,T0001229,S0004,S0099,2025-01-01 08:15:00,3.61
TK00002356,P000187,T0001987,S0084,S0046,2025-01-01 08:15:00,3.0
TK00002357,P000246,T0001321,S0046,S0043,2025-01-01 08:15:00,3.67
TK00002358,P000194,T0001223,S0043,S0033,2025-01-01 08:15:00,2.26
TK00002359,P000667,T0001421,S0034,S0066,2025-01-01 08:15:00,3.86
TK00002360,P000792,T0001108,S0061,S0028,2025-01-01 08:15:00,2.62
TK00002361,,T0000661,S0092,S0097,2025-01-01 08:15:00,4.95
TK00002362,P000955,T0000084,S0056,S0023,2025-01-01 08:15:00,4.2
TK00002363,P000523,T0000557,S0017,S0011,2025-01-01 08:15:00,3.93
TK00002364,P000392,T0000743,S0049,S0068,2025-01-01 08:15:00,3.66
TK00002364,P000392,T0000743,S0049,S0068,2025-01-01 08:15:00,3.66
TK00002365,P000734,T0000004,S0009,S0080,2025-01-01 08:15:00,3.19
TK00002366,P000472,T0000096,S0014,S0023,2025-01-01 08:15:00,3.59
TK00002367,P000133,T0000611,S0078,S0034,2025-01-01 08:15:00,1.53
TK00002368,P000712,T0000351,S0037,S0076,2025-01-01 08:15:00,3.54
TK00002369,P000982,T0000518,S0092,S0026,2025-01-01 08:15:00,4.37
TK00002370,P000136,T0000745,S0029,S0080,2025-01-01 08:15:00,4.99
TK00002371,P000114,T0000210,S0062,S0044,2025-01-01 08:15:00,1.52
TK00002372,P000128,T0001161,S0029,S0098,2025-01-01 08:15:00,2.43
TK00002373,P000874,T0000179,S0019,S0042,2025-01-01 08:15:00,3.25
TK00002374,P000948,T0000757,S0057,S0020,2025-01-01 08:15:00,1.7
TK00002375,P000822,T0000143,S0090,S0046,2025-01-01 08:15:00,4.96
TK00002376,P000557,T0000820,S0031,S0071,2025-01-01 08:15:00,3.04
TK00002377,P000545,T0000014,S0091,S0016,2025-01-01 08:15:00,3.75
TK00002378,P000424,T0001582,S0080,S0099,2025-01-01 08:15:00,3.38
TK00002379,P000770,T0000800,S0028,S0004,2025-01-01 08:15:00,3.3
TK00002380,P000092,T0000386,S0100,S0066,2025-01-01 08:15:00,2.9
TK00002381,P000951,T0001876,S0034,S0083,2025-01-01 08:15:00,3.2
TK00002382,P000879,T0000332,S0068,S0008,2025-01-01 08:15:00,2.11
TK00002383,P000531,T0000251,S0097,S0098,2025-01-01 08:15:00,3.76
TK00002384,P000780,T0001234,S0015,S0056,2025-01-01 08:15:00,4.54
TK00002385,P000808,T0000807,S0034,S0027,2025-01-01 08:15:00,3.58
TK00002386,P000636,T0000732,S0100,S0033,2025-01-01 08:15:00,4.82
TK00002387,P000883,T0000779,S0053,S0044,2025-01-01 08:15:00,3.41
TK00002388,P000208,T0000339,S0063,S0043,2025-01-01 08:15:00,4.61
TK00002389,P000056,T0000096,S0054,S0096,2025-01-01 08:15:00,2.48
TK00002390,P000017,T0000297,S0017,S0030,2025-01-01 08:15:00,4.37
TK00002391,P000579,T0000737,S0010,S0041,2025-01-01 08:15:00,1.63
TK00002392,P000705,T0001208,S0066,S0048,2025-01-01 08:15:00,1.87
TK00002393,P000067,T0001449,S0093,S0008,2025-01-01 08:15:00,1.95
TK00002394,P000538,T0001005,S0089,S0043,2025-01-01 08:15:00,2.02
TK00002395,P000009,T0001498,S0056,S0021,2025-01-01 08:15:00,4.94
TK00002396,P000447,T0001710,S0039,S0032,2025-01-01 08:15:00,2.91
TK00002397,P000104,T0001374,S0064,S0012,2025-01-01 08:15:00,4.96
TK00002398,P000071,T0000314,S0058,S0011,2025-01-01 08:15:00,3.51
TK00002399,P000973,T0001813,S0017,S0078,2025-01-01 08:15:00,4.3
TK00002400,P000851,T0000371,S0045,S0051,2025-01-01 08:15:00,4.57
TK00002401,P000243,T0000935,S0089,S0067,2025-01-01 08:15:00,2.83
TK00002402,P000793,T0001401,S0032,S0056,2025-01-01 08:15:00,3.87
TK00002403,P000033,T0000658,S0028,S0007,2025-01-01 08:15:00,3.92
TK00002404,P000311,T0001135,S0033,S0028,2025-01-01 08:15:00,4.11
TK00002405,P000161,T0000198,S0051,S0085,2025-01-01 08:15:00,2.86
TK00002406,P000062,T0001924,S0003,S0051,2025-01-01 08:15:00,4.66
TK00002407,P000400,T0001405,S0022,S0008,2025-01-01 08:15:00,2.6
TK00002408,P000811,T0001004,S0001,S0081,2025-01-01 08:15:00,3.0
TK00002409,P000559,T0001728,S0074,S0026,2025-01-01 08:15:00,4.25
TK00002410,P000908,T0000118,S0076,S0043,2025-01-01 08:15:00,2.98
TK00002411,P000508,T0000814,S0081,S0080,2025-01-01 08:15:00,3.36
TK00002412,P000620,T0001592,S0089,S0012,2025-01-01 08:15:00,1.99
TK00002413,P000819,T0000225,S0079,S0076,2025-01-01 08:15:00,2.01
TK00002414,P000234,T0001612,S0074,S0082,2025-01-01 08:15:00,2.91
TK00002415,P000119,T0001464,S0014,S0023,2025-01-01 08:15:00,2.65
TK00002416,P000964,T0001654,S0043,S0069,2025-01-01 08:15:00,3.17
TK00002417,P000567,T0000315,S0012,S0079,2025-01-01 08:15:00,2.63
TK00002418,P000014,T0001798,S0092,S0037,2025-01-01 08:15:00,4.09
TK00002419,P000598,T0001790,S0004,S0045,2025-01-01 08:15:00,2.9
TK00002420,P000971,T0001459,S0027,S0028,2025-01-01 08:15:00,3.47
TK00002421,P000592,T0001601,S0036,S0058,2025-01-01 08:15:00,3.19
TK00002422,P000500,T0001815,S0026,S0065,2025-01-01 08:15:00,3.33
TK00002423,P000404,T0001463,S0078,S0009,2025-01-01 08:15:00,4.33
TK00002423,P000404,T0001463,S0078,S0009,2025-01-01 08:15:00,4.33
TK00002424,P000912,T0000930,S0011,S0031,2025-01-01 08:15:00,3.68
TK00002425,P000644,T0001735,S0071,S0092,2025-01-01 08:15:00,1.5
TK00002426,P000530,T0001380,S0090,S0008,2025-01-01 08:15:00,3.87
TK00002427,P000539,T0000528,S0025,S0016,2025-01-01 08:15:00,2.79
TK00002428,P000196,T0001436,S0014,S0069,2025-01-01 08:15:00,4.73
TK00002429,P000364,T0001903,S0087,S0099,2025-01-01 08:15:00,4.11
TK00002430,P000038,T0000359,S0019,S0048,2025-01-01 08:15:00,3.45
TK00002431,P000223,T0000802,S0050,S0004,2025-01-01 08:15:00,2.93
TK00002432,P000963,T0000899,S0049,S0024,2025-01-01 08:15:00,3.9
TK00002433,P000311,T0000945,S0030,S0053,2025-01-01 08:15:00,4.5
TK00002434,P000875,T0001856,S0054,S0089,2025-01-01 08:15:00,1.52
TK00002435,P000415,T0001791,S0008,S0023,2025-01-01 08:15:00,2.69
TK00002436,P000435,T0000584,S0002,S0087,2025-01-01 08:15:00,4.13
TK00002437,P000622,T0000601,S0100,S0069,2025-01-01 08:15:00,4.02
TK00002438,P000927,T0000164,S0088,S0024,2025-01-01 08:15:00,1.52
TK00002439,P000670,T0001908,S0099,S0082,2025-01-01 08:15:00,2.84
TK00002440,P000274,T0001596,S0031,S0001,2025-01-01 08:15:00,3.56
TK00002441,P000211,T0001714,S0084,S0093,2025-01-01 08:15:00,3.31
TK00002442,,T0001768,S0050,S0029,2025-01-01 08:15:00,4.01
TK00002443,P000565,T0001184,S0090,S0096,2025-01-01 08:15:00,2.12
TK00002444,P000153,T0001022,S0004,S0046,2025-01-01 08:15:00,4.0
TK00002445,P000751,T0001837,S0096,S0015,2025-01-01 08:15:00,2.78
TK00002446,P000729,T0000321,S0066,S0004,2025-01-01 08:15:00,1.68
TK00002447,P000699,T0000763,S0084,S0060,2025-01-01 08:15:00,2.27
TK00002448,P000691,T0001038,S0043,S0021,2025-01-01 08:15:00,4.97
TK00002449,P000953,T0001060,S0057,S0006,2025-01-01 08:15:00,4.92
TK00002450,P000770,T0000971,S0060,S0016,2025-01-01 08:15:00,3.31
TK00002451,P000913,T0001567,S0025,S0008,2025-01-01 08:15:00,4.42
TK00002452,P000848,T0001646,S0017,S0084,2025-01-01 08:15:00,2.58
TK00002453,P000666,T0000151,S0086,S0035,2025-01-01 08:15:00,3.34
TK00002454,P000019,T0001724,S0057,S0078,2025-01-01 08:15:00,3.21
TK00002455,P000035,T0001496,S0026,S0058,2025-01-01 08:15:00,1.97
TK00002455,P000035,T0001496,S0026,S0058,2025-01-01 08:15:00,1.97
TK00002456,P000059,T0001395,S0040,S0089,2025-01-01 08:15:00,4.13
TK00002457,P000321,T0000089,S0015,S0070,2025-01-01 08:15:00,1.56
TK00002458,P000047,T0001519,S0091,S0005,2025-01-01 08:15:00,3.15
TK00002459,P000051,T0000972,S0014,S0016,2025-01-01 08:15:00,3.34
TK00002460,P000941,T0000308,S0085,S0097,2025-01-01 08:15:00,2.41
TK00002461,P000170,T0000276,S0076,S0078,2025-01-01 08:15:00,4.12
TK00002462,P000960,T0000456,S0063,S0066,2025-01-01 08:15:00,3.41
TK00002463,P000836,T0001140,S0086,S0034,2025-01-01 08:15:00,3.4
TK00002464,P000427,T0000659,S0064,S0026,2025-01-01 08:15:00,4.11
TK00002465,P000653,T0001510,S0086,S0013,2025-01-01 08:15:00,4.25
TK00002466,P000943,T0000799,S0043,S0057,2025-01-01 08:15:00,4.93
TK00002467,P000632,T0000630,S0028,S0073,2025-01-01 08:15:00,4.66
TK00002468,P000961,T0000826,S0085,S0021,2025-01-01 08:15:00,2.92
TK00002469,P000462,T0001234,S0070,S0066,2025-01-01 08:15:00,2.25
TK00002470,P000569,T0001752,S0046,S0074,2025-01-01 08:15:00,3.82
TK00002471,P000430,T0001853,S0009,S0081,2025-01-01 08:15:00,1.52
TK00002472,P000027,T0000518,S0089,S0075,2025-01-01 08:15:00,1.73
TK00002473,P000163,T0000060,S0072,S0068,2025-01-01 08:15:00,4.99
TK00002474,P000460,T0000229,S0002,S0092,2025-01-01 08:15:00,4.1
TK00002475,P000661,T0000778,S0020,S0053,2025-01-01 08:15:00,4.23
TK00002475,P000661,T0000778,S0020,S0053,2025-01-01 08:15:00,4.23
TK00002476,P000125,T0001436,S0020,S0087,2025-01-01 08:15:00,2.49
TK00002477,P000897,T0001971,S0026,S0055,2025-01-01 08:15:00,1.74
TK00002478,P000079,T0000796,S0055,S0085,2025-01-01 08:15:00,2.33
TK00002479,P000623,T0001262,S0005,S0062,2025-01-01 08:15:00,3.64
TK00002480,P000806,T0000577,S0069,S0056,2025-01-01 08:15:00,2.76
TK00002481,P000982,T0000964,S0019,S0093,2025-01-01 08:15:00,4.9
TK00002482,P000514,T0001879,S0008,S0017,2025-01-01 08:15:00,3.98
TK00002483,P000291,T0001366,S0076,S0015,2025-01-01 08:15:00,1.73
TK00002484,P000934,T0000869,S0050,S0033,2025-01-01 08:15:00,2.11
TK00002485,P000868,T0000714,S0003,S0033,2025-01-01 08:15:00,3.38
TK00002486,P000525,T0001981,S0018,S0036,2025-01-01 08:15:00,2.17
TK00002487,P000831,T0001215,S0096,S0001,2025-01-01 08:15:00,3.81
TK00002488,P000226,T0000994,S0082,S0043,2025-01-01 08:15:00,2.28
TK00002489,P000580,T0000885,S0084,S0070,2025-01-01 08:15:00,3.11
TK00002490,P000817,T0000608,S0098,S0054,2025-01-01 08:15:00,3.3
TK00002491,P000661,T0001396,S0070,S0086,2025-01-01 08:15:00,2.67
TK00002492,P000102,T0001000,S0011,S0083,2025-01-01 08:15:00,2.33
TK00002493,P000189,T0000182,S0096,S0033,2025-01-01 08:15:00,1.97
TK00002494,P000433,T0001307,S0043,S0001,2025-01-01 08:15:00,4.69
TK00002495,P000719,T0001541,S0070,S0048,2025-01-01 08:15:00,2.83
TK00002496,P000653,T0000840,S0064,S0028,2025-01-01 08:15:00,4.57
TK00002497,P000945,T0000828,S0014,S0018,2025-01-01 08:15:00,4.64
TK00002498,P000825,T0001469,S0016,S0090,2025-01-01 08:15:00,1.61
TK00002499,P000643,T0001173,S0038,S0064,2025-01-01 08:15:00,2.03
TK00002500,P000516,T0000984,S0079,S0058,2025-01-01 08:15:00,3.96
TK00002501,P000973,T0001440,S0092,S0096,2025-01-01 08:15:00,2.47
TK00002502,P000298,T0001439,S0041,S0093,2025-01-01 08:15:00,3.26
TK00002502,P000298,T0001439,S0041,S0093,2025-01-01 08:15:00,3.26
TK00002503,P000941,T0000146,S0008,S0093,2025-01-01 08:15:00,2.15
TK00002504,P000747,T0001771,S0060,S0003,2025-01-01 08:15:00,2.17
TK00002505,P000816,T0000583,S0003,S0038,2025-01-01 08:15:00,4.87
TK00002506,P000849,T0001672,S0077,S0082,2025-01-01 08:15:00,4.68
TK00002507,P000845,T0000376,S0055,S0050,2025-01-01 08:15:00,3.18
TK00002508,P000685,T0001202,S0039,S0090,2025-01-01 08:15:00,2.37
TK00002509,P000710,T0001635,S0080,S0059,2025-01-01 08:15:00,4.63
TK00002510,P000121,T0000775,S0023,S0042,2025-01-01 08:15:00,3.63
TK00002511,P000454,T0001900,S0067,S0057,2025-01-01 08:15:00,4.89
TK00002512,P000901,T0000542,S0006,S0068,2025-01-01 08:15:00,2.66
TK00002513,P000830,T0000426,S0009,S0068,2025-01-01 08:15:00,2.23
TK00002514,P000637,T0000381,S0072,S0099,2025-01-01 08:15:00,3.26
TK00002515,P000059,T0001885,S0077,S0087,2025-01-01 08:15:00,2.36
TK00002516,P000503,T0000798,S0033,S0020,2025-01-01 08:15:00,2.91
TK00002517,P000917,T0001845,S0031,S0051,2025-01-01 08:15:00,4.18
TK00002518,P000742,T0001176,S0046,S0078,2025-01-01 08:15:00,2.71
TK00002519,P000879,T0000158,S0054,S0096,2025-01-01 08:15:00,2.76
TK00002520,P000402,T0001282,S0067,S0038,2025-01-01 08:15:00,2.05
TK00002521,P000934,T0000106,S0047,S0028,2025-01-01 08:15:00,3.7
TK00002522,P000714,T0001839,S0097,S0048,2025-01-01 08:15:00,3.91
TK00002523,P000020,T0001463,S0060,S0048,2025-01-01 08:15:00,2.42
TK00002524,P000590,T0001493,S0029,S0090,2025-01-01 08:15:00,2.95
TK00002525,P000856,T0000908,S0002,S0013,2025-01-01 08:15:00,3.93
TK00002526,P000223,T0000370,S0008,S0002,2025-01-01 08:15:00,2.78
TK00002527,P000874,T0001822,S0065,S0043,2025-01-01 08:15:00,4.93
TK00002528,P000175,T0000733,S0050,S0008,2025-01-01 08:15:00,1.99
TK00002529,P000968,T0001324,S0046,S0044,2025-01-01 08:15:00,4.33
TK00002530,P000158,T0001840,S0053,S0046,2025-01-01 08:15:00,1.54
TK00002531,P000190,T0000326,S0030,S0019,2025-01-01 08:15:00,3.94
TK00002532,P000488,T0000529,S0091,S0014,2025-01-01 08:15:00,1.83
TK00002533,P000818,T0001570,S0071,S0017,2025-01-01 08:15:00,3.48
TK00002534,P000009,T0001569,S0027,S0063,2025-01-01 08:15:00,4.17
TK00002535,P000782,T0000819,S0080,S0065,2025-01-01 08:15:00,2.03
TK00002536,P000134,T0001218,S0070,S0039,2025-01-01 08:15:00,4.28
TK00002537,P000199,T0000272,S0100,S0064,2025-01-01 08:15:00,2.4
TK00002538,P000491,T0000861,S0058,S0084,2025-01-01 08:15:00,4.85
TK00002539,P000307,T0001941,S0038,S0008,2025-01-01 08:15:00,4.45
TK00002540,P000303,T0000688,S0064,S0054,2025-01-01 08:15:00,1.51
TK00002541,P000514,T0000611,S0080,S0044,2025-01-01 08:15:00,2.2
TK00002542,P000626,T0000827,S0060,S0001,2025-01-01 08:15:00,1.52
TK00002543,P000136,T0001064,S0016,S0006,2025-01-01 08:15:00,3.77
TK00002544,P000528,T0000375,S0074,S0083,2025-01-01 08:15:00,2.65
TK00002545,P000984,T0000562,S0038,S0029,2025-01-01 08:15:00,4.84
TK00002546,P000800,T0000148,S0063,S0052,2025-01-01 08:15:00,3.07
TK00002547,P000738,T0000394,S0037,S0088,2025-01-01 08:15:00,2.91
TK00002548,P000976,T0001709,S0039,S0078,2025-01-01 08:15:00,1.93
TK00002549,P000935,T0001587,S0055,S0026,2025-01-01 08:15:00,2.42
TK00002550,P000962,T0000432,S0046,S0033,2025-01-01 08:15:00,4.08
TK00002551,P000371,T0000446,S0055,S0028,2025-01-01 08:15:00,4.47
TK00002552,P000131,T0000157,S0091,S0014,2025-01-01 08:15:00,2.05
TK00002553,P000938,T0001774,S0010,S0001,2025-01-01 08:15:00,2.29
TK00002554,P000421,T0001544,S0045,S0058,2025-01-01 08:15:00,3.07
TK00002555,P000039,T0001035,S0059,S0079,2025-01-01 08:15:00,4.24
TK00002556,P000424,T0000250,S0091,S0092,2025-01-01 08:15:00,2.79
TK00002557,,T0001464,S0066,S0025,2025-01-01 08:15:00,4.45
TK00002558,P000106,T0001916,S0007,S0019,2025-01-01 08:15:00,4.2
TK00002559,P000831,T0000451,S0020,S0038,2025-01-01 08:15:00,4.44
TK00002560,P000561,T0001546,S0072,S0004,2025-01-01 08:15:00,2.9
TK00002561,P000088,T0000382,S0012,S0082,2025-01-01 08:15:00,4.47
TK00002562,P000246,T0001509,S0057,S0054,2025-01-01 08:15:00,4.55
TK00002563,P000647,T0001391,S0039,S0083,2025-01-01 08:15:00,1.86
TK00002564,P000527,T0001293,S0054,S0047,2025-01-01 08:15:00,4.27
TK00002565,P000052,T0001344,S0061,S0017,2025-01-01 08:15:00,2.5
TK00002566,P000953,T0001569,S0094,S0053,2025-01-01 08:15:00,2.64
TK00002566,P000953,T0001569,S0094,S0053,2025-01-01 08:15:00,2.64
TK00002567,P000321,T0001970,S0011,S0035,2025-01-01 08:15:00,4.78
TK00002568,P000687,T0001817,S0096,S0097,2025-01-01 08:15:00,4.0
TK00002569,P000889,T0001274,S0084,S0084,2025-01-01 08:15:00,3.24
TK00002570,P000496,T0000708,S0090,S0049,2025-01-01 08:15:00,2.44
TK00002571,P000031,T0000390,S0024,S0060,2025-01-01 08:15:00,3.58
TK00002572,P000259,T0000701,S0038,S0003,2025-01-01 08:15:00,4.41
TK00002573,P000091,T0001189,S0033,S0019,2025-01-01 08:15:00,4.13
TK00002574,P000351,T0000165,S0092,S0018,2025-01-01 08:15:00,1.67
TK00002575,P000911,T0001015,S0021,S0084,2025-01-01 08:15:00,1.69
TK00002576,P000182,T0000742,S0067,S0007,2025-01-01 08:15:00,3.02
TK00002577,P000038,T0000993,S0064,S0089,2025-01-01 08:15:00,4.95
TK00002578,P000295,T0000711,S0021,S0049,2025-01-01 08:15:00,2.04
TK00002579,P000857,T0000827,S0036,S0051,2025-01-01 08:15:00,4.57
TK00002580,P000998,T0001808,S0063,S0023,2025-01-01 08:15:00,3.9
TK00002581,P000854,T0001568,S0049,S0100,2025-01-01 08:15:00,4.42
TK00002582,P000430,T0001157,S0042,S0070,2025-01-01 08:15:00,4.92
TK00002583,P000106,T0000156,S0077,S0100,2025-01-01 08:15:00,4.75
TK00002584,P000623,T0001131,S0055,S0014,2025-01-01 08:15:00,3.25
TK00002585,P000247,T0000326,S0040,S0018,2025-01-01 08:15:00,3.7
TK00002586,P000210,T0000770,S0075,S0006,2025-01-01 08:15:00,4.37
TK00002587,P000200,T0000064,S0047,S0090,2025-01-01 08:15:00,1.77
TK00002588,P000938,T0000445,S0015,S0043,2025-01-01 08:15:00,1.58
TK00002589,P000915,T0001905,S0008,S0016,2025-01-01 08:15:00,2.03
TK00002590,P000907,T0000863,S0019,S0062,2025-01-01 08:15:00,3.87
TK00002591,P000302,T0000204,S0075,S0026,2025-01-01 08:15:00,3.66
TK00002592,P000191,T0000699,S0018,S0064,2025-01-01 08:15:00,4.2
TK00002593,P000623,T0001628,S0048,S0005,2025-01-01 08:15:00,4.62
TK00002594,P000451,T0001935,S0091,S0079,2025-01-01 08:15:00,4.76
TK00002595,P000232,T0001312,S0055,S0024,2025-01-01 08:15:00,2.74
TK00002596,P000213,T0000207,S0059,S0014,2025-01-01 08:15:00,1.76
TK00002597,P000239,T0000763,S0009,S0010,2025-01-01 08:15:00,2.65
TK00002598,P000639,T0000357,S0056,S0056,2025-01-01 08:15:00,3.59
TK00002599,P000963,T0001743,S0071,S0019,2025-01-01 08:15:00,2.16
TK00002600,P000864,T0000227,S0008,S0095,2025-01-01 08:15:00,4.5
TK00002601,P000814,T0000177,S0016,S0059,2025-01-01 08:15:00,2.94
TK00002602,,T0001031,S0060,S0054,2025-01-01 08:15:00,4.57
TK00002603,P000514,T0001663,S0096,S0035,2025-01-01 08:15:00,4.77
TK00002604,P000906,T0001127,S0049,S0072,2025-01-01 08:15:00,3.61
TK00002605,P000282,T0000885,S0031,S0046,2025-01-01 08:15:00,4.35
TK00002606,P000020,T0001385,S0012,S0011,2025-01-01 08:15:00,1.76
TK00002607,P000144,T0001848,S0008,S0070,2025-01-01 08:15:00,3.67
TK00002608,P000167,T0001297,S0017,S0069,2025-01-01 08:15:00,1.94
TK00002609,P000934,T0000578,S0090,S0055,2025-01-01 08:15:00,4.56
TK00002610,P000587,T0001985,S0091,S0028,2025-01-01 08:15:00,3.16
TK00002611,P000110,T0001185,S0072,S0046,2025-01-01 08:15:00,3.86
TK00002612,P000890,T0001404,S0015,S0048,2025-01-01 08:15:00,3.89
TK00002613,P000812,T0001515,S0085,S0092,2025-01-01 08:15:00,2.47
TK00002614,P000238,T0000515,S0097,S0058,2025-01-01 08:15:00,4.16
TK00002615,P000102,T0001066,S0024,S0023,2025-01-01 08:15:00,3.07
TK00002616,P000676,T0000313,S0070,S0006,2025-01-01 08:15:00,3.0
TK00002617,P000505,T0001036,S0055,S0033,2025-01-01 08:15:00,3.11
TK00002618,P000070,T0001899,S0046,S0021,2025-01-01 08:15:00,2.2
TK00002619,P000931,T0000762,S0091,S0061,2025-01-01 08:15:00,4.98
TK00002620,P000967,T0000562,S0077,S0060,2025-01-01 08:15:00,1.96
TK00002621,P000581,T0000895,S0061,S0084,2025-01-01 08:15:00,2.09
TK00002622,P000786,T0001653,S0002,S0089,2025-01-01 08:15:00,2.8
TK00002623,P000265,T0000744,S0082,S0082,2025-01-01 08:15:00,2.39
TK00002624,P000131,T0000804,S0077,S0061,2025-01-01 08:15:00,4.52
TK00002625,P000771,T0001596,S0064,S0040,2025-01-01 08:15:00,4.4
TK00002625,P000771,T0001596,S0064,S0040,2025-01-01 08:15:00,4.4
TK00002626,P000182,T0000628,S0050,S0014,2025-01-01 08:15:00,4.86
TK00002627,P000352,T0001047,S0039,S0050,2025-01-01 08:15:00,3.0
TK00002628,P000427,T0000445,S0012,S0083,2025-01-01 08:15:00,2.22
TK00002629,P000976,T0000672,S0004,S0010,2025-01-01 08:15:00,4.23
TK00002630,P000278,T0000402,S0034,S0074,2025-01-01 08:15:00,4.01
TK00002631,P000120,T0001185,S0072,S0061,2025-01-01 08:15:00,3.43
TK00002632,P000978,T0001185,S0066,S0099,2025-01-01 08:15:00,4.4
TK00002633,P000354,T0000024,S0066,S0064,2025-01-01 08:15:00,4.01
TK00002634,P000639,T0000723,S0049,S0013,2025-01-01 08:15:00,4.56
TK00002635,P000554,T0001375,S0009,S0007,2025-01-01 08:15:00,4.93
TK00002636,,T0000746,S0090,S0007,2025-01-01 08:15:00,2.02
TK00002637,P000612,T0001370,S0073,S0083,2025-01-01 08:15:00,1.92
TK00002638,P000477,T0001825,S0068,S0094,2025-01-01 08:15:00,2.42
TK00002639,P000506,T0001515,S0070,S0024,2025-01-01 08:15:00,2.48
TK00002640,P000285,T0001208,S0053,S0011,2025-01-01 08:15:00,4.85
TK00002641,P000972,T0001776,S0025,S0015,2025-01-01 08:15:00,3.97
TK00002642,,T0000086,S0037,S0034,2025-01-01 08:15:00,1.98
TK00002643,P000234,T0001263,S0078,S0036,2025-01-01 08:15:00,2.67
TK00002644,P000658,T0000685,S0061,S0093,2025-01-01 08:15:00,3.79
TK00002645,P000033,T0001608,S0006,S0080,2025-01-01 08:15:00,3.73
TK00002646,P000028,T0001115,S0086,S0040,2025-01-01 08:15:00,2.81
TK00002647,P000524,T0000276,S0002,S0019,2025-01-01 08:15:00,4.47
TK00002648,P000607,T0001670,S0008,S0023,2025-01-01 08:15:00,3.48
TK00002649,P000723,T0001282,S0095,S0034,2025-01-01 08:15:00,2.15
TK00002650,P000982,T0000984,S0049,S0015,2025-01-01 08:15:00,1.69
TK00002651,P000256,T0000705,S0038,S0027,2025-01-01 08:15:00,2.61
TK00002652,P000708,T0000356,S0055,S0081,2025-01-01 08:15:00,3.91
TK00002653,P000138,T0000059,S0048,S0098,2025-01-01 08:15:00,3.65
TK00002654,P000397,T0001762,S0089,S0090,2025-01-01 08:15:00,4.01
TK00002655,P000012,T0001262,S0034,S0054,2025-01-01 08:15:00,4.77
TK00002656,P000943,T0000991,S0051,S0076,2025-01-01 08:15:00,2.01
TK00002657,P000055,T0000107,S0030,S0091,2025-01-01 08:15:00,4.66
TK00002658,P000645,T0001456,S0008,S0097,2025-01-01 08:15:00,4.29
TK00002659,P000218,T0001944,S0094,S0076,2025-01-01 08:15:00,1.69
TK00002660,P000056,T0001915,S0036,S0096,2025-01-01 08:15:00,3.55
TK00002661,P000679,T0001182,S0093,S0036,2025-01-01 08:15:00,4.48
TK00002662,P000265,T0001612,S0075,S0003,2025-01-01 08:15:00,1.91
TK00002663,P000095,T0000162,S0006,S0034,2025-01-01 08:15:00,4.14
TK00002664,P000884,T0000694,S0084,S0080,2025-01-01 08:15:00,1.75
TK00002665,P000844,T0000413,S0095,S0051,2025-01-01 08:15:00,2.26
TK00002666,P000306,T0000533,S0060,S0070,2025-01-01 08:15:00,4.86
TK00002667,P000558,T0001911,S0033,S0077,2025-01-01 08:15:00,1.94
TK00002668,,T0000449,S0050,S0077,2025-01-01 08:15:00,4.47
TK00002669,P000093,T0000417,S0052,S0028,2025-01-01 08:15:00,2.14
TK00002670,P000781,T0001776,S0081,S0062,2025-01-01 08:15:00,2.14
TK00002671,P000349,T0000674,S0054,S0036,2025-01-01 08:15:00,4.92
TK00002672,P000128,T0000324,S0036,S0063,2025-01-01 08:15:00,3.18
TK00002673,P000431,T0001215,S0074,S0008,2025-01-01 08:15:00,3.81
TK00002673,P000431,T0001215,S0074,S0008,2025-01-01 08:15:00,3.81
TK00002674,P000721,T0001406,S0068,S0021,2025-01-01 08:15:00,3.27
TK00002675,P000571,T0001738,S0096,S0054,2025-01-01 08:15:00,2.5
TK00002676,P000429,T0001483,S0099,S0071,2025-01-01 08:15:00,4.06
TK00002677,P000322,T0000041,S0054,S0010,2025-01-01 08:15:00,4.77
TK00002678,P000491,T0000286,S0048,S0012,2025-01-01 08:15:00,3.44
TK00002679,P000915,T0000008,S0078,S0049,2025-01-01 08:15:00,4.57
TK00002680,P000172,T0000957,S0074,S0043,2025-01-01 08:15:00,4.5
TK00002681,P000859,T0001498,S0020,S0093,2025-01-01 08:15:00,4.36
TK00002682,P000386,T0000636,S0093,S0013,2025-01-01 08:15:00,4.97
TK00002683,P000252,T0000316,S0007,S0043,2025-01-01 08:15:00,2.86
TK00002684,P000115,T0001687,S0091,S0016,2025-01-01 08:15:00,2.98
TK00002685,P000676,T0001473,S0035,S0043,2025-01-01 08:15:00,1.88
TK00002686,,T0000511,S0058,S0006,2025-01-01 08:15:00,3.57
TK00002687,P000975,T0001420,S0071,S0046,2025-01-01 08:15:00,4.77
TK00002688,P000389,T0000571,S0053,S0017,2025-01-01 08:15:00,4.23
TK00002689,P000145,T0000560,S0052,S0044,2025-01-01 08:15:00,3.65
TK00002690,P000335,T0001610,S0076,S0039,2025-01-01 08:15:00,3.93
TK00002691,P000037,T0001809,S0084,S0057,2025-01-01 08:15:00,1.51
TK00002691,P000037,T0001809,S0084,S0057,2025-01-01 08:15:00,1.51
TK00002692,P000514,T0001036,S0025,S0010,2025-01-01 08:15:00,2.27
TK00002693,P000998,T0001897,S0085,S0049,2025-01-01 08:15:00,2.67
TK00002694,P000288,T0001093,S0034,S0006,2025-01-01 08:15:00,2.6
TK00002695,P000384,T0001489,S0068,S0021,2025-01-01 08:15:00,4.62
TK00002696,P000018,T0000774,S0014,S0076,2025-01-01 08:15:00,4.85
TK00002697,P000544,T0000649,S0011,S0031,2025-01-01 08:15:00,4.28
TK00002698,P000115,T0000646,S0089,S0035,2025-01-01 08:15:00,3.45
TK00002699,P000051,T0000567,S0031,S0078,2025-01-01 08:15:00,1.53
TK00002700,P000583,T0001408,S0090,S0034,2025-01-01 08:15:00,1.51
TK00002701,P000364,T0001904,S0061,S0020,2025-01-01 08:15:00,2.41
TK00002702,P000928,T0000706,S0060,S0063,2025-01-01 08:15:00,3.91
TK00002703,P000746,T0000024,S0013,S0026,2025-01-01 08:15:00,4.89
TK00002704,P000525,T0001377,S0081,S0057,2025-01-01 08:15:00,4.7
TK00002705,P000368,T0001222,S0044,S0061,2025-01-01 08:15:00,2.8
TK00002706,P000375,T0001938,S0029,S0098,2025-01-01 08:15:00,2.07
TK00002707,P000266,T0000672,S0088,S0083,2025-01-01 08:15:00,4.53
TK00002708,P000734,T0000436,S0035,S0054,2025-01-01 08:15:00,4.94
TK00002709,P000771,T0001249,S0094,S0035,2025-01-01 08:15:00,4.08
TK00002710,P000417,T0000004,S0004,S0084,2025-01-01 08:15:00,3.49
TK00002711,P000687,T0000283,S0068,S0057,2025-01-01 08:15:00,4.43
TK00002712,P000093,T0000390,S0035,S0041,2025-01-01 08:15:00,2.39
TK00002713,P000913,T0001579,S0020,S0011,2025-01-01 08:15:00,4.65
TK00002714,P000011,T0000407,S0040,S0062,2025-01-01 08:15:00,3.17
TK00002715,P000503,T0000827,S0061,S0030,2025-01-01 08:15:00,3.24
TK00002716,P000063,T0001319,S0025,S0048,2025-01-01 08:15:00,4.05
TK00002717,P000722,T0001573,S0057,S0099,2025-01-01 08:15:00,4.73
TK00002718,P000578,T0000506,S0063,S0042,2025-01-01 08:15:00,4.49
TK00002719,P000669,T0001099,S0075,S0047,2025-01-01 08:15:00,4.56
TK00002720,P000146,T0001678,S0085,S0090,2025-01-01 08:15:00,3.89
TK00002721,P000327,T0001894,S0082,S0050,2025-01-01 08:15:00,4.6
TK00002721,P000327,T0001894,S0082,S0050,2025-01-01 08:15:00,4.6
TK00002722,P000900,T0000223,S0004,S0029,2025-01-01 08:15:00,2.73
TK00002723,P000043,T0000848,S0026,S0089,2025-01-01 08:15:00,3.79
TK00002724,P000219,T0001126,S0013,S0071,2025-01-01 08:15:00,1.9
TK00002725,P000667,T0000097,S0058,S0099,2025-01-01 08:15:00,3.1
TK00002726,P000956,T0001602,S0068,S0083,2025-01-01 08:15:00,2.41
TK00002727,P000490,T0000064,S0049,S0053,2025-01-01 08:15:00,4.93
TK00002728,P000949,T0001107,S0022,S0003,2025-01-01 08:15:00,3.79
TK00002729,P000536,T0001962,S0031,S0089,2025-01-01 08:15:00,1.73
TK00002730,P000670,T0001616,S0036,S0038,2025-01-01 08:15:00,2.25
TK00002731,P000259,T0000803,S0030,S0028,2025-01-01 08:15:00,3.02
TK00002732,P000254,T0001286,S0031,S0065,2025-01-01 08:15:00,2.72
TK00002733,P000736,T0001998,S0053,S0045,2025-01-01 08:15:00,2.89
TK00002734,,T0000349,S0071,S0021,2025-01-01 08:15:00,3.92
TK00002735,P000387,T0001111,S0071,S0010,2025-01-01 08:15:00,4.37
TK00002736,P000669,T0001932,S0015,S0063,2025-01-01 08:15:00,2.17
TK00002737,P000171,T0000592,S0008,S0081,2025-01-01 08:15:00,3.31
TK00002738,P000065,T0000805,S0001,S0001,2025-01-01 08:15:00,2.09
TK00002739,P000794,T0001955,S0001,S0001,2025-01-01 08:15:00,2.27
TK00002740,P000453,T0001042,S0081,S0096,2025-01-01 08:15:00,3.1
TK00002741,P000817,T0001123,S0025,S0006,2025-01-01 08:15:00,3.06
TK00002742,P000966,T0001877,S0051,S0064,2025-01-01 08:15:00,1.98
TK00002743,P000484,T0001376,S0084,S0073,2025-01-01 08:15:00,4.29
TK00002744,P000941,T0001946,S0045,S0072,2025-01-01 08:15:00,3.37
TK00002745,P000458,T0001678,S0015,S0083,2025-01-01 08:15:00,3.33
TK00002746,P000473,T0001777,S0043,S0012,2025-01-01 08:15:00,2.74
TK00002747,P000600,T0001221,S0090,S0010,2025-01-01 08:15:00,2.42
TK00002748,P000913,T0001827,S0097,S0088,2025-01-01 08:15:00,2.69
TK00002749,P000822,T0000330,S0017,S0021,2025-01-01 08:15:00,1.89
TK00002750,P000349,T0001111,S0011,S0010,2025-01-01 08:15:00,2.86
TK00002751,P000394,T0001595,S0093,S0063,2025-01-01 08:15:00,3.85
TK00002752,P000303,T0001702,S0028,S0100,2025-01-01 08:15:00,4.36
TK00002753,P000888,T0000195,S0002,S0049,2025-01-01 08:15:00,4.91
TK00002754,P000656,T0000713,S0055,S0073,2025-01-01 08:15:00,1.5
TK00002755,P000747,T0000448,S0018,S0066,2025-01-01 08:15:00,3.29
TK00002756,P000952,T0000617,S0090,S0001,2025-01-01 08:15:00,4.68
TK00002757,P000655,T0000657,S0032,S0056,2025-01-01 08:15:00,3.92
TK00002758,P000116,T0000240,S0072,S0077,2025-01-01 08:15:00,2.98
TK00002759,P000619,T0000236,S0063,S0097,2025-01-01 08:15:00,2.74
TK00002760,P000462,T0001041,S0057,S0056,2025-01-01 08:15:00,1.76
TK00002761,P000002,T0000064,S0078,S0100,2025-01-01 08:15:00,4.42
TK00002762,P000981,T0000509,S0064,S0010,2025-01-01 08:15:00,2.52
TK00002763,P000798,T0000601,S0068,S0099,2025-01-01 08:15:00,3.13
TK00002764,,T0001228,S0008,S0005,2025-01-01 08:15:00,2.71
TK00002765,P000294,T0000278,S0033,S0082,2025-01-01 08:15:00,3.53
TK00002766,P000556,T0001444,S0015,S0051,2025-01-01 08:15:00,4.52
TK00002767,P000432,T0000037,S0026,S0010,2025-01-01 08:15:00,1.55
TK00002768,P000161,T0000222,S0067,S0087,2025-01-01 08:15:00,3.52
TK00002769,P000807,T0000293,S0067,S0041,2025-01-01 08:15:00,3.56
TK00002770,P000259,T0001347,S0018,S0058,2025-01-01 08:15:00,4.29
TK00002771,P000002,T0000650,S0005,S0044,2025-01-01 08:15:00,4.87
TK00002772,P000523,T0000500,S0011,S0007,2025-01-01 08:15:00,4.79
TK00002773,P000511,T0000588,S0095,S0003,2025-01-01 08:15:00,4.89
TK00002774,P000235,T0001925,S0024,S0035,2025-01-01 08:15:00,3.79
TK00002775,P000127,T0000137,S0008,S0026,2025-01-01 08:15:00,4.22
TK00002776,P000668,T0000344,S0039,S0015,2025-01-01 08:15:00,3.6
TK00002777,P000547,T0001806,S0052,S0007,2025-01-01 08:15:00,4.97
TK00002778,P000839,T0001632,S0021,S0074,2025-01-01 08:15:00,4.43
TK00002779,P000762,T0001416,S0009,S0037,2025-01-01 08:15:00,1.94
TK00002780,P000014,T0000394,S0047,S0036,2025-01-01 08:15:00,3.11
TK00002781,P000873,T0001474,S0049,S0021,2025-01-01 08:15:00,3.49
TK00002782,P000808,T0000190,S0064,S0095,2025-01-01 08:15:00,4.87
TK00002783,P000006,T0000679,S0051,S0076,2025-01-01 08:15:00,4.62
TK00002784,P000430,T0001466,S0025,S0081,2025-01-01 08:15:00,3.25
TK00002785,P000440,T0000508,S0014,S0041,2025-01-01 08:15:00,2.17
TK00002786,P000309,T0001100,S0048,S0058,2025-01-01 08:15:00,4.27
TK00002787,P000048,T0001629,S0084,S0080,2025-01-01 08:15:00,4.81
TK00002788,P000033,T0001676,S0036,S0011,2025-01-01 08:15:00,3.99
TK00002789,P000449,T0001987,S0026,S0024,2025-01-01 08:15:00,3.43
TK00002790,P000434,T0001646,S0025,S0076,2025-01-01 08:15:00,1.7
TK00002791,P000385,T0000308,S0086,S0014,2025-01-01 08:15:00,2.19
TK00002792,P000540,T0000701,S0099,S0063,2025-01-01 08:15:00,2.16
TK00002793,P000478,T0001620,S0025,S0004,2025-01-01 08:15:00,3.52
TK00002794,P000104,T0000772,S0005,S0097,2025-01-01 08:15:00,4.67
TK00002795,P000887,T0001371,S0070,S0024,2025-01-01 08:15:00,3.43
TK00002796,P000688,T0001699,S0022,S0012,2025-01-01 08:15:00,2.9
TK00002797,P000540,T0000307,S0016,S0053,2025-01-01 08:15:00,3.29
TK00002798,P000581,T0000572,S0047,S0054,2025-01-01 08:15:00,4.06
TK00002799,P000808,T0001121,S0011,S0078,2025-01-01 08:15:00,3.45
TK00002800,P000600,T0000729,S0055,S0047,2025-01-01 08:15:00,2.29
TK00002801,P000739,T0000631,S0079,S0070,2025-01-01 08:15:00,3.72
TK00002802,P000458,T0000354,S0026,S0043,2025-01-01 08:15:00,2.26
TK00002803,P000572,T0001946,S0073,S0087,2025-01-01 08:15:00,3.27
TK00002804,P000354,T0001014,S0055,S0080,2025-01-01 08:15:00,1.71
TK00002805,P000879,T0001905,S0014,S0077,2025-01-01 08:15:00,2.24
TK00002806,P000147,T0001942,S0093,S0013,2025-01-01 08:15:00,3.7
TK00002806,P000147,T0001942,S0093,S0013,2025-01-01 08:15:00,3.7
TK00002807,P000650,T0000988,S0092,S0080,2025-01-01 08:15:00,1.98
TK00002808,P000246,T0000888,S0055,S0092,2025-01-01 08:15:00,4.47
TK00002809,P000976,T0001114,S0084,S0016,2025-01-01 08:15:00,1.96
TK00002810,P000144,T0000288,S0046,S0062,2025-01-01 08:15:00,4.65
TK00002811,P000848,T0001896,S0001,S0023,2025-01-01 08:15:00,2.27
TK00002812,P000820,T0000074,S0046,S0026,2025-01-01 08:15:00,4.29
TK00002813,P000512,T0000625,S0069,S0041,2025-01-01 08:15:00,4.25
TK00002814,P000718,T0000626,S0012,S0095,2025-01-01 08:15:00,4.49
TK00002815,P000047,T0001956,S0057,S0042,2025-01-01 08:15:00,3.85
TK00002816,P000627,T0000011,S0024,S0072,2025-01-01 08:15:00,2.6
TK00002817,P000612,T0001009,S0015,S0089,2025-01-01 08:15:00,3.05
TK00002818,P000523,T0000936,S0026,S0028,2025-01-01 08:15:00,4.61
TK00002819,P000965,T0000604,S0087,S0025,2025-01-01 08:15:00,4.14
TK00002820,P000938,T0000764,S0087,S0042,2025-01-01 08:15:00,3.76
TK00002821,P000191,T0001960,S0093,S0003,2025-01-01 08:15:00,3.32
TK00002822,P000971,T0001094,S0070,S0052,2025-01-01 08:15:00,4.43
TK00002823,P000781,T0001721,S0017,S0015,2025-01-01 08:15:00,2.35
TK00002824,P000774,T0000639,S0069,S0092,2025-01-01 08:15:00,2.72
TK00002825,P000357,T0001732,S0075,S0069,2025-01-01 08:15:00,4.68
TK00002826,P000960,T0001818,S0006,S0095,2025-01-01 08:15:00,4.3
TK00002827,P000336,T0000981,S0008,S0024,2025-01-01 08:15:00,2.33
TK00002828,P000908,T0001412,S0058,S0068,2025-01-01 08:15:00,1.9
TK00002829,P000268,T0000071,S0005,S0015,2025-01-01 08:15:00,4.44
TK00002830,P000753,T0000598,S0007,S0095,2025-01-01 08:15:00,3.69
TK00002831,P000867,T0001784,S0035,S0088,2025-01-01 08:15:00,3.5
TK00002832,P000110,T0000021,S0077,S0044,2025-01-01 08:15:00,3.69
TK00002833,P000835,T0000797,S0091,S0012,2025-01-01 08:15:00,4.34
TK00002834,P000878,T0001892,S0087,S0052,2025-01-01 08:15:00,2.3
TK00002835,P000062,T0000722,S0047,S0066,2025-01-01 08:15:00,4.41
TK00002836,P000914,T0001881,S0008,S0001,2025-01-01 08:15:00,2.26
TK00002837,,T0000481,S0017,S0009,2025-01-01 08:15:00,4.82
TK00002838,P000038,T0001845,S0017,S0046,2025-01-01 08:15:00,4.21
TK00002839,P000657,T0001734,S0007,S0048,2025-01-01 08:15:00,3.39
TK00002840,P000576,T0001423,S0081,S0033,2025-01-01 08:15:00,2.69
TK00002841,P000075,T0001739,S0061,S0087,2025-01-01 08:15:00,3.31
TK00002842,P000125,T0001378,S0033,S0042,2025-01-01 08:15:00,2.67
TK00002843,P000748,T0000441,S0071,S0063,2025-01-01 08:15:00,2.17
TK00002844,P000680,T0000446,S0018,S0007,2025-01-01 08:15:00,4.36
TK00002845,P000526,T0001433,S0080,S0017,2025-01-01 08:15:00,3.84
TK00002846,P000154,T0000385,S0028,S0099,2025-01-01 08:15:00,1.83
TK00002847,P000527,T0000285,S0050,S0081,2025-01-01 08:15:00,1.88
TK00002848,P000793,T0000768,S0091,S0095,2025-01-01 08:15:00,2.78
TK00002849,P000775,T0001640,S0091,S0090,2025-01-01 08:15:00,4.75
TK00002850,P000383,T0001479,S0038,S0054,2025-01-01 08:15:00,4.45
TK00002851,P000569,T0000797,S0063,S0090,2025-01-01 08:15:00,3.74
TK00002852,P000468,T0001762,S0006,S0053,2025-01-01 08:15:00,4.49
TK00002853,P000532,T0001439,S0092,S0032,2025-01-01 08:15:00,3.87
TK00002854,P000065,T0000780,S0025,S0091,2025-01-01 08:15:00,2.4
TK00002855,P000719,T0000394,S0091,S0072,2025-01-01 08:15:00,1.65
TK00002856,P000344,T0001507,S0001,S0096,2025-01-01 08:15:00,3.64
TK00002856,P000344,T0001507,S0001,S0096,2025-01-01 08:15:00,3.64
TK00002857,P000551,T0001346,S0026,S0051,2025-01-01 08:15:00,3.9
TK00002858,P000179,T0000048,S0052,S0043,2025-01-01 08:15:00,3.22
TK00002859,P000282,T0001692,S0066,S0067,2025-01-01 08:15:00,1.8
TK00002860,P000040,T0000926,S0073,S0016,2025-01-01 08:15:00,2.91
TK00002861,P000841,T0001707,S0017,S0061,2025-01-01 08:15:00,2.09
TK00002862,P000260,T0001622,S0095,S0036,2025-01-01 08:15:00,3.48
TK00002863,P000593,T0001557,S0013,S0048,2025-01-01 08:15:00,1.84
TK00002864,P000824,T0000414,S0061,S0052,2025-01-01 08:15:00,4.77
TK00002865,P000848,T0001878,S0070,S0099,2025-01-01 08:15:00,4.75
TK00002866,P000057,T0000901,S0094,S0044,2025-01-01 08:15:00,2.39
TK00002867,P000785,T0000832,S0035,S0065,2025-01-01 08:15:00,2.27
TK00002868,,T0001486,S0037,S0045,2025-01-01 08:15:00,2.2
TK00002869,P000491,T0000892,S0001,S0063,2025-01-01 08:15:00,4.07
TK00002870,P000425,T0001449,S0082,S0038,2025-01-01 08:15:00,4.94
TK00002871,P000567,T0001188,S0066,S0020,2025-01-01 08:15:00,1.51
TK00002872,P000174,T0000279,S0092,S0038,2025-01-01 08:15:00,2.97
TK00002873,P000499,T0001626,S0032,S0048,2025-01-01 08:15:00,1.65
TK00002874,P000354,T0000956,S0012,S0060,2025-01-01 08:15:00,3.95
TK00002875,P000053,T0001436,S0100,S0040,2025-01-01 08:15:00,4.41
TK00002876,P000194,T0000194,S0098,S0084,2025-01-01 08:15:00,2.86
TK00002877,P000775,T0000303,S0057,S0073,2025-01-01 08:15:00,4.27
TK00002878,P000880,T0000552,S0068,S0089,2025-01-01 08:15:00,2.0
TK00002879,P000571,T0001348,S0020,S0043,2025-01-01 08:15:00,3.06
TK00002880,P000355,T0000417,S0043,S0075,2025-01-01 08:15:00,2.53
TK00002881,P000277,T0000077,S0015,S0041,2025-01-01 08:15:00,2.68
TK00002882,P000046,T0001251,S0090,S0079,2025-01-01 08:15:00,2.66
TK00002883,P000948,T0000471,S0090,S0066,2025-01-01 08:15:00,4.63
TK00002884,P000371,T0001895,S0042,S0029,2025-01-01 08:15:00,3.8
TK00002885,P000137,T0001808,S0021,S0046,2025-01-01 08:15:00,4.61
TK00002886,P000083,T0001386,S0055,S0049,2025-01-01 08:15:00,2.25
TK00002887,P000778,T0000401,S0002,S0063,2025-01-01 08:15:00,3.36
TK00002888,P000837,T0001574,S0013,S0041,2025-01-01 08:15:00,2.47
TK00002889,P000808,T0001685,S0023,S0052,2025-01-01 08:15:00,1.84
TK00002890,P000675,T0001281,S0081,S0061,2025-01-01 08:15:00,3.89
TK00002891,P000980,T0001872,S0037,S0012,2025-01-01 08:15:00,2.75
TK00002892,P000337,T0000117,S0100,S0077,2025-01-01 08:15:00,2.16
TK00002893,P000682,T0000040,S0003,S0043,2025-01-01 08:15:00,2.55
TK00002894,P000477,T0000419,S0090,S0058,2025-01-01 08:15:00,4.21
TK00002895,P000068,T0001334,S0026,S0058,2025-01-01 08:15:00,4.99
TK00002896,P000351,T0000525,S0034,S0069,2025-01-01 08:15:00,4.08
TK00002897,P000782,T0000653,S0081,S0078,2025-01-01 08:15:00,4.77
TK00002898,P000142,T0001003,S0013,S0073,2025-01-01 08:15:00,1.56
TK00002899,P000546,T0001920,S0081,S0036,2025-01-01 08:15:00,2.76
TK00002900,P000221,T0001194,S0058,S0027,2025-01-01 08:15:00,2.3
TK00002901,P000641,T0000209,S0096,S0045,2025-01-01 08:15:00,2.26
TK00002902,P000683,T0001024,S0091,S0053,2025-01-01 08:15:00,4.5
TK00002903,P000183,T0001603,S0036,S0063,2025-01-01 08:15:00,4.86
TK00002904,P000350,T0001865,S0097,S0024,2025-01-01 08:15:00,3.19
TK00002905,P000440,T0001144,S0089,S0018,2025-01-01 08:15:00,4.61
TK00002906,P000527,T0001796,S0037,S0098,2025-01-01 08:15:00,3.39
TK00002907,P000271,T0001858,S0073,S0018,2025-01-01 08:15:00,3.01
TK00002908,P000694,T0001500,S0045,S0056,2025-01-01 08:15:00,4.86
TK00002909,P000458,T0000261,S0014,S0058,2025-01-01 08:15:00,2.23
TK00002910,P000744,T0001018,S0027,S0048,2025-01-01 08:15:00,3.83
TK00002911,P000251,T0001674,S0069,S0095,2025-01-01 08:15:00,1.59
TK00002912,P000035,T0000451,S0072,S0092,2025-01-01 08:15:00,3.35
TK00002913,,T0000774,S0085,S0031,2025-01-01 08:15:00,3.33
TK00002914,P000385,T0001567,S0041,S0099,2025-01-01 08:15:00,2.95
TK00002915,P000717,T0001987,S0060,S0068,2025-01-01 08:15:00,3.95
TK00002916,P000191,T0000797,S0078,S0088,2025-01-01 08:15:00,2.61
TK00002917,P000051,T0000613,S0086,S0003,2025-01-01 08:15:00,2.58
TK00002918,P000495,T0001909,S0082,S0046,2025-01-01 08:15:00,3.94
TK00002919,P000183,T0000691,S0061,S0059,2025-01-01 08:15:00,4.12
TK00002920,P000524,T0000048,S0073,S0009,2025-01-01 08:15:00,3.21
TK00002921,P000848,T0001515,S0028,S0010,2025-01-01 08:15:00,2.77
TK00002922,P000581,T0001502,S0091,S0085,2025-01-01 08:15:00,3.04
TK00002923,P000781,T0001286,S0079,S0083,2025-01-01 08:15:00,3.89
TK00002924,P000030,T0001239,S0069,S0010,2025-01-01 08:15:00,4.07
TK00002925,P000106,T0001249,S0060,S0045,2025-01-01 08:15:00,1.8
TK00002926,P000718,T0001550,S0092,S0047,2025-01-01 08:15:00,4.41
TK00002927,P000917,T0001143,S0043,S0038,2025-01-01 08:15:00,4.07
TK00002928,P000119,T0001969,S0005,S0016,2025-01-01 08:15:00,3.8
TK00002929,P000868,T0000615,S0068,S0083,2025-01-01 08:15:00,3.59
TK00002930,P000346,T0000139,S0021,S0040,2025-01-01 08:15:00,2.98
TK00002931,P000507,T0000619,S0069,S0004,2025-01-01 08:15:00,1.9
TK00002932,P000578,T0000683,S0017,S0079,2025-01-01 08:15:00,3.84
TK00002933,P000472,T0001607,S0094,S0034,2025-01-01 08:15:00,4.31
TK00002934,P000667,T0000202,S0081,S0006,2025-01-01 08:15:00,4.83
TK00002935,P000470,T0001565,S0061,S0045,2025-01-01 08:15:00,1.65
TK00002936,P000911,T0001304,S0081,S0061,2025-01-01 08:15:00,4.84
TK00002937,P000649,T0001364,S0019,S0038,2025-01-01 08:15:00,2.18
TK00002937,P000649,T0001364,S0019,S0038,2025-01-01 08:15:00,2.18
TK00002938,P000162,T0000895,S0012,S0015,2025-01-01 08:15:00,2.29
TK00002939,P000929,T0001152,S0094,S0008,2025-01-01 08:15:00,2.99
TK00002940,P000038,T0000049,S0033,S0025,2025-01-01 08:15:00,1.66
TK00002941,P000368,T0001477,S0083,S0018,2025-01-01 08:15:00,4.72
TK00002942,P000365,T0000504,S0072,S0036,2025-01-01 08:15:00,3.83
TK00002943,P000748,T0000410,S0062,S0019,2025-01-01 08:15:00,1.59
TK00002944,P000858,T0000519,S0040,S0096,2025-01-01 08:15:00,3.0
TK00002945,P000780,T0000082,S0005,S0021,2025-01-01 08:15:00,1.68
TK00002946,P000936,T0000959,S0008,S0034,2025-01-01 08:15:00,3.76
TK00002947,P000938,T0001564,S0061,S0006,2025-01-01 08:15:00,3.83
TK00002948,P000325,T0001550,S0009,S0010,2025-01-01 08:15:00,2.79
TK00002949,P000118,T0001908,S0078,S0085,2025-01-01 08:15:00,3.97
TK00002950,P000532,T0000857,S0030,S0051,2025-01-01 08:15:00,3.66
TK00002951,P000211,T0001034,S0070,S0050,2025-01-01 08:15:00,3.29
TK00002952,P000973,T0000274,S0041,S0022,2025-01-01 08:15:00,2.35
TK00002953,P000860,T0000077,S0045,S0099,2025-01-01 08:15:00,1.99
TK00002954,P000219,T0000282,S0083,S0088,2025-01-01 08:15:00,3.83
TK00002955,P000446,T0001962,S0006,S0067,2025-01-01 08:15:00,2.36
TK00002956,P000033,T0001051,S0073,S0004,2025-01-01 08:15:00,1.59
TK00002957,P000016,T0001708,S0100,S0039,2025-01-01 08:15:00,2.77
TK00002958,P000633,T0000956,S0076,S0055,2025-01-01 08:15:00,3.33
TK00002959,P000995,T0001280,S0082,S0085,2025-01-01 08:15:00,2.36
TK00002960,P000589,T0000378,S0016,S0054,2025-01-01 08:15:00,4.52
TK00002961,P000518,T0000344,S0093,S0076,2025-01-01 08:15:00,4.23
TK00002962,P000085,T0001154,S0080,S0008,2025-01-01 08:15:00,2.6
TK00002963,P000153,T0000082,S0012,S0084,2025-01-01 08:15:00,2.06
TK00002964,P000797,T0000306,S0001,S0071,2025-01-01 08:15:00,3.18
TK00002965,P000479,T0001732,S0076,S0090,2025-01-01 08:15:00,1.87
TK00002966,P000851,T0000366,S0055,S0046,2025-01-01 08:15:00,3.49
TK00002967,P000715,T0001017,S0020,S0017,2025-01-01 08:15:00,1.52
TK00002968,P000436,T0001631,S0100,S0010,2025-01-01 08:15:00,3.12
TK00002969,P000060,T0000094,S0016,S0012,2025-01-01 08:15:00,2.29
TK00002970,P000715,T0001862,S0022,S0089,2025-01-01 08:15:00,1.76
TK00002971,P000238,T0000906,S0004,S0043,2025-01-01 08:15:00,3.53
TK00002972,P000853,T0001997,S0072,S0053,2025-01-01 08:15:00,2.88
TK00002973,P000812,T0001332,S0040,S0078,2025-01-01 08:15:00,3.93
TK00002974,P000168,T0001769,S0060,S0069,2025-01-01 08:15:00,2.65
TK00002975,P000431,T0000341,S0040,S0084,2025-01-01 08:15:00,4.66
TK00002976,P000913,T0001833,S0068,S0072,2025-01-01 08:15:00,1.93
TK00002977,P000760,T0001501,S0039,S0042,2025-01-01 08:15:00,3.67
TK00002978,P000517,T0001186,S0023,S0095,2025-01-01 08:15:00,1.78
TK00002979,,T0000906,S0074,S0073,2025-01-01 08:15:00,3.14
TK00002980,P000933,T0001610,S0033,S0013,2025-01-01 08:15:00,1.95
TK00002981,P000778,T0000047,S0052,S0037,2025-01-01 08:15:00,3.62
TK00002982,P000530,T0000304,S0064,S0012,2025-01-01 08:15:00,2.92
TK00002983,P000979,T0000132,S0011,S0089,2025-01-01 08:15:00,4.33
TK00002984,P000128,T0000305,S0094,S0064,2025-01-01 08:15:00,1.98
TK00002985,P000064,T0001060,S0085,S0074,2025-01-01 08:15:00,2.2
TK00002986,P000672,T0000960,S0063,S0098,2025-01-01 08:15:00,4.91
TK00002987,P000992,T0000806,S0029,S0087,2025-01-01 08:15:00,4.05
TK00002988,P000963,T0001768,S0011,S0054,2025-01-01 08:15:00,3.37
TK00002989,P000087,T0001951,S0060,S0089,2025-01-01 08:15:00,3.8
TK00002990,P000223,T0001689,S0011,S0017,2025-01-01 08:15:00,4.12
TK00002991,P000524,T0001042,S0062,S0082,2025-01-01 08:15:00,4.24
TK00002992,P000036,T0001082,S0084,S0088,2025-01-01 08:15:00,4.15
TK00002993,P000493,T0001822,S0024,S0063,2025-01-01 08:15:00,2.24
TK00002994,P000634,T0001580,S0030,S0036,2025-01-01 08:15:00,1.64
TK00002995,P000606,T0001644,S0076,S0005,2025-01-01 08:15:00,3.47
TK00002996,P000855,T0000782,S0005,S0067,2025-01-01 08:15:00,2.53
TK00002997,P000047,T0000951,S0083,S0054,2025-01-01 08:15:00,3.14
TK00002998,P000182,T0001433,S0028,S0100,2025-01-01 08:15:00,4.13
TK00002999,P000459,T0001556,S0069,S0069,2025-01-01 08:15:00,2.61
TK00003000,P000494,T0001045,S0086,S0009,2025-01-01 08:15:00,3.13
TK00003001,P000100,T0001458,S0042,S0055,2025-01-01 08:15:00,3.77
TK00003002,P000160,T0001787,S0024,S0010,2025-01-01 08:15:00,2.31
TK00003003,P000695,T0001535,S0100,S0035,2025-01-01 08:15:00,3.72
TK00003004,P000571,T0000298,S0036,S0079,2025-01-01 08:15:00,2.08
TK00003005,P000176,T0000571,S0045,S0012,2025-01-01 08:15:00,2.44
TK00003006,P000706,T0001856,S0039,S0079,2025-01-01 08:15:00,4.26
TK00003007,P000231,T0001019,S0067,S0088,2025-01-01 08:15:00,1.92
TK00003008,P000166,T0000768,S0032,S0088,2025-01-01 08:15:00,3.73
TK00003009,P000589,T0001229,S0016,S0083,2025-01-01 08:15:00,3.06
TK00003010,P000185,T0001821,S0093,S0069,2025-01-01 08:15:00,2.47
TK00003011,P000390,T0000940,S0082,S0072,2025-01-01 08:15:00,2.63
TK00003012,P000081,T0000231,S0003,S0086,2025-01-01 08:15:00,2.35
TK00003013,P000500,T0000567,S0021,S0081,2025-01-01 08:15:00,2.69
TK00003014,P000222,T0000117,S0054,S0066,2025-01-01 08:15:00,1.7
TK00003015,P000594,T0000754,S0048,S0016,2025-01-01 08:15:00,3.86
TK00003016,P000433,T0000573,S0063,S0099,2025-01-01 08:15:00,1.79
TK00003017,P000077,T0001435,S0041,S0047,2025-01-01 08:15:00,3.12
TK00003018,P000055,T0001471,S0093,S0059,2025-01-01 08:15:00,2.65
TK00003019,P000865,T0000952,S0062,S0057,2025-01-01 08:15:00,3.67
TK00003020,P000753,T0000091,S0050,S0045,2025-01-01 08:15:00,3.28
TK00003021,P000181,T0000032,S0002,S0056,2025-01-01 08:15:00,4.19
TK00003022,P000174,T0001310,S0065,S0032,2025-01-01 08:15:00,4.19
TK00003023,P000563,T0000021,S0019,S0061,2025-01-01 08:15:00,4.44
TK00003024,P000477,T0001622,S0037,S0043,2025-01-01 08:15:00,3.47
TK00003025,P000627,T0001215,S0030,S0038,2025-01-01 08:15:00,2.06
TK00003026,P000127,T0000612,S0002,S0079,2025-01-01 08:15:00,2.29
TK00003027,P000742,T0000621,S0096,S0034,2025-01-01 08:15:00,4.42
TK00003028,P000082,T0001388,S0086,S0095,2025-01-01 08:15:00,4.11
TK00003029,P000013,T0000985,S0029,S0016,2025-01-01 08:15:00,4.7
TK00003030,P000530,T0001005,S0055,S0035,2025-01-01 08:15:00,4.89
TK00003031,P000517,T0000747,S0093,S0076,2025-01-01 08:15:00,2.56
TK00003032,P000730,T0001516,S0054,S0074,2025-01-01 08:15:00,4.88
TK00003033,P000440,T0000454,S0067,S0081,2025-01-01 08:15:00,2.4
TK00003034,P000725,T0001813,S0051,S0052,2025-01-01 08:15:00,4.36
TK00003035,P000131,T0000688,S0020,S0007,2025-01-01 08:15:00,2.6
TK00003036,P000677,T0000379,S0050,S0005,2025-01-01 08:15:00,2.71
TK00003037,P000571,T0001532,S0059,S0090,2025-01-01 08:15:00,4.57
TK00003038,P000502,T0001430,S0015,S0080,2025-01-01 08:15:00,4.8
TK00003038,P000502,T0001430,S0015,S0080,2025-01-01 08:15:00,4.8
TK00003039,P000421,T0000909,S0073,S0024,2025-01-01 08:15:00,1.57
TK00003040,P000737,T0000597,S0074,S0097,2025-01-01 08:15:00,1.67
TK00003041,P000955,T0000075,S0059,S0071,2025-01-01 08:15:00,3.22
TK00003042,P000878,T0000550,S0059,S0051,2025-01-01 08:15:00,4.19
TK00003043,P000130,T0001505,S0053,S0005,2025-01-01 08:15:00,4.67
TK00003044,P000684,T0000454,S0048,S0049,2025-01-01 08:15:00,2.7
TK00003045,P000355,T0001130,S0090,S0056,2025-01-01 08:15:00,4.62
TK00003046,P000282,T0001268,S0079,S0018,2025-01-01 08:15:00,1.9
TK00003047,P000017,T0000877,S0027,S0031,2025-01-01 08:15:00,4.72
TK00003048,P000102,T0000695,S0062,S0045,2025-01-01 08:15:00,2.18
TK00003049,P000253,T0001600,S0072,S0060,2025-01-01 08:15:00,1.71
TK00003050,P000682,T0001201,S0079,S0004,2025-01-01 08:15:00,2.94
TK00003051,P000558,T0000616,S0049,S0069,2025-01-01 08:15:00,3.92
TK00003052,P000670,T0001088,S0053,S0027,2025-01-01 08:15:00,2.38
TK00003053,P000341,T0000627,S0049,S0002,2025-01-01 08:15:00,3.01
TK00003054,P000279,T0000406,S0068,S0093,2025-01-01 08:15:00,4.98
TK00003055,P000953,T0001085,S0013,S0062,2025-01-01 08:15:00,2.06
TK00003056,P000848,T0000621,S0097,S0015,2025-01-01 08:15:00,3.26
TK00003057,P000416,T0000870,S0096,S0047,2025-01-01 08:15:00,3.56
TK00003058,P000744,T0000332,S0030,S0016,2025-01-01 08:15:00,2.0
TK00003059,P000629,T0001304,S0082,S0084,2025-01-01 08:15:00,3.94
TK00003060,P000321,T0001867,S0055,S0035,2025-01-01 08:15:00,4.18
TK00003061,P000405,T0000996,S0091,S0055,2025-01-01 08:15:00,2.03
TK00003062,P000297,T0000227,S0044,S0091,2025-01-01 08:15:00,2.9
TK00003063,P000424,T0001929,S0088,S0024,2025-01-01 08:15:00,3.63
TK00003064,P000655,T0000617,S0017,S0070,2025-01-01 08:15:00,2.57
TK00003065,P000884,T0000306,S0024,S0094,2025-01-01 08:15:00,4.34
TK00003066,P000812,T0000787,S0092,S0074,2025-01-01 08:15:00,2.1
TK00003067,P000133,T0001649,S0043,S0025,2025-01-01 08:15:00,2.45
TK00003068,P000562,T0000080,S0082,S0078,2025-01-01 08:15:00,2.99
TK00003069,P000019,T0001578,S0048,S0082,2025-01-01 08:15:00,4.87
TK00003070,P000694,T0001831,S0100,S0081,2025-01-01 08:15:00,2.73
TK00003071,P000504,T0001438,S0047,S0086,2025-01-01 08:15:00,4.06
TK00003072,P000826,T0001017,S0032,S0042,2025-01-01 08:15:00,3.19
TK00003073,P000012,T0001070,S0063,S0045,2025-01-01 08:15:00,1.61
TK00003074,P000911,T0000381,S0057,S0042,2025-01-01 08:15:00,2.77
TK00003075,P000843,T0000749,S0047,S0036,2025-01-01 08:15:00,4.95
TK00003076,P000864,T0000427,S0009,S0023,2025-01-01 08:15:00,4.56
TK00003077,P000742,T0001968,S0080,S0037,2025-01-01 08:15:00,1.82
TK00003078,P000913,T0001382,S0077,S0063,2025-01-01 08:15:00,4.05
TK00003079,P000527,T0001680,S0015,S0079,2025-01-01 08:15:00,1.91
TK00003080,P000030,T0001541,S0047,S0050,2025-01-01 08:15:00,4.48
TK00003081,P000519,T0001117,S0087,S0057,2025-01-01 08:15:00,2.06
TK00003082,P000804,T0001910,S0038,S0029,2025-01-01 08:15:00,2.43
TK00003083,P000218,T0001084,S0020,S0065,2025-01-01 08:15:00,1.53
TK00003084,P000576,T0000946,S0083,S0029,2025-01-01 08:15:00,3.49
TK00003085,P000356,T0000829,S0019,S0043,2025-01-01 08:15:00,2.33
TK00003086,P000021,T0000257,S0020,S0096,2025-01-01 08:15:00,3.43
TK00003087,P000748,T0000099,S0066,S0043,2025-01-01 08:15:00,3.91
TK00003088,P000922,T0001295,S0040,S0032,2025-01-01 08:15:00,4.42
TK00003089,P000850,T0000620,S0002,S0054,2025-01-01 08:15:00,2.95
TK00003090,P000063,T0000821,S0032,S0017,2025-01-01 08:15:00,3.56
TK00003091,P000418,T0001571,S0095,S0053,2025-01-01 08:15:00,4.76
TK00003092,P000028,T0000587,S0043,S0061,2025-01-01 08:15:00,4.52
TK00003093,P000336,T0000060,S0031,S0057,2025-01-01 08:15:00,2.92
TK00003094,P000098,T0001080,S0009,S0086,2025-01-01 08:15:00,1.52
TK00003095,P000795,T0001098,S0039,S0083,2025-01-01 08:15:00,4.3
TK00003096,P000068,T0001060,S0018,S0060,2025-01-01 08:15:00,4.52
TK00003097,P000553,T0000479,S0028,S0090,2025-01-01 08:15:00,2.84
TK00003098,P000021,T0001962,S0008,S0097,2025-01-01 08:15:00,4.49
TK00003099,P000213,T0001108,S0013,S0040,2025-01-01 08:15:00,2.67
TK00003100,P000822,T0000220,S0096,S0018,2025-01-01 08:15:00,4.23
TK00003101,P000870,T0000095,S0073,S0040,2025-01-01 08:15:00,2.13
TK00003102,P000971,T0000772,S0062,S0012,2025-01-01 08:15:00,3.16
TK00003103,P000120,T0000174,S0074,S0085,2025-01-01 08:15:00,4.01
TK00003104,P000809,T0001757,S0013,S0028,2025-01-01 08:15:00,2.42
TK00003105,P000237,T0001255,S0025,S0018,2025-01-01 08:15:00,3.18
TK00003106,P000550,T0000177,S0004,S0039,2025-01-01 08:15:00,4.84
TK00003107,P000576,T0001680,S0076,S0013,2025-01-01 08:15:00,3.29
TK00003108,P000855,T0000978,S0058,S0050,2025-01-01 08:15:00,4.51
TK00003109,P000739,T0000992,S0081,S0046,2025-01-01 08:15:00,3.97
TK00003110,P000501,T0001864,S0023,S0047,2025-01-01 08:15:00,2.12
TK00003111,P000247,T0000146,S0075,S0089,2025-01-01 08:15:00,4.31
TK00003112,P000444,T0000286,S0071,S0056,2025-01-01 08:15:00,4.18
TK00003113,P000227,T0001202,S0047,S0044,2025-01-01 08:15:00,2.69
TK00003114,P000610,T0000534,S0073,S0019,2025-01-01 08:15:00,2.12
TK00003115,P000781,T0000607,S0076,S0091,2025-01-01 08:15:00,3.12
TK00003116,P000381,T0000277,S0032,S0078,2025-01-01 08:15:00,2.87
TK00003117,P000733,T0001588,S0027,S0002,2025-01-01 08:15:00,4.71
TK00003118,P000097,T0000989,S0099,S0056,2025-01-01 08:15:00,4.33
TK00003119,P000103,T0001011,S0084,S0086,2025-01-01 08:15:00,4.45
TK00003120,P000848,T0000028,S0095,S0091,2025-01-01 08:15:00,1.65
TK00003121,P000882,T0001130,S0018,S0015,2025-01-01 08:15:00,2.52
TK00003122,P000458,T0001626,S0042,S0086,2025-01-01 08:15:00,4.37
TK00003123,P000398,T0001423,S0016,S0089,2025-01-01 08:15:00,4.49
TK00003124,P000748,T0000386,S0049,S0056,2025-01-01 08:15:00,3.34
TK00003125,P000229,T0000169,S0072,S0021,2025-01-01 08:15:00,2.71
TK00003126,P000403,T0000019,S0042,S0029,2025-01-01 08:15:00,2.51
TK00003127,P000802,T0001195,S0031,S0075,2025-01-01 08:15:00,1.72
TK00003128,P000360,T0001004,S0094,S0066,2025-01-01 08:15:00,4.64
TK00003129,P000481,T0001339,S0052,S0061,2025-01-01 08:15:00,4.7
TK00003130,P000404,T0001149,S0042,S0014,2025-01-01 08:15:00,4.4
TK00003131,P000380,T0001523,S0011,S0073,2025-01-01 08:15:00,3.76
TK00003132,P000385,T0000479,S0090,S0093,2025-01-01 08:15:00,1.93
TK00003133,P000291,T0001854,S0049,S0094,2025-01-01 08:15:00,2.93
TK00003134,P000747,T0001701,S0076,S0015,2025-01-01 08:15:00,4.27
TK00003135,P000557,T0000996,S0015,S0006,2025-01-01 08:15:00,2.09
TK00003136,P000396,T0001200,S0011,S0024,2025-01-01 08:15:00,1.84
TK00003137,P000559,T0001026,S0042,S0030,2025-01-01 08:15:00,2.89
TK00003138,P000520,T0001595,S0070,S0026,2025-01-01 08:15:00,3.92
TK00003139,P000981,T0001145,S0091,S0041,2025-01-01 08:15:00,3.86
TK00003140,P000432,T0001349,S0016,S0069,2025-01-01 08:15:00,3.41
TK00003141,P000047,T0000277,S0016,S0005,2025-01-01 08:15:00,4.26
TK00003142,P000926,T0001817,S0050,S0064,2025-01-01 08:15:00,3.4
TK00003143,P000834,T0000180,S0060,S0009,2025-01-01 08:15:00,4.17
TK00003143,P000834,T0000180,S0060,S0009,2025-01-01 08:15:00,4.17
TK00003144,P000568,T0000667,S0022,S0099,2025-01-01 08:15:00,4.55
TK00003145,P000548,T0001094,S0094,S0064,2025-01-01 08:15:00,2.48
TK00003146,P000051,T0000008,S0039,S0037,2025-01-01 08:15:00,3.28
TK00003147,P000887,T0001672,S0014,S0059,2025-01-01 08:15:00,3.23
TK00003148,P000592,T0000462,S0098,S0031,2025-01-01 08:15:00,4.83
TK00003149,P000479,T0001720,S0022,S0034,2025-01-01 08:15:00,3.87
TK00003150,P000345,T0001512,S0048,S0066,2025-01-01 08:15:00,4.67
TK00003151,P000880,T0001542,S0062,S0076,2025-01-01 08:15:00,2.19
TK00003152,P000849,T0000731,S0009,S0096,2025-01-01 08:15:00,2.85
TK00003153,P000576,T0000545,S0001,S0084,2025-01-01 08:15:00,3.86
TK00003154,P000835,T0000798,S0056,S0054,2025-01-01 08:15:00,3.34
TK00003154,P000835,T0000798,S0056,S0054,2025-01-01 08:15:00,3.34
TK00003155,P000424,T0000585,S0082,S0077,2025-01-01 08:15:00,2.66
TK00003156,P000783,T0001364,S0030,S0014,2025-01-01 08:15:00,1.79
TK00003157,P000986,T0000499,S0006,S0043,2025-01-01 08:15:00,3.8
TK00003158,P000287,T0000985,S0052,S0062,2025-01-01 08:15:00,3.84
TK00003159,P000182,T0001384,S0043,S0090,2025-01-01 08:15:00,2.15
TK00003160,,T0001247,S0059,S0058,2025-01-01 08:15:00,1.64
TK00003161,P000485,T0001917,S0091,S0093,2025-01-01 08:15:00,2.45
TK00003162,P000383,T0001463,S0071,S0033,2025-01-01 08:15:00,3.18
TK00003163,P000503,T0001244,S0008,S0064,2025-01-01 08:15:00,2.21
TK00003164,P000225,T0001507,S0094,S0064,2025-01-01 08:15:00,1.55
TK00003165,P000793,T0000584,S0025,S0073,2025-01-01 08:15:00,1.89
TK00003166,P000184,T0000472,S0002,S0040,2025-01-01 08:15:00,4.09
TK00003167,P000118,T0000435,S0082,S0028,2025-01-01 08:15:00,3.69
TK00003168,P000743,T0001434,S0033,S0091,2025-01-01 08:15:00,3.43
TK00003169,P000085,T0001034,S0097,S0050,2025-01-01 08:15:00,4.17
TK00003170,P000479,T0002000,S0099,S0038,2025-01-01 08:15:00,2.52
TK00003171,P000126,T0001835,S0057,S0026,2025-01-01 08:15:00,2.93
TK00003172,P000493,T0000716,S0002,S0100,2025-01-01 08:15:00,3.22
TK00003173,P000407,T0001870,S0097,S0011,2025-01-01 08:15:00,4.29
TK00003174,P000972,T0001397,S0030,S0034,2025-01-01 08:15:00,4.77
TK00003175,P000623,T0001599,S0064,S0079,2025-01-01 08:15:00,4.85
TK00003176,P000372,T0000864,S0010,S0072,2025-01-01 08:15:00,1.61
TK00003177,P000729,T0000701,S0019,S0100,2025-01-01 08:15:00,3.38
TK00003177,P000729,T0000701,S0019,S0100,2025-01-01 08:15:00,3.38
TK00003178,P000726,T0000678,S0068,S0087,2025-01-01 08:15:00,4.19
TK00003179,P000408,T0000878,S0068,S0028,2025-01-01 08:15:00,3.16
TK00003180,P000814,T0000962,S0058,S0055,2025-01-01 08:15:00,3.04
TK00003181,P000380,T0000947,S0006,S0009,2025-01-01 08:15:00,2.24
TK00003182,P000855,T0000610,S0070,S0043,2025-01-01 08:15:00,4.25
TK00003183,P000495,T0000437,S0046,S0007,2025-01-01 08:15:00,4.44
TK00003184,P000216,T0001071,S0096,S0046,2025-01-01 08:15:00,1.63
TK00003185,P000881,T0000811,S0064,S0090,2025-01-01 08:15:00,4.94
TK00003186,P000627,T0001806,S0065,S0059,2025-01-01 08:15:00,3.03
TK00003187,P000163,T0001311,S0091,S0060,2025-01-01 08:15:00,1.99
TK00003188,P000398,T0000435,S0100,S0032,2025-01-01 08:15:00,1.71
TK00003189,P000796,T0001562,S0023,S0029,2025-01-01 08:15:00,1.86
TK00003190,P000887,T0001219,S0048,S0082,2025-01-01 08:15:00,4.6
TK00003191,P000227,T0000460,S0075,S0094,2025-01-01 08:15:00,4.39
TK00003192,P000648,T0000362,S0027,S0018,2025-01-01 08:15:00,1.64
TK00003193,P000713,T0001863,S0051,S0020,2025-01-01 08:15:00,4.99
TK00003194,P000957,T0000722,S0057,S0078,2025-01-01 08:15:00,4.08
TK00003195,P000237,T0000010,S0066,S0080,2025-01-01 08:15:00,2.06
TK00003196,P000129,T0001682,S0091,S0056,2025-01-01 08:15:00,2.6
TK00003197,P000973,T0001391,S0090,S0084,2025-01-01 08:15:00,2.56
TK00003198,P000201,T0000286,S0045,S0093,2025-01-01 08:15:00,2.84
TK00003199,P000197,T0000467,S0094,S0047,2025-01-01 08:15:00,3.33
TK00003200,P000754,T0000432,S0048,S0047,2025-01-01 08:15:00,4.48
TK00003201,P000009,T0001114,S0041,S0062,2025-01-01 08:15:00,3.59
TK00003202,P000754,T0001270,S0098,S0049,2025-01-01 08:15:00,4.02
TK00003203,P000479,T0001070,S0068,S0078,2025-01-01 08:15:00,3.23
TK00003204,P000714,T0001373,S0088,S0005,2025-01-01 08:15:00,2.26
TK00003205,P000078,T0000778,S0043,S0032,2025-01-01 08:15:00,3.98
TK00003206,P000799,T0001539,S0049,S0059,2025-01-01 08:15:00,4.14
TK00003207,P000841,T0001910,S0013,S0036,2025-01-01 08:15:00,4.56
TK00003208,P000477,T0000423,S0058,S0060,2025-01-01 08:15:00,1.93
TK00003209,P000366,T0000637,S0016,S0008,2025-01-01 08:15:00,2.01
TK00003210,P000370,T0000011,S0036,S0082,2025-01-01 08:15:00,1.75
TK00003211,P000336,T0000865,S0020,S0097,2025-01-01 08:15:00,2.22
TK00003212,P000198,T0000009,S0100,S0007,2025-01-01 08:15:00,1.86
TK00003213,P000311,T0001784,S0069,S0024,2025-01-01 08:15:00,4.24
TK00003214,P000066,T0001441,S0094,S0076,2025-01-01 08:15:00,2.81
TK00003215,P000415,T0000874,S0081,S0062,2025-01-01 08:15:00,3.07
TK00003216,P000015,T0001712,S0042,S0006,2025-01-01 08:15:00,3.47
TK00003217,P000606,T0000891,S0072,S0064,2025-01-01 08:15:00,2.5
TK00003218,P000653,T0001414,S0014,S0014,2025-01-01 08:15:00,2.91
TK00003219,P000503,T0000118,S0030,S0029,2025-01-01 08:15:00,1.94
TK00003220,P000551,T0000639,S0029,S0090,2025-01-01 08:15:00,4.31
TK00003221,P000810,T0000074,S0005,S0058,2025-01-01 08:15:00,4.26
TK00003222,P000434,T0000477,S0078,S0022,2025-01-01 08:15:00,3.86
TK00003223,P000819,T0000452,S0064,S0046,2025-01-01 08:15:00,4.72
TK00003224,P000130,T0001833,S0014,S0020,2025-01-01 08:15:00,4.47
TK00003225,P000066,T0000502,S0040,S0076,2025-01-01 08:15:00,3.76
TK00003226,P000893,T0000559,S0079,S0017,2025-01-01 08:15:00,2.58
TK00003227,P000380,T0001844,S0032,S0019,2025-01-01 08:15:00,4.09
TK00003228,P000790,T0001676,S0068,S0056,2025-01-01 08:15:00,1.89
TK00003229,P000861,T0001573,S0055,S0014,2025-01-01 08:15:00,2.86
TK00003230,P000689,T0000725,S0083,S0050,2025-01-01 08:15:00,2.76
TK00003231,P000660,T0000340,S0081,S0051,2025-01-01 08:15:00,3.42
TK00003232,P000148,T0001681,S0076,S0081,2025-01-01 08:15:00,4.48
TK00003233,P000151,T0001646,S0037,S0034,2025-01-01 08:15:00,4.69
TK00003234,P000772,T0001923,S0097,S0012,2025-01-01 08:15:00,3.76
TK00003235,P000998,T0000565,S0061,S0042,2025-01-01 08:15:00,4.85
TK00003236,P000142,T0001288,S0072,S0022,2025-01-01 08:15:00,4.23
TK00003237,P000887,T0001636,S0033,S0020,2025-01-01 08:15:00,3.77
TK00003238,P000760,T0000036,S0059,S0088,2025-01-01 08:15:00,3.15
TK00003239,P000626,T0001814,S0075,S0024,2025-01-01 08:15:00,2.13
TK00003240,P000707,T0000701,S0026,S0003,2025-01-01 08:15:00,4.16
TK00003241,P000109,T0001570,S0006,S0020,2025-01-01 08:15:00,1.52
TK00003242,P000606,T0000346,S0068,S0030,2025-01-01 08:15:00,2.66
TK00003243,P000254,T0001306,S0009,S0076,2025-01-01 08:15:00,2.51
TK00003244,P000160,T0000482,S0025,S0028,2025-01-01 08:15:00,1.59
TK00003245,P000811,T0000901,S0020,S0051,2025-01-01 08:15:00,1.82
TK00003246,P000833,T0000670,S0017,S0071,2025-01-01 08:15:00,4.06
TK00003247,P000734,T0000492,S0035,S0019,2025-01-01 08:15:00,1.55
TK00003248,P000934,T0001618,S0014,S0021,2025-01-01 08:15:00,3.72
TK00003249,P000062,T0001110,S0089,S0033,2025-01-01 08:15:00,2.13
TK00003250,P000144,T0001719,S0024,S0092,2025-01-01 08:15:00,4.47
TK00003251,P000273,T0000191,S0050,S0065,2025-01-01 08:15:00,2.19
TK00003252,P000192,T0001796,S0044,S0088,2025-01-01 08:15:00,3.41
TK00003253,P000279,T0000759,S0088,S0053,2025-01-01 08:15:00,2.87
TK00003254,P000201,T0000673,S0046,S0090,2025-01-01 08:15:00,2.84
TK00003255,P000404,T0001166,S0078,S0004,2025-01-01 08:15:00,3.26
TK00003256,P000488,T0001002,S0050,S0073,2025-01-01 08:15:00,3.65
TK00003257,P000761,T0000273,S0057,S0073,2025-01-01 08:15:00,2.21
TK00003258,P000780,T0001719,S0030,S0037,2025-01-01 08:15:00,2.51
TK00003259,P000264,T0001481,S0040,S0083,2025-01-01 08:15:00,2.55
TK00003260,P000599,T0000420,S0035,S0096,2025-01-01 08:15:00,2.37
TK00003261,P000945,T0001760,S0035,S0037,2025-01-01 08:15:00,3.23
TK00003262,P000021,T0000552,S0034,S0058,2025-01-01 08:15:00,1.56
TK00003263,P000278,T0001832,S0058,S0073,2025-01-01 08:15:00,2.92
TK00003264,P000070,T0000560,S0031,S0059,2025-01-01 08:15:00,3.52
TK00003265,P000111,T0000428,S0053,S0092,2025-01-01 08:15:00,2.31
TK00003266,P000230,T0000346,S0100,S0070,2025-01-01 08:15:00,3.47
TK00003266,P000230,T0000346,S0100,S0070,2025-01-01 08:15:00,3.47
TK00003267,P000812,T0000036,S0028,S0040,2025-01-01 08:15:00,3.19
TK00003268,P000950,T0000106,S0043,S0057,2025-01-01 08:15:00,1.68
TK00003269,P000344,T0000271,S0084,S0095,2025-01-01 08:15:00,4.6
TK00003270,P000855,T0000027,S0073,S0050,2025-01-01 08:15:00,4.61
TK00003271,P000564,T0001536,S0094,S0003,2025-01-01 08:15:00,3.76
TK00003272,P000672,T0000251,S0048,S0099,2025-01-01 08:15:00,2.41
TK00003273,P000027,T0000205,S0056,S0010,2025-01-01 08:15:00,2.76
TK00003274,P000600,T0001649,S0093,S0031,2025-01-01 08:15:00,2.93
TK00003275,P000953,T0001661,S0029,S0006,2025-01-01 08:15:00,3.62
TK00003276,P000049,T0001342,S0049,S0067,2025-01-01 08:15:00,2.15
TK00003277,P000050,T0001160,S0035,S0018,2025-01-01 08:15:00,3.6
TK00003278,P000577,T0001772,S0007,S0025,2025-01-01 08:15:00,4.71
TK00003279,P000098,T0001436,S0059,S0005,2025-01-01 08:15:00,4.6
TK00003280,P000786,T0001627,S0001,S0059,2025-01-01 08:15:00,1.85
TK00003281,P000079,T0000563,S0073,S0015,2025-01-01 08:15:00,2.98
TK00003282,P000218,T0001366,S0027,S0060,2025-01-01 08:15:00,3.12
TK00003283,P000688,T0000585,S0088,S0036,2025-01-01 08:15:00,3.97
TK00003284,P000882,T0001489,S0009,S0055,2025-01-01 08:15:00,2.87
TK00003285,P000022,T0000150,S0022,S0049,2025-01-01 08:15:00,2.64
TK00003286,P000778,T0001720,S0076,S0065,2025-01-01 08:15:00,2.79
TK00003287,P000417,T0001738,S0087,S0028,2025-01-01 08:15:00,4.19
TK00003288,P000127,T0000259,S0057,S0006,2025-01-01 08:15:00,3.29
TK00003289,P000893,T0000744,S0005,S0004,2025-01-01 08:15:00,4.98
TK00003290,P000542,T0001358,S0023,S0038,2025-01-01 08:15:00,3.5
TK00003290,P000542,T0001358,S0023,S0038,2025-01-01 08:15:00,3.5
TK00003291,P000686,T0000316,S0040,S0024,2025-01-01 08:15:00,3.91
TK00003292,P000606,T0001585,S0079,S0085,2025-01-01 08:15:00,4.48
TK00003293,P000459,T0000173,S0036,S0061,2025-01-01 08:15:00,1.56
TK00003294,P000332,T0001572,S0084,S0095,2025-01-01 08:15:00,1.6
TK00003295,P000041,T0001198,S0040,S0004,2025-01-01 08:15:00,4.43
TK00003296,P000238,T0000178,S0074,S0078,2025-01-01 08:15:00,4.17
TK00003297,P000714,T0000101,S0056,S0028,2025-01-01 08:15:00,1.92
TK00003298,P000212,T0001448,S0096,S0090,2025-01-01 08:15:00,4.69
TK00003299,P000564,T0000591,S0011,S0065,2025-01-01 08:15:00,4.69
TK00003300,P000955,T0001743,S0070,S0076,2025-01-01 08:15:00,4.98
TK00003301,P000599,T0001625,S0065,S0047,2025-01-01 08:15:00,3.12
TK00003302,P000199,T0001144,S0027,S0088,2025-01-01 08:15:00,1.64
TK00003303,P000180,T0000419,S0041,S0051,2025-01-01 08:15:00,2.3
TK00003304,P000810,T0001262,S0052,S0047,2025-01-01 08:15:00,3.21
TK00003305,P000178,T0001102,S0043,S0053,2025-01-01 08:15:00,3.4
TK00003306,P000186,T0000331,S0071,S0083,2025-01-01 08:15:00,3.55
TK00003307,P000415,T0001513,S0089,S0087,2025-01-01 08:15:00,2.8
TK00003308,P000250,T0001965,S0016,S0029,2025-01-01 08:15:00,3.71
TK00003309,P000912,T0001585,S0054,S0080,2025-01-01 08:15:00,1.72
TK00003310,P000269,T0001405,S0095,S0042,2025-01-01 08:15:00,3.53
TK00003311,P000778,T0000088,S0084,S0016,2025-01-01 08:15:00,1.74
TK00003312,P000608,T0000114,S0008,S0052,2025-01-01 08:15:00,4.17
TK00003313,P000612,T0001665,S0031,S0031,2025-01-01 08:15:00,4.63
TK00003314,P000291,T0000537,S0006,S0071,2025-01-01 08:15:00,2.54
TK00003315,P000522,T0001464,S0016,S0074,2025-01-01 08:15:00,2.87
TK00003316,P000543,T0000234,S0052,S0029,2025-01-01 08:15:00,4.46
TK00003317,P000721,T0000243,S0078,S0090,2025-01-01 08:15:00,2.22
TK00003318,P000092,T0000474,S0060,S0093,2025-01-01 08:15:00,2.26
TK00003319,P000983,T0000307,S0064,S0022,2025-01-01 08:15:00,2.47
TK00003320,P000296,T0000496,S0027,S0099,2025-01-01 08:15:00,4.84
TK00003321,P000204,T0000715,S0046,S0059,2025-01-01 08:15:00,3.5
TK00003322,P000674,T0001035,S0074,S0089,2025-01-01 08:15:00,3.32
TK00003323,P000071,T0000311,S0009,S0006,2025-01-01 08:15:00,2.36
TK00003324,P000269,T0001304,S0050,S0046,2025-01-01 08:15:00,4.87
TK00003325,P000347,T0000358,S0033,S0016,2025-01-01 08:15:00,3.52
TK00003326,P000041,T0001260,S0067,S0053,2025-01-01 08:15:00,2.64
TK00003327,P000097,T0001699,S0042,S0031,2025-01-01 08:15:00,3.0
TK00003328,P000174,T0001418,S0036,S0041,2025-01-01 08:15:00,1.95
TK00003329,,T0001524,S0022,S0065,2025-01-01 08:15:00,3.23
TK00003330,P000384,T0000318,S0091,S0099,2025-01-01 08:15:00,1.65
TK00003331,P000573,T0000492,S0002,S0048,2025-01-01 08:15:00,1.64
TK00003332,P000152,T0001246,S0020,S0035,2025-01-01 08:15:00,3.74
TK00003333,P000581,T0001924,S0031,S0032,2025-01-01 08:15:00,3.5
TK00003334,P000608,T0000715,S0017,S0036,2025-01-01 08:15:00,4.53
TK00003335,P000948,T0000412,S0007,S0057,2025-01-01 08:15:00,4.37
TK00003336,P000814,T0001104,S0088,S0032,2025-01-01 08:15:00,2.02
TK00003337,P000938,T0001623,S0069,S0085,2025-01-01 08:15:00,2.85
TK00003338,P000683,T0000294,S0093,S0027,2025-01-01 08:15:00,1.72
TK00003338,P000683,T0000294,S0093,S0027,2025-01-01 08:15:00,1.72
TK00003339,P000410,T0000007,S0051,S0018,2025-01-01 08:15:00,2.36
TK00003340,P000573,T0001824,S0070,S0019,2025-01-01 08:15:00,4.73
TK00003341,P000527,T0000196,S0074,S0091,2025-01-01 08:15:00,2.97
TK00003342,P000131,T0000821,S0082,S0002,2025-01-01 08:15:00,4.2
TK00003343,P000591,T0001674,S0042,S0023,2025-01-01 08:15:00,4.86
TK00003344,P000412,T0000704,S0099,S0031,2025-01-01 08:15:00,1.79
TK00003345,P000691,T0001638,S0055,S0039,2025-01-01 08:15:00,1.96
TK00003346,P000972,T0001960,S0006,S0028,2025-01-01 08:15:00,4.03
TK00003347,P000614,T0000446,S0063,S0021,2025-01-01 08:15:00,3.37
TK00003348,P000892,T0000559,S0089,S0017,2025-01-01 08:15:00,4.78
TK00003349,P000268,T0001722,S0026,S0099,2025-01-01 08:15:00,2.65
TK00003350,P000071,T0001647,S0008,S0056,2025-01-01 08:15:00,2.52
TK00003351,P000567,T0000895,S0017,S0003,2025-01-01 08:15:00,4.06
TK00003352,P000783,T0001993,S0030,S0023,2025-01-01 08:15:00,1.88
TK00003353,P000621,T0000512,S0079,S0079,2025-01-01 08:15:00,2.68
TK00003354,P000497,T0001397,S0075,S0009,2025-01-01 08:15:00,3.97
TK00003355,P000871,T0000570,S0042,S0017,2025-01-01 08:15:00,2.27
TK00003356,P000605,T0001600,S0052,S0001,2025-01-01 08:15:00,2.17
TK00003357,P000775,T0001798,S0084,S0005,2025-01-01 08:15:00,4.04
TK00003358,P000282,T0000688,S0065,S0099,2025-01-01 08:15:00,2.3
TK00003359,P000495,T0001548,S0030,S0043,2025-01-01 08:15:00,4.37
TK00003359,P000495,T0001548,S0030,S0043,2025-01-01 08:15:00,4.37
TK00003360,P000415,T0001342,S0039,S0088,2025-01-01 08:15:00,2.62
TK00003361,P000667,T0001691,S0078,S0047,2025-01-01 08:15:00,4.11
TK00003362,P000019,T0001528,S0013,S0010,2025-01-01 08:15:00,1.8
TK00003363,P000321,T0001332,S0028,S0071,2025-01-01 08:15:00,2.45
TK00003364,P000921,T0000379,S0007,S0022,2025-01-01 08:15:00,2.78
TK00003365,P000976,T0001633,S0032,S0017,2025-01-01 08:15:00,2.8
TK00003366,P000472,T0000216,S0044,S0099,2025-01-01 08:15:00,2.96
TK00003367,P000968,T0000993,S0006,S0045,2025-01-01 08:15:00,4.36
TK00003368,P000866,T0000507,S0017,S0075,2025-01-01 08:15:00,4.94
TK00003369,P000197,T0001452,S0065,S0067,2025-01-01 08:15:00,4.45
TK00003370,P000148,T0000330,S0040,S0070,2025-01-01 08:15:00,2.7
TK00003371,P000788,T0000236,S0080,S0084,2025-01-01 08:15:00,4.64
TK00003372,P000464,T0000269,S0052,S0099,2025-01-01 08:15:00,4.33
TK00003373,P000215,T0000591,S0032,S0010,2025-01-01 08:15:00,4.81
TK00003374,P000490,T0001071,S0040,S0053,2025-01-01 08:15:00,1.53
TK00003375,P000708,T0001761,S0050,S0064,2025-01-01 08:15:00,2.57
TK00003376,P000894,T0001777,S0094,S0062,2025-01-01 08:15:00,3.19
TK00003377,P000001,T0001670,S0050,S0044,2025-01-01 08:15:00,4.1
TK00003378,P000220,T0001075,S0059,S0084,2025-01-01 08:15:00,2.72
TK00003379,P000924,T0001281,S0087,S0032,2025-01-01 08:15:00,3.62
TK00003380,P000851,T0000548,S0047,S0031,2025-01-01 08:15:00,2.83
TK00003381,P000588,T0001524,S0044,S0051,2025-01-01 08:15:00,4.41
TK00003382,P000841,T0000078,S0083,S0056,2025-01-01 08:15:00,2.52
TK00003383,P000633,T0001775,S0001,S0009,2025-01-01 08:15:00,1.67
TK00003384,P000407,T0000684,S0096,S0046,2025-01-01 08:15:00,4.57
TK00003385,P000325,T0000965,S0083,S0083,2025-01-01 08:15:00,4.0
TK00003386,P000225,T0001575,S0072,S0076,2025-01-01 08:15:00,1.95
TK00003387,P000466,T0001384,S0030,S0044,2025-01-01 08:15:00,3.6
TK00003388,P000063,T0001741,S0049,S0044,2025-01-01 08:15:00,3.42
TK00003389,P000202,T0000684,S0002,S0056,2025-01-01 08:15:00,2.28
TK00003390,P000982,T0001339,S0010,S0018,2025-01-01 08:15:00,3.64
TK00003391,P000811,T0001460,S0097,S0087,2025-01-01 08:15:00,4.58
TK00003392,P000127,T0001891,S0081,S0069,2025-01-01 08:15:00,3.52
TK00003393,P000745,T0001158,S0010,S0021,2025-01-01 08:15:00,2.49
TK00003394,P000741,T0001337,S0089,S0053,2025-01-01 08:15:00,4.56
TK00003395,P000088,T0001686,S0068,S0067,2025-01-01 08:15:00,3.72
TK00003396,P000443,T0001343,S0009,S0040,2025-01-01 08:15:00,3.55
TK00003397,P000266,T0001492,S0085,S0073,2025-01-01 08:15:00,4.96
TK00003398,P000202,T0001601,S0055,S0090,2025-01-01 08:15:00,3.69
TK00003399,P000325,T0001564,S0073,S0092,2025-01-01 08:15:00,4.41
TK00003400,P000792,T0001124,S0042,S0042,2025-01-01 08:15:00,3.75
TK00003401,P000697,T0001999,S0046,S0038,2025-01-01 08:15:00,3.07
TK00003402,P000554,T0000472,S0011,S0026,2025-01-01 08:15:00,2.38
TK00003403,P000264,T0001639,S0096,S0039,2025-01-01 08:15:00,1.98
TK00003404,P000929,T0000757,S0075,S0085,2025-01-01 08:15:00,2.2
TK00003405,P000786,T0001024,S0012,S0045,2025-01-01 08:15:00,4.37
TK00003406,P000185,T0000657,S0098,S0094,2025-01-01 08:15:00,3.35
TK00003407,P000982,T0001926,S0028,S0087,2025-01-01 08:15:00,2.07
TK00003408,P000558,T0000569,S0071,S0072,2025-01-01 08:15:00,3.3
TK00003409,P000661,T0000725,S0082,S0086,2025-01-01 08:15:00,1.67
TK00003410,P000788,T0000376,S0055,S0086,2025-01-01 08:15:00,2.15
TK00003411,P000952,T0001002,S0004,S0083,2025-01-01 08:15:00,2.47
TK00003412,P000443,T0000258,S0033,S0038,2025-01-01 08:15:00,2.01
TK00003413,P000978,T0001209,S0044,S0064,2025-01-01 08:15:00,3.95
TK00003414,P000840,T0000607,S0026,S0059,2025-01-01 08:15:00,3.76
TK00003415,P000902,T0000550,S0080,S0010,2025-01-01 08:15:00,4.88
TK00003416,P000445,T0001756,S0071,S0065,2025-01-01 08:15:00,4.04
TK00003417,P000854,T0000960,S0041,S0066,2025-01-01 08:15:00,1.5
TK00003418,P000194,T0001467,S0086,S0073,2025-01-01 08:15:00,3.86
TK00003419,P000472,T0000868,S0044,S0097,2025-01-01 08:15:00,3.11
TK00003420,P000048,T0000201,S0093,S0071,2025-01-01 08:15:00,4.98
TK00003421,P000699,T0000778,S0008,S0099,2025-01-01 08:15:00,2.84
TK00003422,P000134,T0001105,S0040,S0034,2025-01-01 08:15:00,4.43
TK00003423,P000138,T0000978,S0001,S0060,2025-01-01 08:15:00,3.53
TK00003424,P000597,T0001802,S0034,S0024,2025-01-01 08:15:00,4.66
TK00003425,P000180,T0000420,S0010,S0057,2025-01-01 08:15:00,1.72
TK00003426,P000342,T0001963,S0010,S0026,2025-01-01 08:15:00,4.33
TK00003427,P000578,T0001507,S0088,S0085,2025-01-01 08:15:00,4.48
TK00003428,P000064,T0001607,S0059,S0026,2025-01-01 08:15:00,3.82
TK00003429,P000026,T0000037,S0056,S0066,2025-01-01 08:15:00,3.91
TK00003430,P000576,T0000724,S0085,S0013,2025-01-01 08:15:00,3.49
TK00003431,P000359,T0001706,S0012,S0029,2025-01-01 08:15:00,3.26
TK00003432,P000202,T0000312,S0030,S0013,2025-01-01 08:15:00,2.25
TK00003433,P000616,T0000674,S0078,S0039,2025-01-01 08:15:00,2.25
TK00003434,P000808,T0000652,S0098,S0085,2025-01-01 08:15:00,2.87
TK00003435,P000205,T0001244,S0092,S0032,2025-01-01 08:15:00,2.39
TK00003436,P000169,T0001387,S0031,S0099,2025-01-01 08:15:00,4.33
TK00003437,P000343,T0000983,S0077,S0041,2025-01-01 08:15:00,2.69
TK00003438,P000246,T0000168,S0026,S0006,2025-01-01 08:15:00,2.32
TK00003439,P000438,T0001339,S0079,S0057,2025-01-01 08:15:00,3.68
TK00003440,P000139,T0001259,S0069,S0084,2025-01-01 08:15:00,2.72
TK00003441,P000770,T0001319,S0052,S0036,2025-01-01 08:15:00,2.57
TK00003442,P000458,T0000579,S0039,S0085,2025-01-01 08:15:00,4.95
TK00003443,P000081,T0001813,S0076,S0045,2025-01-01 08:15:00,3.65
TK00003444,P000862,T0000359,S0080,S0006,2025-01-01 08:15:00,2.37
TK00003445,P000271,T0001099,S0024,S0069,2025-01-01 08:15:00,2.41
TK00003446,P000882,T0001180,S0012,S0005,2025-01-01 08:15:00,2.46
TK00003447,P000480,T0000579,S0079,S0002,2025-01-01 08:15:00,3.02
TK00003448,P000808,T0000349,S0057,S0091,2025-01-01 08:15:00,1.51
TK00003449,P000768,T0001726,S0013,S0068,2025-01-01 08:15:00,2.12
TK00003450,P000203,T0000864,S0009,S0018,2025-01-01 08:15:00,3.82
TK00003451,P000268,T0001627,S0016,S0081,2025-01-01 08:15:00,4.38
TK00003452,P000062,T0000158,S0066,S0016,2025-01-01 08:15:00,3.96
TK00003453,P000373,T0000739,S0091,S0088,2025-01-01 08:15:00,3.44
TK00003454,P000387,T0001275,S0059,S0088,2025-01-01 08:15:00,3.71
TK00003455,P000778,T0000430,S0005,S0042,2025-01-01 08:15:00,2.61
TK00003456,P000408,T0000306,S0064,S0087,2025-01-01 08:15:00,4.4
TK00003456,P000408,T0000306,S0064,S0087,2025-01-01 08:15:00,4.4
TK00003457,P000501,T0000612,S0033,S0038,2025-01-01 08:15:00,4.9
TK00003458,P000636,T0001809,S0098,S0008,2025-01-01 08:15:00,2.65
TK00003459,P000873,T0001139,S0053,S0086,2025-01-01 08:15:00,3.76
TK00003460,P000738,T0001575,S0045,S0053,2025-01-01 08:15:00,2.68
TK00003461,P000302,T0001548,S0065,S0037,2025-01-01 08:15:00,2.01
TK00003462,P000894,T0001926,S0050,S0064,2025-01-01 08:15:00,2.57
TK00003463,P000297,T0001801,S0063,S0016,2025-01-01 08:15:00,1.99
TK00003464,P000199,T0001903,S0016,S0005,2025-01-01 08:15:00,2.79
TK00003465,P000624,T0000130,S0095,S0032,2025-01-01 08:15:00,3.37
TK00003466,P000126,T0001293,S0044,S0002,2025-01-01 08:15:00,4.96
TK00003467,P000780,T0000709,S0018,S0069,2025-01-01 08:15:00,3.1
TK00003467,P000780,T0000709,S0018,S0069,2025-01-01 08:15:00,3.1
TK00003468,P000588,T0001941,S0034,S0096,2025-01-01 08:15:00,1.6
TK00003469,P000371,T0000402,S0044,S0020,2025-01-01 08:15:00,3.88
TK00003470,P000016,T0001095,S0004,S0033,2025-01-01 08:15:00,3.46
TK00003471,P000477,T0001315,S0097,S0039,2025-01-01 08:15:00,4.95
TK00003472,P000221,T0001657,S0084,S0054,2025-01-01 08:15:00,1.95
TK00003473,P000724,T0000230,S0075,S0085,2025-01-01 08:15:00,4.3
TK00003473,P000724,T0000230,S0075,S0085,2025-01-01 08:15:00,4.3
TK00003474,P000379,T0001831,S0048,S0005,2025-01-01 08:15:00,2.55
TK00003475,P000500,T0000048,S0089,S0040,2025-01-01 08:15:00,3.88
TK00003476,P000218,T0000599,S0071,S0085,2025-01-01 08:15:00,3.33
TK00003477,P000133,T0001687,S0024,S0054,2025-01-01 08:15:00,3.96
TK00003478,P000317,T0000368,S0031,S0050,2025-01-01 08:15:00,3.4
TK00003479,P000773,T0001863,S0048,S0077,2025-01-01 08:15:00,3.68
TK00003480,P000938,T0001580,S0088,S0071,2025-01-01 08:15:00,4.79
TK00003481,P000722,T0001395,S0079,S0031,2025-01-01 08:15:00,4.57
TK00003482,P000256,T0000365,S0052,S0038,2025-01-01 08:15:00,3.41
TK00003483,P000901,T0001622,S0027,S0054,2025-01-01 08:15:00,4.26
TK00003484,P000037,T0000159,S0063,S0076,2025-01-01 08:15:00,2.64
TK00003485,P000590,T0000640,S0046,S0035,2025-01-01 08:15:00,3.94
TK00003486,P000682,T0000906,S0051,S0059,2025-01-01 08:15:00,4.66
TK00003487,P000867,T0001744,S0026,S0034,2025-01-01 08:15:00,3.86
TK00003488,P000190,T0001571,S0090,S0035,2025-01-01 08:15:00,2.88
TK00003489,P000091,T0001905,S0097,S0041,2025-01-01 08:15:00,2.89
TK00003490,P000118,T0001080,S0055,S0001,2025-01-01 08:15:00,3.05
TK00003491,P000794,T0000566,S0013,S0083,2025-01-01 08:15:00,4.64
TK00003492,P000442,T0000205,S0061,S0078,2025-01-01 08:15:00,1.88
TK00003493,P000866,T0000538,S0033,S0023,2025-01-01 08:15:00,2.58
TK00003494,P000169,T0001296,S0003,S0092,2025-01-01 08:15:00,2.7
TK00003495,P000191,T0000417,S0072,S0012,2025-01-01 08:15:00,2.58
TK00003496,P000386,T0000584,S0057,S0068,2025-01-01 08:15:00,3.75
TK00003497,P000153,T0001858,S0019,S0030,2025-01-01 08:15:00,2.37
TK00003498,P000107,T0001489,S0015,S0068,2025-01-01 08:15:00,1.88
TK00003499,P000141,T0001749,S0002,S0050,2025-01-01 08:15:00,3.27
TK00003500,P000750,T0001932,S0066,S0051,2025-01-01 08:15:00,1.81
TK00003501,P000866,T0000599,S0009,S0062,2025-01-01 08:15:00,2.06
TK00003502,P000675,T0001330,S0062,S0075,2025-01-01 08:15:00,1.67
TK00003503,P000112,T0000886,S0046,S0032,2025-01-01 08:15:00,1.98
TK00003504,P000816,T0000937,S0058,S0017,2025-01-01 08:15:00,4.84
TK00003505,P000910,T0001713,S0075,S0019,2025-01-01 08:15:00,3.96
TK00003506,P000270,T0001677,S0009,S0021,2025-01-01 08:15:00,4.34
TK00003507,P000719,T0000684,S0041,S0044,2025-01-01 08:15:00,4.72
TK00003508,P000852,T0000524,S0083,S0051,2025-01-01 08:15:00,1.59
TK00003509,P000666,T0001717,S0048,S0003,2025-01-01 08:15:00,3.22
TK00003510,P000166,T0001405,S0006,S0069,2025-01-01 08:15:00,2.02
TK00003511,P000551,T0001651,S0064,S0028,2025-01-01 08:15:00,3.88
TK00003512,P000555,T0000703,S0056,S0016,2025-01-01 08:15:00,1.54
TK00003513,P000158,T0001838,S0081,S0051,2025-01-01 08:15:00,2.58
TK00003514,P000758,T0001237,S0057,S0074,2025-01-01 08:15:00,4.49
TK00003515,P000983,T0000348,S0022,S0028,2025-01-01 08:15:00,3.01
TK00003516,P000573,T0001038,S0039,S0037,2025-01-01 08:15:00,3.59
TK00003517,P000461,T0001445,S0068,S0047,2025-01-01 08:15:00,2.4
TK00003518,P000213,T0000454,S0066,S0026,2025-01-01 08:15:00,2.81
TK00003519,P000670,T0000753,S0081,S0078,2025-01-01 08:15:00,3.67
TK00003520,P000596,T0000002,S0068,S0088,2025-01-01 08:15:00,4.7
TK00003521,P000551,T0000341,S0098,S0061,2025-01-01 08:15:00,2.29
TK00003522,P000184,T0000551,S0045,S0031,2025-01-01 08:15:00,3.81
TK00003523,P000242,T0000378,S0001,S0057,2025-01-01 08:15:00,2.26
TK00003524,P000682,T0000549,S0095,S0002,2025-01-01 08:15:00,3.33
TK00003525,P000603,T0000558,S0092,S0091,2025-01-01 08:15:00,1.62
TK00003526,P000229,T0001091,S0051,S0070,2025-01-01 08:15:00,4.44
TK00003527,P000019,T0001488,S0058,S0069,2025-01-01 08:15:00,3.86
TK00003528,P000743,T0000259,S0009,S0090,2025-01-01 08:15:00,1.88
TK00003529,P000600,T0001458,S0041,S0039,2025-01-01 08:15:00,3.24
TK00003530,P000835,T0001664,S0094,S0021,2025-01-01 08:15:00,4.82
TK00003531,P000736,T0000252,S0018,S0052,2025-01-01 08:15:00,1.95
TK00003532,P000986,T0000308,S0087,S0092,2025-01-01 08:15:00,2.9
TK00003533,P000467,T0001345,S0030,S0038,2025-01-01 08:15:00,3.57
TK00003534,P000383,T0001188,S0058,S0029,2025-01-01 08:15:00,3.81
TK00003535,P000497,T0000902,S0005,S0059,2025-01-01 08:15:00,1.6
TK00003536,P000296,T0001157,S0066,S0072,2025-01-01 08:15:00,3.89
TK00003537,P000828,T0001988,S0074,S0080,2025-01-01 08:15:00,2.26
TK00003538,P000496,T0001194,S0059,S0022,2025-01-01 08:15:00,3.94
TK00003539,P000706,T0001889,S0093,S0033,2025-01-01 08:15:00,3.97
TK00003540,P000669,T0001735,S0086,S0025,2025-01-01 08:15:00,1.63
TK00003541,P000860,T0000922,S0010,S0055,2025-01-01 08:15:00,4.12
TK00003542,P000328,T0001687,S0040,S0079,2025-01-01 08:15:00,2.65
TK00003543,P000485,T0000385,S0030,S0048,2025-01-01 08:15:00,1.93
TK00003544,P000457,T0001260,S0041,S0012,2025-01-01 08:15:00,1.9
TK00003545,P000626,T0000074,S0029,S0059,2025-01-01 08:15:00,2.06
TK00003546,P000018,T0000813,S0069,S0059,2025-01-01 08:15:00,4.26
TK00003547,P000523,T0000943,S0045,S0015,2025-01-01 08:15:00,2.95
TK00003548,P000520,T0001253,S0027,S0097,2025-01-01 08:15:00,3.9
TK00003549,P000342,T0000083,S0035,S0017,2025-01-01 08:15:00,2.83
TK00003550,P000637,T0000234,S0046,S0073,2025-01-01 08:15:00,3.32
TK00003551,P000522,T0001593,S0091,S0081,2025-01-01 08:15:00,3.95
TK00003552,P000538,T0001754,S0008,S0010,2025-01-01 08:15:00,2.09
TK00003553,P000171,T0000343,S0008,S0020,2025-01-01 08:15:00,3.5
TK00003554,P000432,T0001520,S0039,S0007,2025-01-01 08:15:00,1.67
TK00003555,P000975,T0000591,S0035,S0059,2025-01-01 08:15:00,2.01
TK00003555,P000975,T0000591,S0035,S0059,2025-01-01 08:15:00,2.01
TK00003556,P000483,T0000620,S0086,S0045,2025-01-01 08:15:00,3.33
TK00003557,P000355,T0000085,S0084,S0078,2025-01-01 08:15:00,2.7
TK00003558,P000204,T0001620,S0017,S0044,2025-01-01 08:15:00,1.68
TK00003559,P000774,T0000109,S0026,S0072,2025-01-01 08:15:00,2.82
TK00003560,P000064,T0001350,S0049,S0058,2025-01-01 08:15:00,3.33
TK00003561,P000142,T0001747,S0078,S0060,2025-01-01 08:15:00,2.8
TK00003562,P000655,T0000034,S0040,S0090,2025-01-01 08:15:00,2.22
TK00003563,P000239,T0000368,S0092,S0040,2025-01-01 08:15:00,2.32
TK00003564,,T0001903,S0083,S0093,2025-01-01 08:15:00,3.74
TK00003565,P000032,T0001674,S0041,S0019,2025-01-01 08:15:00,4.73
TK00003566,P000321,T0001375,S0001,S0005,2025-01-01 08:15:00,3.67
TK00003567,P000735,T0000096,S0026,S0044,2025-01-01 08:15:00,3.89
TK00003568,,T0001562,S0091,S0042,2025-01-01 08:15:00,3.61
TK00003569,P000120,T0000193,S0086,S0021,2025-01-01 08:15:00,3.93
TK00003570,P000852,T0001047,S0092,S0016,2025-01-01 08:15:00,4.35
TK00003571,P000523,T0001244,S0041,S0005,2025-01-01 08:15:00,3.35
TK00003572,P000874,T0001401,S0022,S0051,2025-01-01 08:15:00,4.25
TK00003573,P000402,T0000816,S0003,S0098,2025-01-01 08:15:00,4.38
TK00003574,P000142,T0001500,S0056,S0006,2025-01-01 08:15:00,3.96
TK00003575,P000946,T0000061,S0028,S0034,2025-01-01 08:15:00,3.78
TK00003576,P000191,T0000782,S0057,S0087,2025-01-01 08:15:00,3.68
TK00003577,P000891,T0000748,S0036,S0084,2025-01-01 08:15:00,1.69
TK00003578,P000254,T0000543,S0015,S0016,2025-01-01 08:15:00,2.21
TK00003579,P000584,T0001824,S0053,S0071,2025-01-01 08:15:00,4.3
TK00003580,P000478,T0001628,S0017,S0054,2025-01-01 08:15:00,4.07
TK00003581,P000407,T0001761,S0100,S0009,2025-01-01 08:15:00,4.83
TK00003582,P000912,T0000376,S0028,S0001,2025-01-01 08:15:00,1.53
TK00003583,P000634,T0001243,S0039,S0098,2025-01-01 08:15:00,3.33
TK00003584,P000448,T0000911,S0065,S0037,2025-01-01 08:15:00,2.58
TK00003585,P000735,T0000081,S0092,S0027,2025-01-01 08:15:00,4.44
TK00003586,P000680,T0000019,S0051,S0052,2025-01-01 08:15:00,3.69
TK00003587,P000713,T0001997,S0028,S0008,2025-01-01 08:15:00,3.28
TK00003588,P000175,T0000075,S0012,S0037,2025-01-01 08:15:00,2.05
TK00003589,P000921,T0000706,S0087,S0093,2025-01-01 08:15:00,4.0
TK00003590,P000328,T0001844,S0030,S0035,2025-01-01 08:15:00,4.58
TK00003591,P000365,T0001868,S0049,S0015,2025-01-01 08:15:00,3.99
TK00003592,P000231,T0001457,S0067,S0022,2025-01-01 08:15:00,1.85
TK00003593,P000239,T0000100,S0059,S0054,2025-01-01 08:15:00,1.66
TK00003594,P000499,T0000017,S0051,S0096,2025-01-01 08:15:00,3.95
TK00003595,P000097,T0001245,S0004,S0043,2025-01-01 08:15:00,4.53
TK00003596,P000770,T0000449,S0050,S0011,2025-01-01 08:15:00,2.16
TK00003597,P000343,T0001949,S0021,S0042,2025-01-01 08:15:00,2.06
TK00003598,P000662,T0001565,S0089,S0003,2025-01-01 08:15:00,4.59
TK00003599,P000583,T0001454,S0021,S0021,2025-01-01 08:15:00,2.35
TK00003600,P000728,T0000290,S0094,S0028,2025-01-01 08:15:00,3.78
TK00003601,P000440,T0000452,S0072,S0012,2025-01-01 08:15:00,4.69
TK00003602,P000907,T0001866,S0081,S0011,2025-01-01 08:15:00,4.57
TK00003603,P000236,T0000472,S0020,S0092,2025-01-01 08:15:00,2.98
TK00003604,P000102,T0001857,S0073,S0096,2025-01-01 08:15:00,3.84
TK00003605,P000878,T0000843,S0011,S0010,2025-01-01 08:15:00,3.5
TK00003606,P000694,T0001808,S0043,S0042,2025-01-01 08:15:00,2.96
TK00003607,P000317,T0001180,S0061,S0077,2025-01-01 08:15:00,4.08
TK00003608,P000254,T0001131,S0020,S0022,2025-01-01 08:15:00,4.45
TK00003609,P000561,T0001760,S0099,S0031,2025-01-01 08:15:00,3.39
TK00003610,P000650,T0000647,S0093,S0066,2025-01-01 08:15:00,4.33
TK00003611,P000042,T0001847,S0081,S0056,2025-01-01 08:15:00,4.13
TK00003612,P000205,T0001209,S0038,S0081,2025-01-01 08:15:00,4.53
TK00003613,P000609,T0001703,S0083,S0072,2025-01-01 08:15:00,1.93
TK00003614,P000093,T0001547,S0065,S0061,2025-01-01 08:15:00,3.47
TK00003615,P001000,T0001559,S0045,S0029,2025-01-01 08:15:00,4.06
TK00003616,P000835,T0000590,S0038,S0073,2025-01-01 08:15:00,3.89
TK00003617,P000194,T0001567,S0023,S0079,2025-01-01 08:15:00,4.73
TK00003618,P000080,T0000477,S0054,S0001,2025-01-01 08:15:00,4.77
TK00003619,P000508,T0001118,S0093,S0044,2025-01-01 08:15:00,3.71
TK00003620,P000494,T0000051,S0068,S0025,2025-01-01 08:15:00,4.8
TK00003621,P000677,T0000671,S0042,S0047,2025-01-01 08:15:00,4.18
TK00003622,P000895,T0001407,S0024,S0091,2025-01-01 08:15:00,4.74
TK00003623,P000176,T0001148,S0012,S0053,2025-01-01 08:15:00,2.71
TK00003624,P000194,T0001502,S0100,S0009,2025-01-01 08:15:00,2.4
TK00003625,P000494,T0000132,S0086,S0093,2025-01-01 08:15:00,2.14
TK00003626,P000682,T0001933,S0061,S0087,2025-01-01 08:15:00,4.48
TK00003627,P000081,T0001422,S0006,S0043,2025-01-01 08:15:00,4.19
TK00003628,P000926,T0001214,S0025,S0025,2025-01-01 08:15:00,2.35
TK00003629,P000504,T0001657,S0031,S0085,2025-01-01 08:15:00,1.88
TK00003629,P000504,T0001657,S0031,S0085,2025-01-01 08:15:00,1.88
TK00003630,P000139,T0002000,S0025,S0088,2025-01-01 08:15:00,4.35
TK00003631,P000114,T0000721,S0068,S0083,2025-01-01 08:15:00,4.44
TK00003632,P000414,T0001227,S0009,S0020,2025-01-01 08:15:00,4.28
TK00003633,P000493,T0001982,S0035,S0019,2025-01-01 08:15:00,2.4
TK00003634,P000002,T0000187,S0021,S0067,2025-01-01 08:15:00,1.58
TK00003635,P000049,T0000677,S0039,S0063,2025-01-01 08:15:00,4.84
TK00003636,P000393,T0001397,S0033,S0076,2025-01-01 08:15:00,3.37
TK00003637,P000538,T0001514,S0041,S0083,2025-01-01 08:15:00,2.26
TK00003638,P000536,T0001499,S0065,S0013,2025-01-01 08:15:00,3.14
TK00003639,P000497,T0000731,S0100,S0070,2025-01-01 08:15:00,4.11
TK00003640,P000755,T0001793,S0064,S0065,2025-01-01 08:15:00,4.78
TK00003641,P000490,T0000429,S0007,S0044,2025-01-01 08:15:00,1.93
TK00003641,P000490,T0000429,S0007,S0044,2025-01-01 08:15:00,1.93
TK00003642,P000754,T0001372,S0039,S0039,2025-01-01 08:15:00,4.05
TK00003643,P000753,T0000446,S0086,S0027,2025-01-01 08:15:00,3.89
TK00003644,P000579,T0001734,S0021,S0063,2025-01-01 08:15:00,4.62
TK00003645,P000475,T0001429,S0047,S0035,2025-01-01 08:15:00,1.85
TK00003646,P000965,T0001717,S0003,S0046,2025-01-01 08:15:00,1.95
TK00003647,P000613,T0000922,S0080,S0083,2025-01-01 08:15:00,3.78
TK00003648,P000787,T0000479,S0023,S0046,2025-01-01 08:15:00,4.22
TK00003649,P000247,T0001675,S0089,S0017,2025-01-01 08:15:00,3.44
TK00003650,P000035,T0001344,S0080,S0003,2025-01-01 08:15:00,4.56
TK00003651,P000770,T0000461,S0080,S0003,2025-01-01 08:15:00,3.66
TK00003652,P000825,T0000751,S0040,S0026,2025-01-01 08:15:00,2.36
TK00003653,P000207,T0001494,S0059,S0021,2025-01-01 08:15:00,4.44
TK00003654,P000230,T0000356,S0094,S0013,2025-01-01 08:15:00,1.51
TK00003655,P000661,T0000197,S0095,S0096,2025-01-01 08:15:00,4.14
TK00003656,P000213,T0000805,S0032,S0033,2025-01-01 08:15:00,2.56
TK00003657,P000863,T0000423,S0052,S0065,2025-01-01 08:15:00,2.3
TK00003658,P000441,T0000824,S0056,S0070,2025-01-01 08:15:00,4.95
TK00003659,P000962,T0001785,S0092,S0021,2025-01-01 08:15:00,4.4
TK00003660,P000978,T0001364,S0039,S0017,2025-01-01 08:15:00,1.82
TK00003661,P000019,T0000602,S0092,S0067,2025-01-01 08:15:00,3.96
TK00003662,P000921,T0000128,S0009,S0044,2025-01-01 08:15:00,1.54
TK00003663,P000124,T0001406,S0070,S0077,2025-01-01 08:15:00,2.78
TK00003664,,T0000545,S0089,S0018,2025-01-01 08:15:00,3.19
TK00003665,P000294,T0000792,S0006,S0034,2025-01-01 08:15:00,3.47
TK00003666,P000768,T0001819,S0086,S0029,2025-01-01 08:15:00,4.44
TK00003667,P000277,T0000178,S0097,S0002,2025-01-01 08:15:00,3.17
TK00003668,P000863,T0000503,S0012,S0029,2025-01-01 08:15:00,3.09
TK00003669,P000132,T0000636,S0013,S0011,2025-01-01 08:15:00,3.48
TK00003670,P000418,T0000264,S0073,S0043,2025-01-01 08:15:00,1.65
TK00003671,P000514,T0000637,S0058,S0026,2025-01-01 08:15:00,3.34
TK00003672,P000713,T0000256,S0005,S0008,2025-01-01 08:15:00,2.67
TK00003673,,T0000269,S0013,S0003,2025-01-01 08:15:00,3.59
TK00003674,P000038,T0000243,S0004,S0041,2025-01-01 08:15:00,2.88
TK00003674,P000038,T0000243,S0004,S0041,2025-01-01 08:15:00,2.88
TK00003675,P000212,T0001987,S0078,S0061,2025-01-01 08:15:00,3.95
TK00003676,P000136,T0000961,S0006,S0042,2025-01-01 08:15:00,4.86
TK00003676,P000136,T0000961,S0006,S0042,2025-01-01 08:15:00,4.86
TK00003677,P000653,T0001970,S0008,S0083,2025-01-01 08:15:00,4.05
TK00003678,,T0001163,S0080,S0024,2025-01-01 08:15:00,3.01
TK00003679,P000018,T0000991,S0019,S0077,2025-01-01 08:15:00,4.86
TK00003680,P000329,T0000490,S0014,S0097,2025-01-01 08:15:00,3.31
TK00003681,P000449,T0001824,S0076,S0056,2025-01-01 08:15:00,4.18
TK00003682,P000119,T0001184,S0085,S0082,2025-01-01 08:15:00,2.69
TK00003683,P000916,T0000397,S0066,S0038,2025-01-01 08:15:00,3.18
TK00003684,P000770,T0001493,S0055,S0066,2025-01-01 08:15:00,3.89
TK00003685,P000760,T0001147,S0086,S0077,2025-01-01 08:15:00,3.68
TK00003685,P000760,T0001147,S0086,S0077,2025-01-01 08:15:00,3.68
TK00003686,P000114,T0000703,S0053,S0098,2025-01-01 08:15:00,2.75
TK00003687,P000611,T0001726,S0025,S0058,2025-01-01 08:15:00,3.57
TK00003688,P000910,T0000316,S0009,S0068,2025-01-01 08:15:00,1.78
TK00003689,P000729,T0001125,S0070,S0020,2025-01-01 08:15:00,3.81
TK00003690,P000553,T0001135,S0011,S0062,2025-01-01 08:15:00,4.9
TK00003691,P000474,T0001774,S0054,S0098,2025-01-01 08:15:00,3.78
TK00003692,P000050,T0000791,S0083,S0098,2025-01-01 08:15:00,1.99
TK00003693,P000353,T0001673,S0021,S0002,2025-01-01 08:15:00,2.59
TK00003694,P000389,T0000884,S0045,S0077,2025-01-01 08:15:00,2.42
TK00003695,P000533,T0001461,S0002,S0006,2025-01-01 08:15:00,4.17
TK00003696,P000055,T0001413,S0058,S0013,2025-01-01 08:15:00,3.57
TK00003697,P000896,T0001371,S0030,S0100,2025-01-01 08:15:00,4.04
TK00003698,P000472,T0000633,S0024,S0056,2025-01-01 08:15:00,3.05
TK00003699,P000072,T0000485,S0073,S0046,2025-01-01 08:15:00,4.71
TK00003700,P000506,T0001196,S0085,S0091,2025-01-01 08:15:00,3.35
TK00003701,P000995,T0000617,S0074,S0022,2025-01-01 08:15:00,4.22
TK00003702,P000847,T0000942,S0092,S0019,2025-01-01 08:15:00,3.78
TK00003703,P000822,T0000319,S0040,S0033,2025-01-01 08:15:00,3.44
TK00003704,P000799,T0000776,S0002,S0018,2025-01-01 08:15:00,4.79
TK00003705,P000984,T0000261,S0100,S0029,2025-01-01 08:15:00,2.02
TK00003706,P000379,T0000171,S0078,S0065,2025-01-01 08:15:00,2.29
TK00003707,P000994,T0000093,S0064,S0001,2025-01-01 08:15:00,3.42
TK00003708,P000971,T0001629,S0058,S0085,2025-01-01 08:15:00,2.44
TK00003709,P000183,T0000560,S0091,S0075,2025-01-01 08:15:00,3.72
TK00003710,P000526,T0000840,S0067,S0006,2025-01-01 08:15:00,4.21
TK00003711,P000112,T0000266,S0058,S0036,2025-01-01 08:15:00,2.6
TK00003712,P000723,T0000207,S0039,S0053,2025-01-01 08:15:00,1.93
TK00003713,P000823,T0000435,S0082,S0065,2025-01-01 08:15:00,1.84
TK00003714,P000789,T0000448,S0002,S0087,2025-01-01 08:15:00,3.16
TK00003715,P000305,T0001425,S0080,S0066,2025-01-01 08:15:00,3.62
TK00003716,P000321,T0001998,S0098,S0058,2025-01-01 08:15:00,3.39
TK00003717,P000334,T0000780,S0095,S0058,2025-01-01 08:15:00,1.59
TK00003718,P000594,T0001948,S0006,S0097,2025-01-01 08:15:00,4.96
TK00003719,P000112,T0000107,S0018,S0011,2025-01-01 08:15:00,3.69
TK00003720,P000289,T0000609,S0032,S0100,2025-01-01 08:15:00,4.24
TK00003721,P000467,T0000681,S0091,S0050,2025-01-01 08:15:00,2.25
TK00003722,P000706,T0000976,S0081,S0031,2025-01-01 08:15:00,1.58
TK00003723,P000440,T0001955,S0090,S0031,2025-01-01 08:15:00,4.88
TK00003724,P000107,T0000967,S0004,S0080,2025-01-01 08:15:00,4.49
TK00003725,P000922,T0001125,S0070,S0075,2025-01-01 08:15:00,1.83
TK00003725,P000922,T0001125,S0070,S0075,2025-01-01 08:15:00,1.83
TK00003726,P000751,T0001669,S0098,S0021,2025-01-01 08:15:00,1.94
TK00003727,P000686,T0000073,S0071,S0076,2025-01-01 08:15:00,4.61
TK00003728,P000181,T0000344,S0019,S0071,2025-01-01 08:15:00,2.9
TK00003729,P000105,T0000281,S0022,S0091,2025-01-01 08:15:00,1.67
TK00003730,P000464,T0000487,S0049,S0007,2025-01-01 08:15:00,2.7
TK00003731,P000733,T0001864,S0019,S0050,2025-01-01 08:15:00,2.64
TK00003732,P000272,T0000150,S0092,S0081,2025-01-01 08:15:00,2.04
TK00003733,P000347,T0001791,S0023,S0053,2025-01-01 08:15:00,3.5
TK00003734,P000150,T0001960,S0029,S0069,2025-01-01 08:15:00,2.75
TK00003735,P000810,T0001004,S0034,S0073,2025-01-01 08:15:00,2.24
TK00003736,P000010,T0001334,S0092,S0016,2025-01-01 08:15:00,3.48
TK00003737,P000626,T0001993,S0044,S0091,2025-01-01 08:15:00,4.26
TK00003738,P000188,T0000174,S0035,S0054,2025-01-01 08:15:00,2.55
TK00003739,P000620,T0000004,S0018,S0095,2025-01-01 08:15:00,3.97
TK00003740,P000388,T0000498,S0076,S0046,2025-01-01 08:15:00,1.87
TK00003741,P000448,T0000219,S0062,S0062,2025-01-01 08:15:00,4.53
TK00003742,P000543,T0000382,S0014,S0061,2025-01-01 08:15:00,4.2
TK00003743,P000856,T0000020,S0037,S0041,2025-01-01 08:15:00,3.02
TK00003744,P000098,T0001999,S0076,S0085,2025-01-01 08:15:00,1.61
TK00003745,P000532,T0001272,S0017,S0030,2025-01-01 08:15:00,1.8
TK00003746,P000967,T0000693,S0072,S0023,2025-01-01 08:15:00,4.99
TK00003747,P000580,T0001762,S0030,S0046,2025-01-01 08:15:00,4.52
TK00003748,P000490,T0001724,S0036,S0089,2025-01-01 08:15:00,4.3
TK00003749,P000883,T0001826,S0043,S0092,2025-01-01 08:15:00,3.24
TK00003750,P000522,T0000269,S0092,S0045,2025-01-01 08:15:00,3.21
TK00003751,P000848,T0000891,S0038,S0092,2025-01-01 08:15:00,1.78
TK00003752,P000045,T0000423,S0040,S0075,2025-01-01 08:15:00,4.45
TK00003753,P000814,T0000985,S0087,S0047,2025-01-01 08:15:00,2.15
TK00003754,P000842,T0001450,S0090,S0021,2025-01-01 08:15:00,1.74
TK00003755,P000688,T0001739,S0037,S0021,2025-01-01 08:15:00,3.53
TK00003756,P000633,T0001638,S0098,S0055,2025-01-01 08:15:00,2.85
TK00003757,P000784,T0001494,S0007,S0049,2025-01-01 08:15:00,2.51
TK00003758,P000027,T0000506,S0037,S0049,2025-01-01 08:15:00,4.81
TK00003759,P000592,T0001881,S0061,S0093,2025-01-01 08:15:00,1.87
TK00003760,P000786,T0000095,S0071,S0079,2025-01-01 08:15:00,3.14
TK00003761,P000547,T0000261,S0002,S0078,2025-01-01 08:15:00,1.95
TK00003762,P000049,T0001573,S0062,S0081,2025-01-01 08:15:00,4.67
TK00003763,P000370,T0001058,S0039,S0023,2025-01-01 08:15:00,1.67
TK00003764,P000327,T0001157,S0031,S0043,2025-01-01 08:15:00,3.96
TK00003765,P000534,T0000639,S0067,S0027,2025-01-01 08:15:00,4.45
TK00003766,P000350,T0000051,S0033,S0081,2025-01-01 08:15:00,2.85
TK00003767,P000280,T0000318,S0080,S0004,2025-01-01 08:15:00,1.75
TK00003768,P000323,T0001449,S0088,S0080,2025-01-01 08:15:00,4.49
TK00003769,P000182,T0000706,S0047,S0014,2025-01-01 08:15:00,2.35
TK00003770,P000944,T0001333,S0007,S0023,2025-01-01 08:15:00,3.89
TK00003771,P000418,T0001794,S0037,S0029,2025-01-01 08:15:00,1.53
TK00003772,P000784,T0001265,S0015,S0066,2025-01-01 08:15:00,3.53
TK00003773,P000478,T0000348,S0026,S0055,2025-01-01 08:15:00,1.76
TK00003774,,T0000859,S0088,S0069,2025-01-01 08:15:00,3.46
TK00003775,P000328,T0001041,S0009,S0078,2025-01-01 08:15:00,4.74
TK00003776,P000771,T0000419,S0092,S0076,2025-01-01 08:15:00,1.72
TK00003777,P000917,T0001981,S0019,S0014,2025-01-01 08:15:00,2.59
TK00003778,P000567,T0000610,S0064,S0018,2025-01-01 08:15:00,4.41
TK00003779,P000511,T0000996,S0049,S0081,2025-01-01 08:15:00,4.92
TK00003780,P000912,T0001845,S0010,S0001,2025-01-01 08:15:00,2.8
TK00003781,P000898,T0001163,S0044,S0006,2025-01-01 08:15:00,2.58
TK00003782,P000354,T0001550,S0100,S0021,2025-01-01 08:15:00,4.0
TK00003783,P000619,T0001348,S0037,S0060,2025-01-01 08:15:00,2.89
TK00003784,P000348,T0001278,S0022,S0067,2025-01-01 08:15:00,3.65
TK00003785,P000551,T0001585,S0021,S0039,2025-01-01 08:15:00,4.54
TK00003786,P000729,T0001595,S0036,S0026,2025-01-01 08:15:00,4.77
TK00003787,P000437,T0000671,S0010,S0083,2025-01-01 08:15:00,2.24
TK00003788,P000199,T0000747,S0043,S0011,2025-01-01 08:15:00,4.2
TK00003789,P000057,T0001372,S0005,S0013,2025-01-01 08:15:00,1.97
TK00003789,P000057,T0001372,S0005,S0013,2025-01-01 08:15:00,1.97
TK00003790,P000842,T0000089,S0015,S0052,2025-01-01 08:15:00,2.14
TK00003791,P000165,T0001898,S0090,S0050,2025-01-01 08:15:00,2.73
TK00003792,P000275,T0001255,S0003,S0068,2025-01-01 08:15:00,3.35
TK00003793,P000539,T0001104,S0094,S0061,2025-01-01 08:15:00,1.79
TK00003794,P000124,T0000447,S0092,S0071,2025-01-01 08:15:00,3.58
TK00003795,P000539,T0001957,S0061,S0065,2025-01-01 08:15:00,4.41
TK00003796,P000925,T0001668,S0054,S0051,2025-01-01 08:15:00,2.91
TK00003797,P000232,T0000025,S0094,S0084,2025-01-01 08:15:00,4.77
TK00003798,P000096,T0001469,S0090,S0001,2025-01-01 08:15:00,3.58
TK00003799,P000641,T0001665,S0074,S0023,2025-01-01 08:15:00,1.94
TK00003800,P000838,T0000088,S0037,S0045,2025-01-01 08:15:00,4.82
TK00003801,P000620,T0000315,S0078,S0093,2025-01-01 08:15:00,1.61
TK00003802,P000652,T0000633,S0099,S0025,2025-01-01 08:15:00,4.22
TK00003803,P000519,T0000829,S0034,S0090,2025-01-01 08:15:00,4.79
TK00003804,P000474,T0001605,S0070,S0078,2025-01-01 08:15:00,4.19
TK00003805,P000819,T0001466,S0040,S0029,2025-01-01 08:15:00,4.76
TK00003806,P000429,T0000946,S0015,S0083,2025-01-01 08:15:00,2.55
TK00003807,P000433,T0001630,S0050,S0020,2025-01-01 08:15:00,3.48
TK00003808,P000690,T0001315,S0009,S0094,2025-01-01 08:15:00,4.08
TK00003809,P000048,T0001704,S0042,S0048,2025-01-01 08:15:00,2.16
TK00003810,P000803,T0000347,S0044,S0054,2025-01-01 08:15:00,2.27
TK00003811,P000094,T0001476,S0012,S0047,2025-01-01 08:15:00,3.82
TK00003812,P000995,T0001251,S0087,S0016,2025-01-01 08:15:00,4.41
TK00003813,P000203,T0001797,S0011,S0020,2025-01-01 08:15:00,4.05
TK00003814,,T0000182,S0009,S0003,2025-01-01 08:15:00,4.78
TK00003815,P000820,T0001374,S0015,S0004,2025-01-01 08:15:00,3.94
TK00003816,P000449,T0000436,S0082,S0085,2025-01-01 08:15:00,2.75
TK00003817,P000985,T0001638,S0038,S0027,2025-01-01 08:15:00,4.41
TK00003818,P000895,T0001863,S0082,S0061,2025-01-01 08:15:00,2.01
TK00003819,P000185,T0001079,S0078,S0063,2025-01-01 08:15:00,3.29
TK00003820,P000708,T0000709,S0062,S0003,2025-01-01 08:15:00,3.71
TK00003821,P000034,T0000790,S0073,S0039,2025-01-01 08:15:00,2.15
TK00003822,P000573,T0001553,S0100,S0067,2025-01-01 08:15:00,2.93
TK00003823,P000130,T0000018,S0081,S0058,2025-01-01 08:15:00,4.09
TK00003824,P000401,T0000523,S0086,S0060,2025-01-01 08:15:00,2.43
TK00003825,P000568,T0001806,S0020,S0084,2025-01-01 08:15:00,2.02
TK00003826,P000056,T0001561,S0047,S0046,2025-01-01 08:15:00,1.65
TK00003827,P000252,T0001156,S0092,S0019,2025-01-01 08:15:00,4.66
TK00003828,P000696,T0001033,S0092,S0047,2025-01-01 08:15:00,3.83
TK00003829,P000652,T0000822,S0073,S0049,2025-01-01 08:15:00,3.0
TK00003830,P000828,T0000217,S0083,S0022,2025-01-01 08:15:00,3.94
TK00003831,P000415,T0001402,S0009,S0093,2025-01-01 08:15:00,3.75
TK00003832,P000536,T0000407,S0099,S0068,2025-01-01 08:15:00,4.18
TK00003833,P000309,T0000804,S0089,S0059,2025-01-01 08:15:00,4.65
TK00003834,P000852,T0000437,S0087,S0025,2025-01-01 08:15:00,2.74
TK00003835,P000439,T0000500,S0024,S0050,2025-01-01 08:15:00,1.95
TK00003836,P000360,T0001964,S0013,S0075,2025-01-01 08:15:00,3.54
TK00003837,P000900,T0001059,S0063,S0066,2025-01-01 08:15:00,2.97
TK00003838,P000109,T0000644,S0003,S0099,2025-01-01 08:15:00,3.99
TK00003839,P000870,T0000831,S0013,S0015,2025-01-01 08:15:00,4.99
TK00003840,,T0000133,S0065,S0086,2025-01-01 08:15:00,3.98
TK00003841,P000501,T0001305,S0003,S0009,2025-01-01 08:15:00,3.31
TK00003842,P000672,T0001149,S0054,S0098,2025-01-01 08:15:00,4.42
TK00003843,P000669,T0001041,S0066,S0061,2025-01-01 08:15:00,2.72
TK00003844,P000504,T0001886,S0071,S0049,2025-01-01 08:15:00,4.71
TK00003845,P000616,T0001226,S0067,S0034,2025-01-01 08:15:00,3.34
TK00003846,P000616,T0000982,S0009,S0093,2025-01-01 08:15:00,4.46
TK00003847,P000832,T0000441,S0085,S0063,2025-01-01 08:15:00,4.87
TK00003848,P000251,T0001872,S0042,S0016,2025-01-01 08:15:00,4.03
TK00003849,P000922,T0001828,S0092,S0025,2025-01-01 08:15:00,3.35
TK00003850,P000627,T0000211,S0036,S0079,2025-01-01 08:15:00,2.75
TK00003851,P000236,T0001566,S0005,S0028,2025-01-01 08:15:00,3.89
TK00003852,P000344,T0001154,S0010,S0045,2025-01-01 08:15:00,1.87
TK00003853,P000444,T0000581,S0066,S0088,2025-01-01 08:15:00,2.07
TK00003854,P000127,T0000462,S0008,S0082,2025-01-01 08:15:00,3.53
TK00003855,P000530,T0001918,S0029,S0099,2025-01-01 08:15:00,2.75
TK00003856,P000685,T0001091,S0055,S0090,2025-01-01 08:15:00,3.78
TK00003857,P000093,T0001916,S0024,S0060,2025-01-01 08:15:00,4.55
TK00003858,P000582,T0000194,S0071,S0067,2025-01-01 08:15:00,1.79
TK00003859,P000377,T0001559,S0018,S0059,2025-01-01 08:15:00,3.36
TK00003860,P000899,T0000750,S0026,S0002,2025-01-01 08:15:00,1.98
TK00003861,P000146,T0001183,S0064,S0098,2025-01-01 08:15:00,3.87
TK00003862,P000145,T0001904,S0007,S0026,2025-01-01 08:15:00,4.64
TK00003863,P000388,T0001809,S0040,S0022,2025-01-01 08:15:00,3.02
TK00003864,P000496,T0001328,S0024,S0083,2025-01-01 08:15:00,3.84
TK00003865,P000920,T0000997,S0012,S0027,2025-01-01 08:15:00,2.53
TK00003866,P000428,T0000234,S0026,S0014,2025-01-01 08:15:00,3.76
TK00003867,P000261,T0001087,S0096,S0020,2025-01-01 08:15:00,1.52
TK00003868,P000268,T0001895,S0071,S0040,2025-01-01 08:15:00,3.68
TK00003869,P000376,T0001272,S0097,S0022,2025-01-01 08:15:00,4.23
TK00003870,P000871,T0000600,S0013,S0098,2025-01-01 08:15:00,1.7
TK00003871,P000138,T0000618,S0089,S0027,2025-01-01 08:15:00,2.22
TK00003872,P000439,T0001079,S0015,S0052,2025-01-01 08:15:00,4.59
TK00003873,P000557,T0001705,S0038,S0054,2025-01-01 08:15:00,3.61
TK00003874,P000531,T0001655,S0013,S0034,2025-01-01 08:15:00,2.86
TK00003875,P000295,T0001041,S0037,S0023,2025-01-01 08:15:00,2.61
TK00003876,P000844,T0001533,S0039,S0028,2025-01-01 08:15:00,2.83
TK00003877,P000667,T0000824,S0056,S0005,2025-01-01 08:15:00,2.45
TK00003878,P000861,T0001983,S0069,S0014,2025-01-01 08:15:00,3.6
TK00003879,P000993,T0001396,S0078,S0006,2025-01-01 08:15:00,4.7
TK00003880,P000341,T0001537,S0002,S0094,2025-01-01 08:15:00,3.97
TK00003881,P000969,T0001826,S0020,S0042,2025-01-01 08:15:00,3.31
TK00003882,P000405,T0001613,S0014,S0056,2025-01-01 08:15:00,2.63
TK00003883,P000417,T0000564,S0099,S0067,2025-01-01 08:15:00,2.21
TK00003884,P000208,T0001222,S0092,S0074,2025-01-01 08:15:00,4.41
TK00003884,P000208,T0001222,S0092,S0074,2025-01-01 08:15:00,4.41
TK00003885,P000377,T0000912,S0030,S0030,2025-01-01 08:15:00,4.27
TK00003886,P000307,T0000978,S0098,S0067,2025-01-01 08:15:00,3.91
TK00003887,P000330,T0000562,S0018,S0059,2025-01-01 08:15:00,3.73
TK00003888,P000705,T0001515,S0035,S0032,2025-01-01 08:15:00,4.49
TK00003889,P000720,T0001705,S0013,S0090,2025-01-01 08:15:00,4.98
TK00003890,P000573,T0000767,S0070,S0069,2025-01-01 08:15:00,4.01
TK00003891,P000642,T0000091,S0092,S0078,2025-01-01 08:15:00,1.55
TK00003892,P000732,T0001666,S0050,S0077,2025-01-01 08:15:00,3.01
TK00003893,P000778,T0000718,S0049,S0097,2025-01-01 08:15:00,3.07
TK00003894,P000871,T0000670,S0067,S0075,2025-01-01 08:15:00,3.57
TK00003895,P000987,T0001450,S0006,S0100,2025-01-01 08:15:00,4.14
TK00003896,P000620,T0001177,S0028,S0096,2025-01-01 08:15:00,4.85
TK00003897,P000994,T0000866,S0010,S0091,2025-01-01 08:15:00,3.76
TK00003898,P000754,T0001085,S0058,S0031,2025-01-01 08:15:00,3.43
TK00003899,P000035,T0000454,S0061,S0036,2025-01-01 08:15:00,3.57
TK00003900,P000588,T0000096,S0027,S0030,2025-01-01 08:15:00,4.55
TK00003901,P000840,T0001752,S0022,S0068,2025-01-01 08:15:00,2.18
TK00003902,P000807,T0001190,S0049,S0079,2025-01-01 08:15:00,2.86
TK00003903,P000940,T0000964,S0014,S0071,2025-01-01 08:15:00,2.53
TK00003904,P000608,T0000066,S0066,S0063,2025-01-01 08:15:00,3.53
TK00003905,P000322,T0000707,S0048,S0065,2025-01-01 08:15:00,2.67
TK00003906,P000555,T0000108,S0038,S0090,2025-01-01 08:15:00,3.85
TK00003907,P000513,T0000242,S0057,S0050,2025-01-01 08:15:00,3.77
TK00003908,P000039,T0001301,S0016,S0090,2025-01-01 08:15:00,3.69
TK00003909,P000466,T0001559,S0007,S0036,2025-01-01 08:15:00,4.79
TK00003910,P000081,T0000624,S0016,S0040,2025-01-01 08:15:00,1.66
TK00003911,P000121,T0001796,S0092,S0053,2025-01-01 08:15:00,4.75
TK00003912,P000471,T0000618,S0053,S0055,2025-01-01 08:15:00,2.06
TK00003913,P000660,T0000308,S0021,S0083,2025-01-01 08:15:00,4.64
TK00003914,P000888,T0001309,S0008,S0085,2025-01-01 08:15:00,3.47
TK00003915,P000969,T0000768,S0040,S0073,2025-01-01 08:15:00,4.25
TK00003916,P000538,T0000935,S0096,S0086,2025-01-01 08:15:00,3.2
TK00003917,P000075,T0001153,S0063,S0027,2025-01-01 08:15:00,3.7
TK00003918,P000489,T0000126,S0065,S0067,2025-01-01 08:15:00,2.68
TK00003919,P000119,T0001023,S0082,S0070,2025-01-01 08:15:00,3.39
TK00003920,P000266,T0001677,S0043,S0024,2025-01-01 08:15:00,2.28
TK00003921,P000793,T0000412,S0042,S0047,2025-01-01 08:15:00,4.18
TK00003922,P000378,T0000629,S0042,S0043,2025-01-01 08:15:00,2.4
TK00003923,P000103,T0000945,S0008,S0021,2025-01-01 08:15:00,1.98
TK00003924,P000270,T0001052,S0026,S0074,2025-01-01 08:15:00,2.34
TK00003925,P000299,T0001901,S0037,S0025,2025-01-01 08:15:00,4.68
TK00003926,P000372,T0000277,S0049,S0080,2025-01-01 08:15:00,2.89
TK00003927,P000316,T0001668,S0089,S0007,2025-01-01 08:15:00,3.51
TK00003928,P000537,T0000505,S0098,S0051,2025-01-01 08:15:00,3.82
TK00003929,P000933,T0001733,S0048,S0032,2025-01-01 08:15:00,3.6
TK00003930,P000521,T0001149,S0065,S0090,2025-01-01 08:15:00,2.41
TK00003931,P000633,T0000075,S0046,S0082,2025-01-01 08:15:00,4.61
TK00003932,P000376,T0001372,S0055,S0086,2025-01-01 08:15:00,3.92
TK00003933,P000950,T0001036,S0044,S0033,2025-01-01 08:15:00,4.29
TK00003934,P000627,T0000028,S0063,S0087,2025-01-01 08:15:00,4.5
TK00003935,P000687,T0000132,S0086,S0014,2025-01-01 08:15:00,4.78
TK00003936,P000222,T0001318,S0007,S0005,2025-01-01 08:15:00,2.9
TK00003937,P000229,T0000071,S0069,S0074,2025-01-01 08:15:00,3.05
TK00003938,P000177,T0001035,S0038,S0022,2025-01-01 08:15:00,4.13
TK00003939,P000480,T0000797,S0046,S0023,2025-01-01 08:15:00,4.97
TK00003940,P000857,T0000098,S0076,S0055,2025-01-01 08:15:00,3.83
TK00003941,P000724,T0001086,S0017,S0063,2025-01-01 08:15:00,4.83
TK00003942,P000623,T0001575,S0015,S0023,2025-01-01 08:15:00,3.89
TK00003943,P000568,T0001412,S0042,S0008,2025-01-01 08:15:00,2.64
TK00003944,P000018,T0000747,S0090,S0093,2025-01-01 08:15:00,3.79
TK00003945,P000792,T0000894,S0085,S0006,2025-01-01 08:15:00,2.88
TK00003946,P000619,T0001218,S0098,S0046,2025-01-01 08:15:00,2.47
TK00003947,P000155,T0000832,S0026,S0023,2025-01-01 08:15:00,3.26
TK00003948,P000161,T0000105,S0073,S0010,2025-01-01 08:15:00,4.12
TK00003949,P000045,T0000848,S0027,S0040,2025-01-01 08:15:00,3.18
TK00003950,P000741,T0001556,S0025,S0090,2025-01-01 08:15:00,3.27
TK00003951,P000135,T0000296,S0005,S0076,2025-01-01 08:15:00,1.84
TK00003952,P000217,T0000811,S0029,S0029,2025-01-01 08:15:00,4.54
TK00003953,P000479,T0001997,S0016,S0062,2025-01-01 08:15:00,4.7
TK00003954,P000394,T0000862,S0055,S0100,2025-01-01 08:15:00,4.14
TK00003955,P000417,T0001715,S0058,S0084,2025-01-01 08:15:00,1.59
TK00003956,P000845,T0001732,S0055,S0034,2025-01-01 08:15:00,3.3
TK00003957,P000980,T0001235,S0017,S0048,2025-01-01 08:15:00,3.27
TK00003958,P000651,T0000747,S0027,S0054,2025-01-01 08:15:00,4.21
TK00003959,P000033,T0000764,S0094,S0066,2025-01-01 08:15:00,4.86
TK00003960,P000405,T0000239,S0079,S0039,2025-01-01 08:15:00,2.19
TK00003961,P000258,T0000326,S0011,S0076,2025-01-01 08:15:00,2.93
TK00003962,P000170,T0000978,S0061,S0050,2025-01-01 08:15:00,1.56
TK00003963,P000162,T0000001,S0100,S0044,2025-01-01 08:15:00,2.74
TK00003964,P000021,T0000125,S0062,S0094,2025-01-01 08:15:00,1.9
TK00003965,P000816,T0000351,S0076,S0100,2025-01-01 08:15:00,4.87
TK00003966,P000162,T0001646,S0015,S0014,2025-01-01 08:15:00,1.77
TK00003967,P000620,T0001552,S0100,S0067,2025-01-01 08:15:00,4.15
TK00003968,P000468,T0000619,S0020,S0091,2025-01-01 08:15:00,4.89
TK00003969,P000356,T0000084,S0049,S0022,2025-01-01 08:15:00,2.39
TK00003969,P000356,T0000084,S0049,S0022,2025-01-01 08:15:00,2.39
TK00003970,P000960,T0001829,S0094,S0040,2025-01-01 08:15:00,1.81
TK00003971,P000060,T0001585,S0049,S0087,2025-01-01 08:15:00,2.93
TK00003972,P000100,T0001376,S0026,S0007,2025-01-01 08:15:00,2.84
TK00003973,P000202,T0000770,S0090,S0019,2025-01-01 08:15:00,4.96
TK00003974,P000292,T0001213,S0063,S0011,2025-01-01 08:15:00,2.82
TK00003975,P000249,T0001381,S0089,S0001,2025-01-01 08:15:00,3.34
TK00003976,P000829,T0001313,S0025,S0027,2025-01-01 08:15:00,3.85
TK00003977,P000963,T0000166,S0057,S0021,2025-01-01 08:15:00,1.99
TK00003978,P000991,T0000202,S0048,S0030,2025-01-01 08:15:00,3.04
TK00003979,P000782,T0000877,S0016,S0096,2025-01-01 08:15:00,1.71
TK00003980,P000307,T0000364,S0071,S0020,2025-01-01 08:15:00,1.56
TK00003981,P000985,T0000329,S0045,S0033,2025-01-01 08:15:00,3.04
TK00003982,P000526,T0000112,S0098,S0036,2025-01-01 08:15:00,3.28
TK00003983,P000942,T0000372,S0033,S0017,2025-01-01 08:15:00,3.65
TK00003984,P000128,T0000525,S0092,S0095,2025-01-01 08:15:00,3.17
TK00003985,P000986,T0001927,S0030,S0085,2025-01-01 08:15:00,2.07
TK00003986,P000382,T0001052,S0031,S0058,2025-01-01 08:15:00,3.38
TK00003987,P000301,T0001753,S0078,S0046,2025-01-01 08:15:00,3.91
TK00003988,P000239,T0001007,S0058,S0084,2025-01-01 08:15:00,3.0
TK00003989,P000564,T0001654,S0094,S0068,2025-01-01 08:15:00,4.77
TK00003990,P000174,T0001456,S0001,S0059,2025-01-01 08:15:00,3.31
TK00003991,P000274,T0001893,S0023,S0035,2025-01-01 08:15:00,2.74
TK00003992,P000282,T0000839,S0098,S0049,2025-01-01 08:15:00,3.88
TK00003993,P000734,T0001516,S0089,S0007,2025-01-01 08:15:00,3.38
TK00003994,P000036,T0001645,S0071,S0082,2025-01-01 08:15:00,4.94
TK00003995,P001000,T0001714,S0075,S0024,2025-01-01 08:15:00,2.33
TK00003996,P000842,T0000390,S0044,S0051,2025-01-01 08:15:00,2.7
TK00003997,P000810,T0000713,S0074,S0016,2025-01-01 08:15:00,3.3
TK00003998,P000804,T0001485,S0036,S0037,2025-01-01 08:15:00,2.58
TK00003999,P000282,T0001031,S0043,S0086,2025-01-01 08:15:00,4.15
TK00004000,P000313,T0000280,S0021,S0036,2025-01-01 08:15:00,3.73
TK00004001,P000656,T0001794,S0029,S0040,2025-01-01 08:15:00,4.97
TK00004002,P000597,T0001045,S0048,S0005,2025-01-01 08:15:00,1.87
TK00004003,P000389,T0000415,S0065,S0041,2025-01-01 08:15:00,3.38
TK00004004,P000531,T0001256,S0079,S0097,2025-01-01 08:15:00,4.39
TK00004005,P000232,T0000959,S0040,S0009,2025-01-01 08:15:00,2.07
TK00004006,P000215,T0001703,S0096,S0016,2025-01-01 08:15:00,1.82
TK00004007,P000085,T0001015,S0087,S0088,2025-01-01 08:15:00,3.03
TK00004008,P000935,T0000370,S0028,S0055,2025-01-01 08:15:00,2.66
TK00004009,P000980,T0000352,S0018,S0031,2025-01-01 08:15:00,2.3
TK00004010,P000934,T0001837,S0073,S0055,2025-01-01 08:15:00,4.11
TK00004011,P000136,T0000806,S0060,S0090,2025-01-01 08:15:00,2.44
TK00004012,P000113,T0001119,S0069,S0055,2025-01-01 08:15:00,2.47
TK00004013,P000976,T0001351,S0066,S0031,2025-01-01 08:15:00,2.35
TK00004014,P000776,T0000209,S0030,S0009,2025-01-01 08:15:00,3.5
TK00004015,P000273,T0001555,S0001,S0052,2025-01-01 08:15:00,3.84
TK00004016,P000220,T0000780,S0039,S0009,2025-01-01 08:15:00,4.32
TK00004017,P000732,T0001979,S0044,S0087,2025-01-01 08:15:00,1.79
TK00004018,P000440,T0000707,S0079,S0013,2025-01-01 08:15:00,3.58
TK00004019,P000231,T0000594,S0011,S0010,2025-01-01 08:15:00,2.71
TK00004020,P000008,T0000320,S0076,S0038,2025-01-01 08:15:00,3.88
TK00004021,P000414,T0001465,S0079,S0002,2025-01-01 08:15:00,4.79
TK00004022,P000513,T0001297,S0059,S0087,2025-01-01 08:15:00,3.15
TK00004023,P000452,T0001105,S0015,S0082,2025-01-01 08:15:00,3.71
TK00004024,P000931,T0000301,S0038,S0019,2025-01-01 08:15:00,3.56
TK00004025,P000258,T0000905,S0060,S0064,2025-01-01 08:15:00,4.35
TK00004026,P000876,T0001178,S0100,S0009,2025-01-01 08:15:00,3.72
TK00004027,P000934,T0000844,S0025,S0055,2025-01-01 08:15:00,3.3
TK00004028,P000200,T0000022,S0088,S0100,2025-01-01 08:15:00,4.36
TK00004029,P000363,T0001598,S0069,S0069,2025-01-01 08:15:00,1.65
TK00004030,P000256,T0001514,S0067,S0044,2025-01-01 08:15:00,4.14
TK00004031,P000023,T0000317,S0079,S0051,2025-01-01 08:15:00,2.15
TK00004032,P000069,T0001125,S0044,S0019,2025-01-01 08:15:00,1.6
TK00004033,P000191,T0000190,S0039,S0068,2025-01-01 08:15:00,3.48
TK00004034,P000641,T0000394,S0010,S0024,2025-01-01 08:15:00,3.51
TK00004035,P000631,T0000193,S0025,S0031,2025-01-01 08:15:00,4.3
TK00004036,P000545,T0000466,S0097,S0050,2025-01-01 08:15:00,2.49
TK00004037,P000599,T0000798,S0082,S0043,2025-01-01 08:15:00,4.92
TK00004038,P000017,T0001509,S0086,S0066,2025-01-01 08:15:00,2.89
TK00004039,P000010,T0001853,S0011,S0024,2025-01-01 08:15:00,4.12
TK00004040,P000038,T0000605,S0023,S0061,2025-01-01 08:15:00,2.02
TK00004041,P000852,T0000331,S0099,S0051,2025-01-01 08:15:00,3.05
TK00004042,P000688,T0000287,S0085,S0046,2025-01-01 08:15:00,4.86
TK00004043,P000369,T0000784,S0056,S0046,2025-01-01 08:15:00,1.55
TK00004044,P000751,T0000072,S0017,S0040,2025-01-01 08:15:00,3.48
TK00004045,P000749,T0001608,S0065,S0040,2025-01-01 08:15:00,2.41
TK00004046,P000181,T0000684,S0001,S0042,2025-01-01 08:15:00,4.51
TK00004047,P000576,T0000814,S0059,S0009,2025-01-01 08:15:00,2.43
TK00004048,P000184,T0000562,S0067,S0094,2025-01-01 08:15:00,4.85
TK00004049,P000911,T0000651,S0011,S0090,2025-01-01 08:15:00,1.8
TK00004050,P000208,T0000175,S0056,S0066,2025-01-01 08:15:00,4.75
TK00004051,P000499,T0000052,S0094,S0040,2025-01-01 08:15:00,3.89
TK00004052,P000663,T0001734,S0056,S0092,2025-01-01 08:15:00,2.24
TK00004053,P000608,T0000295,S0010,S0031,2025-01-01 08:15:00,3.45
TK00004054,P000867,T0000505,S0018,S0022,2025-01-01 08:15:00,4.95
TK00004054,P000867,T0000505,S0018,S0022,2025-01-01 08:15:00,4.95
TK00004055,P000113,T0000627,S0064,S0038,2025-01-01 08:15:00,1.83
TK00004056,P000121,T0000127,S0049,S0056,2025-01-01 08:15:00,1.89
TK00004057,P000826,T0000655,S0001,S0039,2025-01-01 08:15:00,4.58
TK00004058,P000499,T0001340,S0063,S0087,2025-01-01 08:15:00,4.44
TK00004059,P000106,T0001494,S0055,S0004,2025-01-01 08:15:00,3.74
TK00004060,,T0001398,S0080,S0069,2025-01-01 08:15:00,2.54
TK00004061,,T0001744,S0049,S0029,2025-01-01 08:15:00,2.72
TK00004062,P000207,T0001519,S0008,S0092,2025-01-01 08:15:00,4.34
TK00004063,P000289,T0001998,S0099,S0061,2025-01-01 08:15:00,2.35
TK00004064,P000707,T0000299,S0008,S0064,2025-01-01 08:15:00,1.56
TK00004065,P000380,T0000705,S0012,S0063,2025-01-01 08:15:00,3.63
TK00004066,P000549,T0000250,S0061,S0001,2025-01-01 08:15:00,3.83
TK00004067,P000140,T0000164,S0021,S0027,2025-01-01 08:15:00,3.66
TK00004068,P000553,T0001958,S0025,S0077,2025-01-01 08:15:00,2.38
TK00004069,P000683,T0000713,S0033,S0074,2025-01-01 08:15:00,1.77
TK00004070,,T0000169,S0005,S0017,2025-01-01 08:15:00,4.16
TK00004071,P000940,T0001195,S0016,S0031,2025-01-01 08:15:00,2.84
TK00004072,P000561,T0001598,S0075,S0049,2025-01-01 08:15:00,2.63
TK00004073,P000061,T0000972,S0073,S0036,2025-01-01 08:15:00,1.84
TK00004074,P000804,T0001474,S0036,S0022,2025-01-01 08:15:00,4.71
TK00004075,P000237,T0000327,S0076,S0080,2025-01-01 08:15:00,3.64
TK00004076,P000064,T0000026,S0031,S0081,2025-01-01 08:15:00,1.82
TK00004077,P000413,T0000202,S0074,S0097,2025-01-01 08:15:00,4.54
TK00004078,P000488,T0000025,S0026,S0066,2025-01-01 08:15:00,3.99
TK00004079,P000852,T0001725,S0100,S0053,2025-01-01 08:15:00,1.78
TK00004080,P000958,T0000547,S0032,S0012,2025-01-01 08:15:00,3.64
TK00004081,P000248,T0001930,S0080,S0070,2025-01-01 08:15:00,4.77
TK00004082,P000787,T0000559,S0013,S0039,2025-01-01 08:15:00,4.02
TK00004083,P000127,T0001340,S0045,S0002,2025-01-01 08:15:00,3.41
TK00004084,P000704,T0000061,S0003,S0035,2025-01-01 08:15:00,2.61
TK00004085,P000647,T0000552,S0096,S0095,2025-01-01 08:15:00,1.96
TK00004086,P000135,T0000408,S0098,S0040,2025-01-01 08:15:00,1.82
TK00004087,P000031,T0000844,S0075,S0075,2025-01-01 08:15:00,1.55
TK00004088,P000119,T0001710,S0068,S0039,2025-01-01 08:15:00,4.38
TK00004089,P000690,T0000410,S0022,S0045,2025-01-01 08:15:00,3.25
TK00004090,P000447,T0000612,S0049,S0057,2025-01-01 08:15:00,2.1
TK00004091,P000505,T0001838,S0078,S0028,2025-01-01 08:15:00,3.91
TK00004092,P000357,T0001368,S0041,S0066,2025-01-01 08:15:00,1.76
TK00004093,P000122,T0001313,S0053,S0050,2025-01-01 08:15:00,2.39
TK00004094,P000280,T0001723,S0018,S0059,2025-01-01 08:15:00,3.97
TK00004095,P000765,T0000138,S0008,S0087,2025-01-01 08:15:00,2.69
TK00004096,P000374,T0000206,S0084,S0057,2025-01-01 08:15:00,4.73
TK00004097,P000540,T0000779,S0100,S0040,2025-01-01 08:15:00,3.28
TK00004098,P000746,T0001398,S0035,S0044,2025-01-01 08:15:00,3.2
TK00004099,P000309,T0000390,S0051,S0081,2025-01-01 08:15:00,2.53
TK00004100,P000079,T0000637,S0057,S0026,2025-01-01 08:15:00,4.33
TK00004101,P000081,T0001189,S0042,S0049,2025-01-01 08:15:00,4.21
TK00004102,P000021,T0001885,S0027,S0048,2025-01-01 08:15:00,2.7
TK00004103,P000336,T0000655,S0010,S0025,2025-01-01 08:15:00,3.84
TK00004104,P000122,T0000902,S0021,S0024,2025-01-01 08:15:00,4.88
TK00004105,P000005,T0001125,S0072,S0056,2025-01-01 08:15:00,4.7
TK00004106,P000177,T0001022,S0057,S0055,2025-01-01 08:15:00,1.63
TK00004107,P000016,T0001632,S0031,S0090,2025-01-01 08:15:00,1.81
TK00004108,P000623,T0000536,S0015,S0099,2025-01-01 08:15:00,4.9
TK00004109,P000603,T0001048,S0072,S0062,2025-01-01 08:15:00,2.08
TK00004110,P000600,T0000726,S0015,S0061,2025-01-01 08:15:00,2.48
TK00004111,P000624,T0001989,S0087,S0026,2025-01-01 08:15:00,2.04
TK00004112,P000668,T0000054,S0057,S0083,2025-01-01 08:15:00,4.22
TK00004113,P000151,T0001036,S0044,S0097,2025-01-01 08:15:00,2.88
TK00004114,P000103,T0000731,S0053,S0030,2025-01-01 08:15:00,2.15
TK00004115,P000896,T0000819,S0060,S0049,2025-01-01 08:15:00,3.72
TK00004116,P000720,T0000714,S0045,S0048,2025-01-01 08:15:00,4.51
TK00004117,P000458,T0001753,S0061,S0031,2025-01-01 08:15:00,1.78
TK00004118,P000426,T0000954,S0089,S0071,2025-01-01 08:15:00,3.31
TK00004119,P000687,T0001451,S0060,S0064,2025-01-01 08:15:00,2.5
TK00004120,P000768,T0000981,S0001,S0028,2025-01-01 08:15:00,4.23
TK00004121,P000095,T0000249,S0009,S0055,2025-01-01 08:15:00,1.51
TK00004122,P000275,T0000882,S0015,S0040,2025-01-01 08:15:00,4.54
TK00004123,P000311,T0000329,S0033,S0075,2025-01-01 08:15:00,3.73
TK00004124,P000609,T0000326,S0010,S0074,2025-01-01 08:15:00,2.51
TK00004125,P000352,T0001803,S0063,S0077,2025-01-01 08:15:00,2.46
TK00004126,P000357,T0000760,S0001,S0069,2025-01-01 08:15:00,4.92
TK00004127,P000983,T0001733,S0043,S0030,2025-01-01 08:15:00,4.14
TK00004128,P000904,T0000720,S0051,S0062,2025-01-01 08:15:00,4.31
TK00004129,P000115,T0000274,S0042,S0040,2025-01-01 08:15:00,4.91
TK00004130,P000535,T0001035,S0005,S0031,2025-01-01 08:15:00,2.48
TK00004131,P000907,T0000435,S0050,S0030,2025-01-01 08:15:00,1.89
TK00004132,P000105,T0001926,S0047,S0049,2025-01-01 08:15:00,3.36
TK00004133,P000436,T0000747,S0034,S0088,2025-01-01 08:15:00,4.95
TK00004134,P000344,T0000069,S0069,S0090,2025-01-01 08:15:00,4.19
TK00004135,P000263,T0000364,S0001,S0034,2025-01-01 08:15:00,4.45
TK00004136,P000279,T0000922,S0046,S0036,2025-01-01 08:15:00,1.98
TK00004137,P000392,T0001039,S0099,S0073,2025-01-01 08:15:00,4.38
TK00004138,P000817,T0001194,S0050,S0097,2025-01-01 08:15:00,3.39
TK00004139,P000576,T0000971,S0010,S0054,2025-01-01 08:15:00,2.45
TK00004140,P000096,T0000105,S0064,S0099,2025-01-01 08:15:00,4.96
TK00004141,P000355,T0001850,S0011,S0069,2025-01-01 08:15:00,2.99
TK00004142,P000826,T0001177,S0061,S0067,2025-01-01 08:15:00,3.94
TK00004143,P000463,T0001754,S0096,S0010,2025-01-01 08:15:00,3.63
TK00004144,P000999,T0001442,S0011,S0034,2025-01-01 08:15:00,4.56
TK00004145,P000022,T0000628,S0097,S0039,2025-01-01 08:15:00,2.9
TK00004146,P000622,T0001235,S0083,S0072,2025-01-01 08:15:00,2.78
TK00004147,P000394,T0000354,S0095,S0020,2025-01-01 08:15:00,4.71
TK00004148,P000334,T0000076,S0078,S0058,2025-01-01 08:15:00,3.98
TK00004149,P000673,T0000487,S0019,S0035,2025-01-01 08:15:00,4.42
TK00004149,P000673,T0000487,S0019,S0035,2025-01-01 08:15:00,4.42
TK00004150,P000689,T0001260,S0091,S0087,2025-01-01 08:15:00,4.9
TK00004151,P000981,T0000401,S0080,S0061,2025-01-01 08:15:00,2.85
TK00004152,P000498,T0000823,S0060,S0080,2025-01-01 08:15:00,4.77
TK00004153,P000826,T0000569,S0039,S0049,2025-01-01 08:15:00,2.24
TK00004154,P000228,T0001777,S0087,S0059,2025-01-01 08:15:00,1.66
TK00004155,P000665,T0000388,S0057,S0035,2025-01-01 08:15:00,3.63
TK00004156,P000889,T0001292,S0036,S0060,2025-01-01 08:15:00,1.7
TK00004157,P000204,T0000857,S0017,S0039,2025-01-01 08:15:00,2.96
TK00004158,,T0001532,S0050,S0007,2025-01-01 08:15:00,3.86
TK00004159,,T0000451,S0089,S0029,2025-01-01 08:15:00,1.71
TK00004160,P000827,T0001360,S0030,S0034,2025-01-01 08:15:00,4.42
TK00004161,P000465,T0001453,S0009,S0049,2025-01-01 08:15:00,1.64
TK00004162,P000613,T0001961,S0097,S0087,2025-01-01 08:15:00,4.53
TK00004163,P000868,T0001091,S0061,S0058,2025-01-01 08:15:00,3.46
TK00004164,P000653,T0001536,S0057,S0076,2025-01-01 08:15:00,4.3
TK00004165,P000223,T0000585,S0050,S0038,2025-01-01 08:15:00,4.06
TK00004166,P000104,T0000411,S0050,S0070,2025-01-01 08:15:00,4.56
TK00004166,P000104,T0000411,S0050,S0070,2025-01-01 08:15:00,4.56
TK00004167,P000455,T0000655,S0007,S0052,2025-01-01 08:15:00,3.56
TK00004168,P000781,T0000641,S0009,S0075,2025-01-01 08:15:00,4.67
TK00004169,,T0001697,S0031,S0021,2025-01-01 08:15:00,2.13
TK00004170,P000118,T0001972,S0072,S0096,2025-01-01 08:15:00,4.64
TK00004171,P000411,T0001489,S0011,S0045,2025-01-01 08:15:00,3.57
TK00004172,P000852,T0000795,S0096,S0085,2025-01-01 08:15:00,2.86
TK00004173,P000485,T0001308,S0086,S0036,2025-01-01 08:15:00,3.18
TK00004174,P000860,T0000227,S0040,S0024,2025-01-01 08:15:00,4.53
TK00004175,P000743,T0001480,S0044,S0080,2025-01-01 08:15:00,3.15
TK00004176,P000708,T0001550,S0012,S0020,2025-01-01 08:15:00,4.87
TK00004177,P000645,T0001164,S0055,S0005,2025-01-01 08:15:00,2.29
TK00004178,P000512,T0001650,S0088,S0019,2025-01-01 08:15:00,2.08
TK00004179,P000085,T0000914,S0008,S0003,2025-01-01 08:15:00,3.87
TK00004180,P000718,T0000100,S0086,S0091,2025-01-01 08:15:00,4.37
TK00004181,P000815,T0001682,S0002,S0093,2025-01-01 08:15:00,2.16
TK00004182,P000685,T0001502,S0039,S0054,2025-01-01 08:15:00,2.51
TK00004183,P000982,T0000235,S0085,S0006,2025-01-01 08:15:00,2.63
TK00004184,P000403,T0001074,S0052,S0075,2025-01-01 08:15:00,1.7
TK00004185,P000551,T0000375,S0033,S0018,2025-01-01 08:15:00,3.34
TK00004186,P000052,T0000401,S0030,S0077,2025-01-01 08:15:00,3.61
TK00004187,P000456,T0000639,S0094,S0089,2025-01-01 08:15:00,4.1
TK00004188,P000371,T0001910,S0090,S0021,2025-01-01 08:15:00,3.79
TK00004189,P000427,T0000515,S0070,S0001,2025-01-01 08:15:00,2.11
TK00004190,P000392,T0000516,S0055,S0004,2025-01-01 08:15:00,4.41
TK00004191,P000367,T0000381,S0086,S0056,2025-01-01 08:15:00,4.35
TK00004192,P000853,T0001457,S0054,S0048,2025-01-01 08:15:00,3.06
TK00004193,P000506,T0001172,S0077,S0073,2025-01-01 08:15:00,3.99
TK00004194,P000926,T0000913,S0083,S0019,2025-01-01 08:15:00,4.96
TK00004195,P000057,T0001007,S0011,S0094,2025-01-01 08:15:00,1.91
TK00004196,P000117,T0001487,S0038,S0015,2025-01-01 08:15:00,1.79
TK00004197,P000196,T0000270,S0094,S0016,2025-01-01 08:15:00,1.51
TK00004198,P000519,T0001835,S0100,S0070,2025-01-01 08:15:00,2.09
TK00004199,P000880,T0001810,S0028,S0041,2025-01-01 08:15:00,3.31
TK00004200,P000529,T0001521,S0061,S0029,2025-01-01 08:15:00,3.19
TK00004201,,T0001958,S0045,S0062,2025-01-01 08:15:00,4.67
TK00004202,P000168,T0001824,S0053,S0071,2025-01-01 08:15:00,3.33
TK00004203,P000203,T0000806,S0086,S0064,2025-01-01 08:15:00,3.47
TK00004204,P000650,T0001324,S0052,S0006,2025-01-01 08:15:00,2.19
TK00004205,P000318,T0000558,S0046,S0009,2025-01-01 08:15:00,2.37
TK00004206,P000700,T0000108,S0006,S0088,2025-01-01 08:15:00,4.56
TK00004207,P000453,T0001229,S0066,S0076,2025-01-01 08:15:00,4.41
TK00004208,P000675,T0000517,S0057,S0077,2025-01-01 08:15:00,4.98
TK00004209,P000872,T0000785,S0009,S0001,2025-01-01 08:15:00,1.64
TK00004210,P000347,T0000873,S0081,S0018,2025-01-01 08:15:00,2.97
TK00004211,P000966,T0001244,S0070,S0074,2025-01-01 08:15:00,4.32
TK00004212,P000933,T0001237,S0007,S0024,2025-01-01 08:15:00,1.78
TK00004213,P000270,T0000560,S0095,S0008,2025-01-01 08:15:00,4.24
TK00004214,P000995,T0001590,S0038,S0016,2025-01-01 08:15:00,3.74
TK00004215,P000224,T0000839,S0047,S0017,2025-01-01 08:15:00,2.66
TK00004216,P000106,T0000015,S0037,S0024,2025-01-01 08:15:00,4.31
TK00004217,P000164,T0000634,S0052,S0063,2025-01-01 08:15:00,3.05
TK00004218,P000948,T0001204,S0096,S0095,2025-01-01 08:15:00,3.45
TK00004219,P000188,T0001764,S0033,S0072,2025-01-01 08:15:00,4.9
TK00004220,P000185,T0001035,S0070,S0073,2025-01-01 08:15:00,3.15
TK00004221,P000455,T0000650,S0096,S0066,2025-01-01 08:15:00,2.55
TK00004222,P000486,T0000414,S0043,S0046,2025-01-01 08:15:00,4.82
TK00004223,P000217,T0001616,S0052,S0088,2025-01-01 08:15:00,4.46
TK00004224,P000442,T0001816,S0077,S0067,2025-01-01 08:15:00,2.34
TK00004225,P000465,T0000152,S0045,S0080,2025-01-01 08:15:00,1.56
TK00004226,P000525,T0001056,S0056,S0095,2025-01-01 08:15:00,4.33
TK00004227,P000731,T0001030,S0091,S0074,2025-01-01 08:15:00,4.47
TK00004228,P000414,T0000677,S0080,S0017,2025-01-01 08:15:00,2.68
TK00004229,P000009,T0000119,S0068,S0077,2025-01-01 08:15:00,1.59
TK00004230,P000798,T0000183,S0037,S0038,2025-01-01 08:15:00,3.96
TK00004231,P000771,T0000528,S0073,S0063,2025-01-01 08:15:00,2.91
TK00004232,P000538,T0000807,S0007,S0100,2025-01-01 08:15:00,2.08
TK00004233,P000558,T0001860,S0054,S0013,2025-01-01 08:15:00,3.44
TK00004234,P000827,T0000447,S0044,S0022,2025-01-01 08:15:00,2.93
TK00004235,P000227,T0000310,S0032,S0014,2025-01-01 08:15:00,4.99
TK00004236,P000268,T0001530,S0066,S0038,2025-01-01 08:15:00,4.57
TK00004237,P000289,T0000269,S0016,S0075,2025-01-01 08:15:00,1.76
TK00004238,P000472,T0000961,S0011,S0070,2025-01-01 08:15:00,1.94
TK00004239,P000131,T0001163,S0096,S0001,2025-01-01 08:15:00,3.57
TK00004240,P000933,T0001022,S0046,S0032,2025-01-01 08:15:00,4.24
TK00004241,P000626,T0000557,S0035,S0045,2025-01-01 08:15:00,1.59
TK00004242,P000219,T0001088,S0021,S0012,2025-01-01 08:15:00,3.2
TK00004243,P000795,T0001901,S0008,S0010,2025-01-01 08:15:00,1.95
TK00004243,P000795,T0001901,S0008,S0010,2025-01-01 08:15:00,1.95
TK00004244,P000661,T0000178,S0071,S0056,2025-01-01 08:15:00,4.73
TK00004245,P000855,T0000530,S0075,S0050,2025-01-01 08:15:00,2.51
TK00004246,P000885,T0000467,S0010,S0036,2025-01-01 08:15:00,2.05
TK00004247,P000466,T0001582,S0053,S0057,2025-01-01 08:15:00,3.07
TK00004248,P000507,T0000840,S0045,S0052,2025-01-01 08:15:00,4.02
TK00004249,P000590,T0000856,S0064,S0072,2025-01-01 08:15:00,4.19
TK00004250,P000426,T0000178,S0020,S0012,2025-01-01 08:15:00,4.75
TK00004251,P000150,T0001797,S0071,S0081,2025-01-01 08:15:00,3.8
TK00004252,P000823,T0001257,S0026,S0036,2025-01-01 08:15:00,3.56
TK00004253,P000266,T0000613,S0047,S0076,2025-01-01 08:15:00,2.93
TK00004254,P000957,T0000044,S0093,S0097,2025-01-01 08:15:00,2.55
TK00004255,P000188,T0001122,S0002,S0056,2025-01-01 08:15:00,1.91
TK00004256,P000849,T0000538,S0088,S0037,2025-01-01 08:15:00,4.24
TK00004257,P000638,T0001474,S0087,S0084,2025-01-01 08:15:00,3.53
TK00004258,P000409,T0000108,S0055,S0020,2025-01-01 08:15:00,2.91
TK00004259,P000832,T0001357,S0020,S0027,2025-01-01 08:15:00,4.9
TK00004260,P000343,T0000678,S0067,S0036,2025-01-01 08:15:00,1.9
TK00004261,P000659,T0000819,S0001,S0046,2025-01-01 08:15:00,3.53
TK00004262,P000846,T0000660,S0044,S0068,2025-01-01 08:15:00,3.67
TK00004263,P000676,T0001924,S0094,S0086,2025-01-01 08:15:00,4.72
TK00004264,P000360,T0001959,S0036,S0054,2025-01-01 08:15:00,4.61
TK00004265,P000904,T0000551,S0085,S0064,2025-01-01 08:15:00,3.72
TK00004266,P000508,T0000813,S0072,S0010,2025-01-01 08:15:00,2.14
TK00004267,,T0001682,S0099,S0032,2025-01-01 08:15:00,4.26
TK00004268,P000592,T0001572,S0035,S0094,2025-01-01 08:15:00,4.88
TK00004269,P000075,T0000047,S0001,S0096,2025-01-01 08:15:00,2.98
TK00004270,P000150,T0001548,S0029,S0092,2025-01-01 08:15:00,4.65
TK00004271,P000738,T0001077,S0021,S0076,2025-01-01 08:15:00,3.14
TK00004272,P000311,T0000557,S0005,S0023,2025-01-01 08:15:00,3.63
TK00004273,P000974,T0000568,S0003,S0006,2025-01-01 08:15:00,2.41
TK00004274,P000352,T0000118,S0024,S0094,2025-01-01 08:15:00,1.51
TK00004275,P000377,T0000479,S0033,S0006,2025-01-01 08:15:00,3.82
TK00004276,P000120,T0001676,S0060,S0035,2025-01-01 08:15:00,2.91
TK00004277,P000536,T0000238,S0079,S0087,2025-01-01 08:15:00,3.63
TK00004278,P000973,T0001490,S0004,S0074,2025-01-01 08:15:00,3.23
TK00004279,P000007,T0001013,S0052,S0002,2025-01-01 08:15:00,2.24
TK00004280,P000925,T0000369,S0028,S0047,2025-01-01 08:15:00,3.14
TK00004281,P000591,T0000248,S0017,S0084,2025-01-01 08:15:00,4.79
TK00004282,P000874,T0001691,S0040,S0061,2025-01-01 08:15:00,3.32
TK00004283,P000927,T0000974,S0006,S0083,2025-01-01 08:15:00,2.13
TK00004284,P000127,T0000720,S0054,S0046,2025-01-01 08:15:00,3.6
TK00004285,P000212,T0001381,S0086,S0041,2025-01-01 08:15:00,3.92
TK00004286,P000795,T0001613,S0032,S0014,2025-01-01 08:15:00,4.98
TK00004287,P000489,T0000649,S0038,S0074,2025-01-01 08:15:00,4.65
TK00004288,P000149,T0000225,S0060,S0033,2025-01-01 08:15:00,4.72
TK00004289,P000894,T0001982,S0064,S0013,2025-01-01 08:15:00,2.35
TK00004290,P000351,T0001374,S0049,S0086,2025-01-01 08:15:00,4.85
TK00004291,P000440,T0000651,S0039,S0007,2025-01-01 08:15:00,3.88
TK00004292,P000983,T0000467,S0097,S0038,2025-01-01 08:15:00,2.33
TK00004293,P000967,T0001703,S0017,S0070,2025-01-01 08:15:00,3.21
TK00004293,P000967,T0001703,S0017,S0070,2025-01-01 08:15:00,3.21
TK00004294,P000732,T0000669,S0042,S0095,2025-01-01 08:15:00,3.6
TK00004295,P000116,T0000547,S0033,S0051,2025-01-01 08:15:00,4.07
TK00004296,P000632,T0001007,S0034,S0073,2025-01-01 08:15:00,4.05
TK00004297,P000443,T0001726,S0087,S0098,2025-01-01 08:15:00,4.19
TK00004298,P000379,T0001026,S0062,S0080,2025-01-01 08:15:00,3.83
TK00004299,P000236,T0000439,S0080,S0054,2025-01-01 08:15:00,3.36
TK00004300,P000009,T0001014,S0100,S0097,2025-01-01 08:15:00,1.82
TK00004301,P000259,T0000589,S0100,S0071,2025-01-01 08:15:00,4.04
TK00004302,P000858,T0001310,S0015,S0076,2025-01-01 08:15:00,2.92
TK00004303,P000449,T0000156,S0084,S0071,2025-01-01 08:15:00,4.51
TK00004304,P000312,T0001006,S0021,S0100,2025-01-01 08:15:00,2.65
TK00004305,P000023,T0000654,S0081,S0084,2025-01-01 08:15:00,2.08
TK00004306,P000774,T0001584,S0062,S0097,2025-01-01 08:15:00,3.04
TK00004307,P000455,T0001617,S0062,S0022,2025-01-01 08:15:00,3.07
TK00004308,P000675,T0000470,S0001,S0019,2025-01-01 08:15:00,2.33
TK00004309,P000781,T0000112,S0025,S0032,2025-01-01 08:15:00,4.21
TK00004310,P000559,T0001368,S0062,S0064,2025-01-01 08:15:00,3.44
TK00004311,P000849,T0001579,S0048,S0059,2025-01-01 08:15:00,4.15
TK00004312,P000488,T0001566,S0095,S0041,2025-01-01 08:15:00,3.97
TK00004313,P000276,T0000352,S0003,S0081,2025-01-01 08:15:00,4.52
TK00004314,P000479,T0000229,S0040,S0038,2025-01-01 08:15:00,3.53
TK00004315,P000444,T0000620,S0037,S0032,2025-01-01 08:15:00,4.36
TK00004316,P000587,T0000199,S0036,S0042,2025-01-01 08:15:00,4.89
TK00004317,P000298,T0001082,S0073,S0016,2025-01-01 08:15:00,2.28
TK00004318,P000774,T0000968,S0028,S0003,2025-01-01 08:15:00,2.94
TK00004319,P000801,T0000347,S0047,S0083,2025-01-01 08:15:00,4.02
TK00004320,P000927,T0000958,S0010,S0035,2025-01-01 08:15:00,4.05
TK00004321,P000939,T0001741,S0053,S0033,2025-01-01 08:15:00,1.55
TK00004322,P000124,T0001407,S0007,S0017,2025-01-01 08:15:00,4.11
TK00004323,P000241,T0000370,S0040,S0081,2025-01-01 08:15:00,4.53
TK00004324,P000141,T0001106,S0048,S0023,2025-01-01 08:15:00,4.29
TK00004325,P000154,T0001934,S0090,S0058,2025-01-01 08:15:00,4.0
TK00004326,P000254,T0001032,S0071,S0072,2025-01-01 08:15:00,4.51
TK00004327,P000238,T0001134,S0094,S0066,2025-01-01 08:15:00,3.08
TK00004328,P000894,T0001121,S0012,S0076,2025-01-01 08:15:00,4.73
TK00004329,P000474,T0001766,S0013,S0068,2025-01-01 08:15:00,1.99
TK00004330,P000269,T0000327,S0008,S0063,2025-01-01 08:15:00,3.58
TK00004331,P000212,T0001732,S0042,S0081,2025-01-01 08:15:00,3.37
TK00004332,P000018,T0000657,S0068,S0042,2025-01-01 08:15:00,1.82
TK00004333,P000204,T0001059,S0080,S0005,2025-01-01 08:15:00,1.65
TK00004334,P000101,T0001085,S0064,S0001,2025-01-01 08:15:00,3.87
TK00004335,P000001,T0001662,S0028,S0018,2025-01-01 08:15:00,3.48
TK00004336,P000200,T0001122,S0095,S0019,2025-01-01 08:15:00,3.25
TK00004337,P000899,T0000190,S0066,S0081,2025-01-01 08:15:00,2.58
TK00004338,P000020,T0000829,S0043,S0045,2025-01-01 08:15:00,3.25
TK00004339,P000847,T0001711,S0053,S0079,2025-01-01 08:15:00,4.52
TK00004340,P000487,T0000121,S0091,S0011,2025-01-01 08:15:00,4.14
TK00004341,P000560,T0001927,S0032,S0060,2025-01-01 08:15:00,3.53
TK00004342,P000387,T0000381,S0004,S0047,2025-01-01 08:15:00,1.54
TK00004343,P000714,T0001991,S0012,S0027,2025-01-01 08:15:00,2.72
TK00004344,P000225,T0000462,S0075,S0077,2025-01-01 08:15:00,4.98
TK00004345,P000698,T0000361,S0013,S0031,2025-01-01 08:15:00,1.99
TK00004346,P000478,T0001094,S0085,S0068,2025-01-01 08:15:00,2.34
TK00004347,P000332,T0001849,S0053,S0014,2025-01-01 08:15:00,4.22
TK00004348,P000552,T0001144,S0014,S0030,2025-01-01 08:15:00,3.72
TK00004349,P000562,T0001481,S0029,S0040,2025-01-01 08:15:00,3.24
TK00004350,P000024,T0000999,S0082,S0049,2025-01-01 08:15:00,4.04
TK00004351,P000298,T0001351,S0032,S0003,2025-01-01 08:15:00,4.04
TK00004352,P000809,T0001017,S0076,S0040,2025-01-01 08:15:00,4.18
TK00004353,P000443,T0001779,S0005,S0017,2025-01-01 08:15:00,4.34
TK00004354,P000286,T0000022,S0033,S0039,2025-01-01 08:15:00,3.01
TK00004355,P000851,T0000382,S0053,S0014,2025-01-01 08:15:00,3.16
TK00004356,P000145,T0000374,S0067,S0042,2025-01-01 08:15:00,3.94
TK00004357,P000285,T0000205,S0068,S0042,2025-01-01 08:15:00,2.06
TK00004358,P000938,T0000975,S0029,S0048,2025-01-01 08:15:00,2.91
TK00004359,P000454,T0001047,S0093,S0028,2025-01-01 08:15:00,2.33
TK00004360,P000552,T0000637,S0028,S0035,2025-01-01 08:15:00,4.9
TK00004361,,T0000924,S0076,S0068,2025-01-01 08:15:00,2.56
TK00004362,P000064,T0000656,S0093,S0004,2025-01-01 08:15:00,3.31
TK00004363,P000768,T0000947,S0046,S0023,2025-01-01 08:15:00,3.32
TK00004364,P000774,T0001776,S0010,S0031,2025-01-01 08:15:00,1.97
TK00004365,P000774,T0001717,S0093,S0024,2025-01-01 08:15:00,4.05
TK00004366,P000843,T0001743,S0063,S0005,2025-01-01 08:15:00,3.96
TK00004367,P000113,T0000347,S0064,S0027,2025-01-01 08:15:00,2.26
TK00004368,P000477,T0001459,S0035,S0038,2025-01-01 08:15:00,3.04
TK00004368,P000477,T0001459,S0035,S0038,2025-01-01 08:15:00,3.04
TK00004369,P000102,T0001638,S0011,S0042,2025-01-01 08:15:00,2.67
TK00004370,P000964,T0000852,S0022,S0073,2025-01-01 08:15:00,2.95
TK00004371,P000695,T0000719,S0066,S0027,2025-01-01 08:15:00,1.86
TK00004372,P000615,T0001141,S0057,S0067,2025-01-01 08:15:00,4.87
TK00004373,P000566,T0000370,S0075,S0098,2025-01-01 08:15:00,4.95
TK00004374,P000183,T0001998,S0095,S0060,2025-01-01 08:15:00,2.0
TK00004375,P000950,T0001501,S0066,S0063,2025-01-01 08:15:00,2.23
TK00004376,P000790,T0000313,S0001,S0036,2025-01-01 08:15:00,1.98
TK00004377,P000382,T0001563,S0002,S0032,2025-01-01 08:15:00,3.25
TK00004378,P000456,T0000086,S0065,S0017,2025-01-01 08:15:00,4.59
TK00004379,P000744,T0000302,S0046,S0021,2025-01-01 08:15:00,2.09
TK00004380,P000536,T0000096,S0100,S0042,2025-01-01 08:15:00,4.75
TK00004381,P000429,T0001777,S0013,S0065,2025-01-01 08:15:00,4.46
TK00004382,P000993,T0000801,S0002,S0072,2025-01-01 08:15:00,4.38
TK00004383,P000218,T0001784,S0062,S0028,2025-01-01 08:15:00,3.61
TK00004384,P000643,T0000119,S0047,S0020,2025-01-01 08:15:00,4.89
TK00004385,P000088,T0001386,S0004,S0002,2025-01-01 08:15:00,3.6
TK00004386,P000360,T0001920,S0030,S0067,2025-01-01 08:15:00,4.29
TK00004387,P000518,T0000572,S0025,S0049,2025-01-01 08:15:00,3.59
TK00004388,P000440,T0000539,S0026,S0066,2025-01-01 08:15:00,2.42
TK00004389,P000194,T0000059,S0002,S0041,2025-01-01 08:15:00,1.89
TK00004390,P000437,T0001657,S0100,S0066,2025-01-01 08:15:00,1.59
TK00004391,P000637,T0000442,S0022,S0053,2025-01-01 08:15:00,2.06
TK00004392,P000082,T0001322,S0087,S0051,2025-01-01 08:15:00,3.85
TK00004393,P000304,T0001777,S0025,S0035,2025-01-01 08:15:00,3.23
TK00004394,,T0000924,S0068,S0008,2025-01-01 08:15:00,2.55
TK00004395,P000736,T0000880,S0067,S0044,2025-01-01 08:15:00,2.3
TK00004396,P000457,T0000461,S0053,S0092,2025-01-01 08:15:00,4.56
TK00004397,P000931,T0001168,S0017,S0049,2025-01-01 08:15:00,2.42
TK00004398,P000934,T0000495,S0065,S0062,2025-01-01 08:15:00,3.23
TK00004399,P000285,T0000122,S0082,S0100,2025-01-01 08:15:00,3.03
TK00004400,P000263,T0000989,S0001,S0079,2025-01-01 08:15:00,4.42
TK00004401,P000180,T0000067,S0068,S0037,2025-01-01 08:15:00,2.92
TK00004402,P000929,T0001578,S0074,S0052,2025-01-01 08:15:00,2.3
TK00004403,P000287,T0001948,S0047,S0017,2025-01-01 08:15:00,2.6
TK00004404,P000616,T0000566,S0040,S0009,2025-01-01 08:15:00,2.06
TK00004405,P000182,T0000580,S0048,S0064,2025-01-01 08:15:00,3.57
TK00004406,P000291,T0001694,S0073,S0032,2025-01-01 08:15:00,4.79
TK00004407,P000336,T0000677,S0026,S0092,2025-01-01 08:15:00,2.62
TK00004407,P000336,T0000677,S0026,S0092,2025-01-01 08:15:00,2.62
TK00004408,P000801,T0000208,S0041,S0027,2025-01-01 08:15:00,3.82
TK00004409,P000368,T0001697,S0040,S0098,2025-01-01 08:15:00,4.26
TK00004410,P000008,T0001608,S0052,S0009,2025-01-01 08:15:00,2.5
TK00004411,P000133,T0000846,S0044,S0013,2025-01-01 08:15:00,2.75
TK00004412,P000646,T0001180,S0049,S0059,2025-01-01 08:15:00,4.78
TK00004413,P000048,T0000032,S0054,S0031,2025-01-01 08:15:00,2.47
TK00004414,P000783,T0000882,S0022,S0008,2025-01-01 08:15:00,2.51
TK00004415,P000607,T0001018,S0079,S0084,2025-01-01 08:15:00,4.44
TK00004416,P000469,T0001559,S0067,S0097,2025-01-01 08:15:00,3.42
TK00004417,P000905,T0001351,S0049,S0084,2025-01-01 08:15:00,3.1
TK00004418,P000663,T0001699,S0086,S0003,2025-01-01 08:15:00,4.12
TK00004419,P000408,T0001194,S0073,S0036,2025-01-01 08:15:00,2.65
TK00004420,P000617,T0001773,S0031,S0090,2025-01-01 08:15:00,2.56
TK00004421,P000229,T0001286,S0072,S0019,2025-01-01 08:15:00,1.61
TK00004422,P000599,T0001227,S0078,S0061,2025-01-01 08:15:00,2.49
TK00004423,P000426,T0000571,S0041,S0066,2025-01-01 08:15:00,4.42
TK00004424,P000181,T0001476,S0074,S0029,2025-01-01 08:15:00,1.92
TK00004425,P000491,T0000634,S0037,S0043,2025-01-01 08:15:00,4.06
TK00004426,P000276,T0000681,S0028,S0009,2025-01-01 08:15:00,1.53
TK00004427,P000422,T0000100,S0030,S0069,2025-01-01 08:15:00,1.67
TK00004428,P000126,T0000310,S0095,S0074,2025-01-01 08:15:00,4.12
TK00004429,P000848,T0001796,S0010,S0070,2025-01-01 08:15:00,2.86
TK00004430,P000795,T0001135,S0068,S0009,2025-01-01 08:15:00,4.55
TK00004431,P000645,T0001913,S0097,S0002,2025-01-01 08:15:00,3.22
TK00004432,P000356,T0001486,S0020,S0085,2025-01-01 08:15:00,1.71
TK00004433,P000547,T0000090,S0059,S0021,2025-01-01 08:15:00,4.89
TK00004434,P000631,T0001534,S0067,S0064,2025-01-01 08:15:00,2.12
TK00004435,P000370,T0001045,S0085,S0007,2025-01-01 08:15:00,4.38
TK00004436,P000139,T0001072,S0067,S0059,2025-01-01 08:15:00,3.57
TK00004437,P000920,T0001608,S0041,S0065,2025-01-01 08:15:00,2.79
TK00004438,P000276,T0000769,S0082,S0042,2025-01-01 08:15:00,2.17
TK00004439,P000266,T0000081,S0031,S0015,2025-01-01 08:15:00,2.55
TK00004440,P000707,T0001776,S0069,S0064,2025-01-01 08:15:00,4.45
TK00004441,P000743,T0000457,S0018,S0025,2025-01-01 08:15:00,3.26
TK00004442,P000617,T0000748,S0083,S0087,2025-01-01 08:15:00,2.86
TK00004443,P000556,T0001050,S0031,S0011,2025-01-01 08:15:00,2.96
TK00004444,P000479,T0000708,S0053,S0059,2025-01-01 08:15:00,3.58
TK00004445,P000515,T0000419,S0028,S0086,2025-01-01 08:15:00,4.32
TK00004446,P000769,T0000641,S0100,S0035,2025-01-01 08:15:00,2.35
TK00004447,P000372,T0000111,S0040,S0001,2025-01-01 08:15:00,3.36
TK00004448,P000064,T0001702,S0017,S0083,2025-01-01 08:15:00,4.71
TK00004449,P000767,T0000332,S0028,S0064,2025-01-01 08:15:00,4.84
TK00004450,P000019,T0000967,S0011,S0028,2025-01-01 08:15:00,4.3
TK00004451,,T0001653,S0038,S0012,2025-01-01 08:15:00,2.55
TK00004452,P000902,T0000868,S0022,S0013,2025-01-01 08:15:00,4.66
TK00004453,P000788,T0000530,S0070,S0033,2025-01-01 08:15:00,2.34
TK00004454,P000606,T0000195,S0067,S0100,2025-01-01 08:15:00,2.29
TK00004455,P000577,T0000199,S0086,S0056,2025-01-01 08:15:00,4.35
TK00004456,P000216,T0000895,S0022,S0076,2025-01-01 08:15:00,2.12
TK00004457,P000782,T0001266,S0057,S0006,2025-01-01 08:15:00,4.32
TK00004458,P000254,T0000831,S0056,S0099,2025-01-01 08:15:00,3.55
TK00004459,P000890,T0000202,S0058,S0003,2025-01-01 08:15:00,3.59
TK00004460,P000763,T0001292,S0053,S0077,2025-01-01 08:15:00,4.86
TK00004461,P000881,T0000543,S0014,S0042,2025-01-01 08:15:00,2.71
TK00004462,P000552,T0000976,S0091,S0009,2025-01-01 08:15:00,4.32
TK00004463,P000732,T0000508,S0006,S0028,2025-01-01 08:15:00,3.99
TK00004464,P000636,T0001961,S0029,S0051,2025-01-01 08:15:00,1.79
TK00004465,P000125,T0001376,S0019,S0033,2025-01-01 08:15:00,2.2
TK00004466,P000999,T0000023,S0049,S0068,2025-01-01 08:15:00,3.96
TK00004467,P000528,T0000950,S0094,S0067,2025-01-01 08:15:00,4.97
TK00004468,P000453,T0001021,S0071,S0066,2025-01-01 08:15:00,4.19
TK00004469,P000707,T0000086,S0079,S0086,2025-01-01 08:15:00,4.01
TK00004470,P000380,T0001339,S0096,S0062,2025-01-01 08:15:00,3.28
TK00004471,P000982,T0001713,S0063,S0060,2025-01-01 08:15:00,2.88
TK00004472,P000570,T0001368,S0045,S0081,2025-01-01 08:15:00,4.9
TK00004473,P000287,T0001969,S0084,S0099,2025-01-01 08:15:00,2.98
TK00004474,P000894,T0001018,S0078,S0040,2025-01-01 08:15:00,2.55
TK00004475,P000643,T0000473,S0071,S0044,2025-01-01 08:15:00,4.88
TK00004476,P000100,T0001363,S0080,S0048,2025-01-01 08:15:00,2.33
TK00004477,P000383,T0000235,S0016,S0004,2025-01-01 08:15:00,4.16
TK00004478,P000795,T0000639,S0034,S0011,2025-01-01 08:15:00,3.38
TK00004479,P000251,T0001184,S0050,S0075,2025-01-01 08:15:00,4.26
TK00004480,P000595,T0000200,S0046,S0074,2025-01-01 08:15:00,1.85
TK00004481,P000589,T0000612,S0027,S0024,2025-01-01 08:15:00,1.93
TK00004482,P000440,T0000691,S0030,S0071,2025-01-01 08:15:00,2.0
TK00004483,P000028,T0001341,S0001,S0024,2025-01-01 08:15:00,3.9
TK00004484,P000719,T0000674,S0068,S0070,2025-01-01 08:15:00,1.58
TK00004485,P000675,T0000735,S0047,S0067,2025-01-01 08:15:00,2.4
TK00004486,P000692,T0000929,S0051,S0065,2025-01-01 08:15:00,4.19
TK00004486,P000692,T0000929,S0051,S0065,2025-01-01 08:15:00,4.19
TK00004487,P000077,T0000135,S0078,S0015,2025-01-01 08:15:00,2.86
TK00004488,P000394,T0000542,S0033,S0065,2025-01-01 08:15:00,1.75
TK00004489,P000824,T0001408,S0015,S0030,2025-01-01 08:15:00,2.31
TK00004490,P000826,T0000643,S0015,S0046,2025-01-01 08:15:00,2.64
TK00004491,P000533,T0000348,S0069,S0085,2025-01-01 08:15:00,2.26
TK00004492,P000278,T0001419,S0092,S0083,2025-01-01 08:15:00,1.89
TK00004493,P000055,T0000176,S0090,S0012,2025-01-01 08:15:00,3.79
TK00004494,P000443,T0001264,S0008,S0071,2025-01-01 08:15:00,4.96
TK00004495,P000803,T0001395,S0087,S0008,2025-01-01 08:15:00,1.72
TK00004496,P000027,T0001361,S0029,S0076,2025-01-01 08:15:00,4.53
TK00004497,P000913,T0000473,S0043,S0008,2025-01-01 08:15:00,1.51
TK00004498,P000398,T0000709,S0093,S0034,2025-01-01 08:15:00,4.66
TK00004499,P000733,T0001309,S0018,S0069,2025-01-01 08:15:00,2.18
TK00004500,P000897,T0000946,S0049,S0074,2025-01-01 08:15:00,2.31
TK00004500,P000897,T0000946,S0049,S0074,2025-01-01 08:15:00,2.31
TK00004501,P000942,T0001292,S0047,S0025,2025-01-01 08:15:00,1.93
TK00004502,P000316,T0001449,S0013,S0091,2025-01-01 08:15:00,1.9
TK00004502,P000316,T0001449,S0013,S0091,2025-01-01 08:15:00,1.9
TK00004503,P000598,T0000967,S0071,S0090,2025-01-01 08:15:00,2.82
TK00004504,P000555,T0001137,S0029,S0005,2025-01-01 08:15:00,2.36
TK00004505,P000890,T0001021,S0052,S0083,2025-01-01 08:15:00,2.67
TK00004506,P000174,T0000802,S0061,S0013,2025-01-01 08:15:00,4.88
TK00004507,P000822,T0001109,S0024,S0006,2025-01-01 08:15:00,2.87
TK00004508,P000190,T0001061,S0035,S0005,2025-01-01 08:15:00,3.63
TK00004509,P000039,T0001948,S0036,S0054,2025-01-01 08:15:00,1.91
TK00004510,P000456,T0001466,S0032,S0013,2025-01-01 08:15:00,4.65
TK00004511,P000626,T0000347,S0062,S0037,2025-01-01 08:15:00,4.88
TK00004512,P000344,T0001991,S0087,S0004,2025-01-01 08:15:00,4.72
TK00004513,P000270,T0000729,S0022,S0095,2025-01-01 08:15:00,4.18
TK00004514,P000335,T0001580,S0038,S0005,2025-01-01 08:15:00,3.35
TK00004515,P000791,T0001385,S0015,S0092,2025-01-01 08:15:00,2.36
TK00004516,P000525,T0000424,S0009,S0002,2025-01-01 08:15:00,2.48
TK00004517,P000679,T0000911,S0086,S0005,2025-01-01 08:15:00,4.6
TK00004517,P000679,T0000911,S0086,S0005,2025-01-01 08:15:00,4.6
TK00004518,P000061,T0001828,S0041,S0054,2025-01-01 08:15:00,3.55
TK00004519,P000526,T0000304,S0075,S0085,2025-01-01 08:15:00,4.29
TK00004520,P000394,T0001360,S0029,S0068,2025-01-01 08:15:00,2.51
TK00004521,P000468,T0001089,S0098,S0026,2025-01-01 08:15:00,4.82
TK00004522,P000055,T0001976,S0070,S0025,2025-01-01 08:15:00,1.86
TK00004523,P000876,T0001745,S0056,S0001,2025-01-01 08:15:00,3.51
TK00004524,P000768,T0000410,S0006,S0085,2025-01-01 08:15:00,4.19
TK00004525,P000249,T0000760,S0041,S0062,2025-01-01 08:15:00,3.09
TK00004526,P000175,T0001096,S0042,S0065,2025-01-01 08:15:00,4.79
TK00004527,P000101,T0001437,S0031,S0006,2025-01-01 08:15:00,2.32
TK00004528,P000303,T0001658,S0044,S0047,2025-01-01 08:15:00,1.51
TK00004529,P000035,T0001710,S0011,S0071,2025-01-01 08:15:00,4.13
TK00004530,P000520,T0000281,S0092,S0046,2025-01-01 08:15:00,2.8
TK00004531,P000475,T0001710,S0099,S0092,2025-01-01 08:15:00,4.71
TK00004532,P000827,T0001502,S0093,S0005,2025-01-01 08:15:00,1.75
TK00004533,P000723,T0000402,S0085,S0054,2025-01-01 08:15:00,4.8
TK00004534,P000858,T0001426,S0069,S0080,2025-01-01 08:15:00,4.95
TK00004535,P000238,T0000191,S0023,S0021,2025-01-01 08:15:00,1.51
TK00004536,P000650,T0000988,S0024,S0051,2025-01-01 08:15:00,4.64
TK00004537,P000242,T0001273,S0046,S0097,2025-01-01 08:15:00,3.38
TK00004538,P000604,T0001887,S0026,S0024,2025-01-01 08:15:00,2.23
TK00004539,P000020,T0000075,S0081,S0073,2025-01-01 08:15:00,3.45
TK00004540,P000468,T0001551,S0020,S0079,2025-01-01 08:15:00,2.24
TK00004541,P000648,T0000181,S0085,S0077,2025-01-01 08:15:00,4.05
TK00004542,P000230,T0000900,S0012,S0028,2025-01-01 08:15:00,1.59
TK00004543,P000419,T0001125,S0071,S0049,2025-01-01 08:15:00,3.7
TK00004544,P000798,T0000031,S0012,S0030,2025-01-01 08:15:00,1.75
TK00004545,P000898,T0001086,S0068,S0004,2025-01-01 08:15:00,4.91
TK00004546,P000514,T0001616,S0005,S0017,2025-01-01 08:15:00,4.55
TK00004547,P000474,T0001406,S0058,S0012,2025-01-01 08:15:00,3.42
TK00004548,P000290,T0000852,S0076,S0042,2025-01-01 08:15:00,2.33
TK00004549,P000082,T0001813,S0046,S0082,2025-01-01 08:15:00,3.4
TK00004550,P000224,T0001287,S0091,S0024,2025-01-01 08:15:00,2.16
TK00004551,P000434,T0001460,S0050,S0077,2025-01-01 08:15:00,3.1
TK00004552,P000473,T0000035,S0032,S0030,2025-01-01 08:15:00,3.36
TK00004553,P000105,T0000374,S0070,S0079,2025-01-01 08:15:00,2.32
TK00004554,P000896,T0000747,S0038,S0043,2025-01-01 08:15:00,1.8
TK00004555,P000305,T0001829,S0021,S0017,2025-01-01 08:15:00,2.77
TK00004556,P000487,T0000076,S0045,S0039,2025-01-01 08:15:00,2.72
TK00004557,P000602,T0001191,S0071,S0067,2025-01-01 08:15:00,2.38
TK00004558,P000688,T0000905,S0096,S0025,2025-01-01 08:15:00,3.71
TK00004559,P000142,T0001497,S0095,S0035,2025-01-01 08:15:00,3.02
TK00004560,P000868,T0001679,S0063,S0010,2025-01-01 08:15:00,4.13
TK00004561,P000965,T0001937,S0018,S0093,2025-01-01 08:15:00,3.11
TK00004562,P000360,T0000535,S0018,S0067,2025-01-01 08:15:00,3.54
TK00004563,P000940,T0001029,S0046,S0085,2025-01-01 08:15:00,4.68
TK00004564,P000419,T0001483,S0081,S0097,2025-01-01 08:15:00,3.73
TK00004565,P000854,T0001582,S0073,S0091,2025-01-01 08:15:00,4.0
TK00004566,P000277,T0001253,S0044,S0069,2025-01-01 08:15:00,3.35
TK00004567,P000721,T0001853,S0003,S0096,2025-01-01 08:15:00,2.49
TK00004568,P000300,T0000737,S0002,S0041,2025-01-01 08:15:00,2.17
TK00004569,P000408,T0001625,S0079,S0059,2025-01-01 08:15:00,4.41
TK00004570,P000204,T0000731,S0097,S0064,2025-01-01 08:15:00,2.05
TK00004571,P000891,T0001394,S0021,S0029,2025-01-01 08:15:00,1.61
TK00004572,P000527,T0001579,S0033,S0051,2025-01-01 08:15:00,4.36
TK00004573,P000125,T0000240,S0076,S0064,2025-01-01 08:15:00,3.89
TK00004574,P000314,T0001803,S0064,S0005,2025-01-01 08:15:00,2.68
TK00004575,P000046,T0001234,S0051,S0049,2025-01-01 08:15:00,2.77
TK00004576,P000490,T0000643,S0100,S0054,2025-01-01 08:15:00,2.55
TK00004577,P000426,T0001296,S0057,S0016,2025-01-01 08:15:00,4.15
TK00004578,P000971,T0000443,S0059,S0017,2025-01-01 08:15:00,4.39
TK00004579,P000788,T0000951,S0034,S0096,2025-01-01 08:15:00,1.62
TK00004580,P000273,T0001388,S0088,S0054,2025-01-01 08:15:00,3.1
TK00004581,P000911,T0001844,S0010,S0092,2025-01-01 08:15:00,1.52
TK00004582,P000827,T0001050,S0089,S0044,2025-01-01 08:15:00,3.38
TK00004583,P000371,T0001754,S0078,S0095,2025-01-01 08:15:00,4.12
TK00004584,P000062,T0000442,S0058,S0074,2025-01-01 08:15:00,3.05
TK00004585,P000677,T0001654,S0077,S0033,2025-01-01 08:15:00,4.22
TK00004586,P000278,T0001835,S0024,S0045,2025-01-01 08:15:00,3.85
TK00004587,P000358,T0001397,S0100,S0099,2025-01-01 08:15:00,2.3
TK00004588,P000611,T0001026,S0091,S0024,2025-01-01 08:15:00,3.36
TK00004589,P000060,T0000840,S0029,S0060,2025-01-01 08:15:00,3.11
TK00004590,P000518,T0001324,S0092,S0037,2025-01-01 08:15:00,4.26
TK00004591,P001000,T0001814,S0080,S0033,2025-01-01 08:15:00,3.14
TK00004592,P000057,T0001654,S0008,S0047,2025-01-01 08:15:00,4.04
TK00004593,P000286,T0001018,S0063,S0024,2025-01-01 08:15:00,3.26
TK00004594,P000751,T0001774,S0023,S0040,2025-01-01 08:15:00,3.45
TK00004595,P000560,T0000518,S0085,S0072,2025-01-01 08:15:00,3.64
TK00004596,P000241,T0000159,S0069,S0018,2025-01-01 08:15:00,3.16
TK00004597,P000466,T0000901,S0091,S0050,2025-01-01 08:15:00,3.39
TK00004598,P000159,T0001075,S0084,S0009,2025-01-01 08:15:00,2.95
TK00004599,P000004,T0000898,S0094,S0059,2025-01-01 08:15:00,1.56
TK00004600,,T0001085,S0034,S0089,2025-01-01 08:15:00,1.77
TK00004601,P000628,T0001778,S0056,S0047,2025-01-01 08:15:00,3.62
TK00004602,P000426,T0001064,S0001,S0017,2025-01-01 08:15:00,4.8
TK00004603,P000088,T0001271,S0007,S0071,2025-01-01 08:15:00,4.28
TK00004604,P000464,T0000501,S0093,S0064,2025-01-01 08:15:00,3.12
TK00004605,P000121,T0000653,S0068,S0074,2025-01-01 08:15:00,2.46
TK00004606,P000903,T0000265,S0034,S0076,2025-01-01 08:15:00,2.41
TK00004607,P000993,T0000223,S0009,S0008,2025-01-01 08:15:00,3.12
TK00004608,P000969,T0000459,S0039,S0073,2025-01-01 08:15:00,3.21
TK00004609,P000864,T0000994,S0057,S0021,2025-01-01 08:15:00,2.81
TK00004610,P000550,T0000709,S0094,S0026,2025-01-01 08:15:00,2.26
TK00004611,P000450,T0001909,S0091,S0042,2025-01-01 08:15:00,3.16
TK00004612,P000857,T0001079,S0067,S0094,2025-01-01 08:15:00,2.74
TK00004613,P000445,T0000687,S0026,S0047,2025-01-01 08:15:00,4.75
TK00004614,P000924,T0000559,S0042,S0027,2025-01-01 08:15:00,2.16
TK00004615,P000212,T0000563,S0029,S0018,2025-01-01 08:15:00,1.54
TK00004616,P000221,T0001526,S0083,S0061,2025-01-01 08:15:00,4.5
TK00004617,P000439,T0000564,S0096,S0020,2025-01-01 08:15:00,2.56
TK00004618,P000570,T0001532,S0093,S0046,2025-01-01 08:15:00,2.94
TK00004619,P000770,T0001403,S0042,S0061,2025-01-01 08:15:00,3.13
TK00004620,P000618,T0000766,S0021,S0002,2025-01-01 08:15:00,3.86
TK00004621,P000113,T0001635,S0023,S0022,2025-01-01 08:15:00,2.15
TK00004622,P000052,T0000719,S0054,S0064,2025-01-01 08:15:00,4.29
TK00004623,P000264,T0001871,S0026,S0071,2025-01-01 08:15:00,4.38
TK00004624,P000907,T0001813,S0093,S0073,2025-01-01 08:15:00,3.11
TK00004625,P000794,T0001496,S0025,S0038,2025-01-01 08:15:00,1.74
TK00004626,P000082,T0000434,S0089,S0077,2025-01-01 08:15:00,2.0
TK00004627,P000027,T0000834,S0023,S0088,2025-01-01 08:15:00,3.93
TK00004628,P000761,T0001298,S0083,S0080,2025-01-01 08:15:00,2.91
TK00004629,P000834,T0000638,S0045,S0094,2025-01-01 08:15:00,2.4
TK00004630,P000372,T0001600,S0001,S0036,2025-01-01 08:15:00,1.68
TK00004631,P000643,T0001285,S0005,S0024,2025-01-01 08:15:00,2.36
TK00004632,P000573,T0000846,S0020,S0004,2025-01-01 08:15:00,3.82
TK00004633,P000196,T0000972,S0067,S0078,2025-01-01 08:15:00,1.58
TK00004634,P000850,T0001669,S0100,S0074,2025-01-01 08:15:00,3.33
TK00004635,P000919,T0000731,S0027,S0052,2025-01-01 08:15:00,2.58
TK00004636,P000103,T0000699,S0066,S0011,2025-01-01 08:15:00,4.51
TK00004637,P000065,T0000664,S0098,S0027,2025-01-01 08:15:00,2.03
TK00004638,P000124,T0001256,S0003,S0019,2025-01-01 08:15:00,1.88
TK00004639,P000781,T0001326,S0078,S0082,2025-01-01 08:15:00,3.09
TK00004640,P000836,T0001630,S0013,S0004,2025-01-01 08:15:00,4.77
TK00004641,P000665,T0000903,S0053,S0085,2025-01-01 08:15:00,3.57
TK00004642,P000458,T0001490,S0088,S0006,2025-01-01 08:15:00,2.94
TK00004643,P000171,T0000198,S0085,S0076,2025-01-01 08:15:00,3.09
TK00004644,P000661,T0001855,S0064,S0024,2025-01-01 08:15:00,4.5
TK00004645,P000681,T0001450,S0032,S0051,2025-01-01 08:15:00,2.43
TK00004645,P000681,T0001450,S0032,S0051,2025-01-01 08:15:00,2.43
TK00004646,P000666,T0001561,S0069,S0053,2025-01-01 08:15:00,3.83
TK00004647,P000750,T0000752,S0082,S0037,2025-01-01 08:15:00,1.99
TK00004648,P000903,T0001092,S0022,S0066,2025-01-01 08:15:00,4.4
TK00004649,P000226,T0000676,S0082,S0065,2025-01-01 08:15:00,4.01
TK00004650,P000819,T0001595,S0092,S0010,2025-01-01 08:15:00,1.72
TK00004651,,T0001916,S0080,S0045,2025-01-01 08:15:00,3.75
TK00004652,P000483,T0000668,S0100,S0013,2025-01-01 08:15:00,4.13
TK00004652,P000483,T0000668,S0100,S0013,2025-01-01 08:15:00,4.13
TK00004653,P000187,T0000040,S0011,S0051,2025-01-01 08:15:00,3.48
TK00004654,P000321,T0000646,S0005,S0013,2025-01-01 08:15:00,3.49
TK00004655,P000581,T0001600,S0086,S0085,2025-01-01 08:15:00,1.84
TK00004656,P000014,T0000149,S0063,S0016,2025-01-01 08:15:00,4.59
TK00004657,P000847,T0000037,S0013,S0024,2025-01-01 08:15:00,2.07
TK00004658,P000909,T0000411,S0055,S0088,2025-01-01 08:15:00,4.41
TK00004659,P000209,T0001333,S0029,S0017,2025-01-01 08:15:00,4.53
TK00004660,P000839,T0000375,S0038,S0017,2025-01-01 08:15:00,3.78
TK00004661,P000214,T0001981,S0001,S0093,2025-01-01 08:15:00,4.41
TK00004662,P000808,T0001990,S0077,S0061,2025-01-01 08:15:00,4.0
TK00004663,P000922,T0000164,S0025,S0023,2025-01-01 08:15:00,4.35
TK00004664,P000252,T0001250,S0014,S0046,2025-01-01 08:15:00,4.66
TK00004665,P000475,T0001966,S0029,S0076,2025-01-01 08:15:00,4.03
TK00004665,P000475,T0001966,S0029,S0076,2025-01-01 08:15:00,4.03
TK00004666,P000857,T0001409,S0081,S0022,2025-01-01 08:15:00,2.93
TK00004667,P000623,T0001986,S0014,S0066,2025-01-01 08:15:00,3.18
TK00004668,P000831,T0000188,S0014,S0048,2025-01-01 08:15:00,4.87
TK00004669,P000695,T0001843,S0037,S0092,2025-01-01 08:15:00,3.65
TK00004670,P000188,T0000584,S0059,S0018,2025-01-01 08:15:00,3.49
TK00004671,P000001,T0001459,S0014,S0056,2025-01-01 08:15:00,2.89
TK00004672,P000511,T0000631,S0016,S0012,2025-01-01 08:15:00,2.09
TK00004673,P000406,T0001304,S0057,S0056,2025-01-01 08:15:00,4.5
TK00004674,P000009,T0000538,S0060,S0032,2025-01-01 08:15:00,2.28
TK00004675,P000233,T0000283,S0009,S0018,2025-01-01 08:15:00,3.22
TK00004676,P000527,T0000359,S0049,S0012,2025-01-01 08:15:00,2.99
TK00004677,P000480,T0000041,S0029,S0073,2025-01-01 08:15:00,3.95
TK00004678,P000781,T0000590,S0044,S0054,2025-01-01 08:15:00,2.15
TK00004679,P000517,T0001807,S0016,S0066,2025-01-01 08:15:00,2.97
TK00004679,P000517,T0001807,S0016,S0066,2025-01-01 08:15:00,2.97
TK00004680,P000385,T0001808,S0026,S0096,2025-01-01 08:15:00,2.7
TK00004681,P000316,T0000005,S0039,S0022,2025-01-01 08:15:00,3.93
TK00004682,P000390,T0000651,S0042,S0098,2025-01-01 08:15:00,1.69
TK00004683,P000890,T0001622,S0061,S0031,2025-01-01 08:15:00,2.73
TK00004684,P000355,T0001676,S0027,S0089,2025-01-01 08:15:00,4.93
TK00004685,P000455,T0000416,S0013,S0017,2025-01-01 08:15:00,4.45
TK00004686,P000587,T0000769,S0049,S0008,2025-01-01 08:15:00,3.1
TK00004687,P000531,T0000082,S0070,S0017,2025-01-01 08:15:00,3.89
TK00004688,P000136,T0000325,S0037,S0089,2025-01-01 08:15:00,3.7
TK00004689,P000126,T0001395,S0015,S0071,2025-01-01 08:15:00,2.77
TK00004690,P000339,T0001012,S0079,S0080,2025-01-01 08:15:00,2.94
TK00004690,P000339,T0001012,S0079,S0080,2025-01-01 08:15:00,2.94
TK00004691,P000987,T0000154,S0058,S0020,2025-01-01 08:15:00,3.44
TK00004692,P000398,T0001476,S0042,S0015,2025-01-01 08:15:00,2.84
TK00004693,P000226,T0001664,S0056,S0031,2025-01-01 08:15:00,3.63
TK00004694,P000130,T0000832,S0049,S0056,2025-01-01 08:15:00,3.62
TK00004695,P000344,T0001989,S0061,S0007,2025-01-01 08:15:00,2.86
TK00004696,P000719,T0001880,S0085,S0092,2025-01-01 08:15:00,1.57
TK00004697,P000470,T0000319,S0009,S0090,2025-01-01 08:15:00,2.54
TK00004698,P000459,T0000183,S0018,S0095,2025-01-01 08:15:00,3.55
TK00004699,P000785,T0000055,S0018,S0007,2025-01-01 08:15:00,2.13
TK00004700,P000377,T0000459,S0076,S0085,2025-01-01 08:15:00,2.4
TK00004701,P000165,T0001708,S0063,S0085,2025-01-01 08:15:00,4.89
TK00004702,P000774,T0001102,S0022,S0077,2025-01-01 08:15:00,4.06
TK00004703,P000388,T0001561,S0019,S0072,2025-01-01 08:15:00,1.77
TK00004704,P000961,T0000237,S0002,S0002,2025-01-01 08:15:00,4.73
TK00004705,P000547,T0001600,S0029,S0060,2025-01-01 08:15:00,3.2
TK00004706,P000582,T0001795,S0032,S0075,2025-01-01 08:15:00,2.43
TK00004707,P000474,T0001320,S0017,S0076,2025-01-01 08:15:00,4.36
TK00004708,P000270,T0001226,S0037,S0033,2025-01-01 08:15:00,2.05
TK00004709,P000200,T0000993,S0034,S0003,2025-01-01 08:15:00,2.47
TK00004710,P000173,T0001026,S0033,S0066,2025-01-01 08:15:00,1.6
TK00004711,P000561,T0001466,S0067,S0056,2025-01-01 08:15:00,2.85
TK00004712,P000366,T0001683,S0023,S0056,2025-01-01 08:15:00,2.68
TK00004713,P000125,T0000595,S0001,S0063,2025-01-01 08:15:00,3.33
TK00004714,P000979,T0001215,S0098,S0048,2025-01-01 08:15:00,3.03
TK00004715,P000061,T0001401,S0094,S0085,2025-01-01 08:15:00,2.63
TK00004716,P000480,T0001894,S0059,S0080,2025-01-01 08:15:00,3.65
TK00004717,P000673,T0000814,S0073,S0037,2025-01-01 08:15:00,2.53
TK00004718,P000177,T0000544,S0074,S0035,2025-01-01 08:15:00,2.51
TK00004719,P000131,T0001328,S0092,S0068,2025-01-01 08:15:00,3.04
TK00004720,P000018,T0001877,S0091,S0033,2025-01-01 08:15:00,3.1
TK00004721,P000708,T0001194,S0065,S0041,2025-01-01 08:15:00,3.66
TK00004722,P000660,T0000129,S0092,S0044,2025-01-01 08:15:00,2.48
TK00004723,P000521,T0001396,S0023,S0011,2025-01-01 08:15:00,2.15
TK00004724,P000806,T0000463,S0045,S0016,2025-01-01 08:15:00,1.89
TK00004725,P000885,T0000360,S0041,S0097,2025-01-01 08:15:00,2.24
TK00004726,P000744,T0001257,S0081,S0009,2025-01-01 08:15:00,3.55
TK00004727,P000365,T0000302,S0040,S0095,2025-01-01 08:15:00,1.95
TK00004728,P000210,T0000749,S0001,S0078,2025-01-01 08:15:00,3.35
TK00004729,P000249,T0000523,S0033,S0009,2025-01-01 08:15:00,2.81
TK00004730,P000496,T0000508,S0066,S0044,2025-01-01 08:15:00,5.0
TK00004731,P000348,T0000662,S0014,S0050,2025-01-01 08:15:00,2.92
TK00004732,P000013,T0001536,S0065,S0026,2025-01-01 08:15:00,4.02
TK00004733,P000932,T0001667,S0041,S0005,2025-01-01 08:15:00,2.48
TK00004734,P000522,T0000149,S0084,S0032,2025-01-01 08:15:00,4.49
TK00004735,P000808,T0001159,S0078,S0076,2025-01-01 08:15:00,1.84
TK00004736,P000879,T0000926,S0073,S0097,2025-01-01 08:15:00,2.21
TK00004737,P000420,T0000886,S0060,S0058,2025-01-01 08:15:00,1.9
TK00004738,P000779,T0000776,S0079,S0097,2025-01-01 08:15:00,3.56
TK00004739,P000256,T0001386,S0020,S0045,2025-01-01 08:15:00,4.36
TK00004740,P000858,T0001814,S0066,S0039,2025-01-01 08:15:00,4.52
TK00004741,P000992,T0001748,S0098,S0097,2025-01-01 08:15:00,2.88
TK00004742,P000360,T0001146,S0085,S0063,2025-01-01 08:15:00,4.65
TK00004743,P000806,T0001164,S0052,S0096,2025-01-01 08:15:00,4.0
TK00004744,P000897,T0001215,S0033,S0035,2025-01-01 08:15:00,3.79
TK00004745,,T0001289,S0098,S0083,2025-01-01 08:15:00,2.28
TK00004746,P000626,T0000413,S0100,S0029,2025-01-01 08:15:00,4.45
TK00004747,P000113,T0001066,S0056,S0067,2025-01-01 08:15:00,1.87
TK00004748,P000044,T0000327,S0007,S0090,2025-01-01 08:15:00,3.53
TK00004749,P000552,T0001763,S0073,S0065,2025-01-01 08:15:00,4.25
TK00004750,P000536,T0001229,S0031,S0046,2025-01-01 08:15:00,2.47
TK00004751,P000167,T0001256,S0019,S0028,2025-01-01 08:15:00,2.56
TK00004752,P000375,T0001550,S0089,S0056,2025-01-01 08:15:00,2.53
TK00004753,P000878,T0001870,S0028,S0045,2025-01-01 08:15:00,3.58
TK00004754,P000740,T0001592,S0076,S0045,2025-01-01 08:15:00,2.96
TK00004755,P000080,T0001549,S0053,S0020,2025-01-01 08:15:00,2.79
TK00004756,P000820,T0000253,S0006,S0068,2025-01-01 08:15:00,3.24
TK00004757,P000207,T0001623,S0073,S0075,2025-01-01 08:15:00,3.19
TK00004758,,T0001411,S0020,S0028,2025-01-01 08:15:00,2.5
TK00004759,P000962,T0000238,S0095,S0001,2025-01-01 08:15:00,4.85
TK00004760,P000771,T0001653,S0073,S0011,2025-01-01 08:15:00,1.88
TK00004761,P000377,T0001346,S0010,S0004,2025-01-01 08:15:00,3.95
TK00004762,P000630,T0000624,S0062,S0036,2025-01-01 08:15:00,3.93
TK00004763,P000079,T0001777,S0092,S0010,2025-01-01 08:15:00,4.27
TK00004764,P000283,T0000164,S0007,S0047,2025-01-01 08:15:00,2.99
TK00004765,P000149,T0000032,S0055,S0077,2025-01-01 08:15:00,4.52
TK00004766,P000862,T0000335,S0068,S0065,2025-01-01 08:15:00,2.81
TK00004767,P000064,T0000777,S0020,S0071,2025-01-01 08:15:00,2.39
TK00004768,P000048,T0001870,S0100,S0075,2025-01-01 08:15:00,4.42
TK00004769,P000875,T0000650,S0032,S0041,2025-01-01 08:15:00,2.94
TK00004770,P000771,T0000885,S0051,S0068,2025-01-01 08:15:00,2.23
TK00004771,P000524,T0001162,S0085,S0052,2025-01-01 08:15:00,2.21
TK00004772,P000621,T0001586,S0029,S0020,2025-01-01 08:15:00,4.82
TK00004773,P000801,T0001300,S0031,S0096,2025-01-01 08:15:00,4.05
TK00004774,,T0001292,S0003,S0040,2025-01-01 08:15:00,2.23
TK00004775,P000068,T0001872,S0054,S0026,2025-01-01 08:15:00,3.71
TK00004776,P000364,T0000067,S0013,S0055,2025-01-01 08:15:00,3.11
TK00004777,P000363,T0001954,S0071,S0057,2025-01-01 08:15:00,3.64
TK00004778,P000571,T0001714,S0035,S0006,2025-01-01 08:15:00,3.4
TK00004778,P000571,T0001714,S0035,S0006,2025-01-01 08:15:00,3.4
TK00004779,P000747,T0001311,S0084,S0090,2025-01-01 08:15:00,3.47
TK00004780,P000934,T0001187,S0025,S0090,2025-01-01 08:15:00,2.65
TK00004781,P000243,T0001880,S0001,S0020,2025-01-01 08:15:00,1.82
TK00004782,P000493,T0000124,S0099,S0092,2025-01-01 08:15:00,2.07
TK00004783,P000944,T0000913,S0043,S0086,2025-01-01 08:15:00,2.62
TK00004784,P000977,T0001834,S0057,S0035,2025-01-01 08:15:00,3.52
TK00004785,P000066,T0000040,S0021,S0082,2025-01-01 08:15:00,2.12
TK00004786,P000571,T0000808,S0063,S0060,2025-01-01 08:15:00,3.53
TK00004786,P000571,T0000808,S0063,S0060,2025-01-01 08:15:00,3.53
TK00004787,P000892,T0001315,S0074,S0004,2025-01-01 08:15:00,2.17
TK00004788,P000885,T0000199,S0050,S0094,2025-01-01 08:15:00,4.15
TK00004789,P000950,T0000696,S0063,S0100,2025-01-01 08:15:00,4.73
TK00004790,P000351,T0000459,S0051,S0072,2025-01-01 08:15:00,4.96
TK00004791,P000216,T0001945,S0028,S0026,2025-01-01 08:15:00,2.16
TK00004792,P000674,T0000507,S0001,S0077,2025-01-01 08:15:00,1.63
TK00004793,P000251,T0001004,S0085,S0016,2025-01-01 08:15:00,4.98
TK00004794,P000566,T0000965,S0035,S0006,2025-01-01 08:15:00,2.03
TK00004795,P000491,T0001872,S0071,S0006,2025-01-01 08:15:00,3.78
TK00004796,P000515,T0001095,S0068,S0044,2025-01-01 08:15:00,3.77
TK00004797,P000941,T0000501,S0054,S0075,2025-01-01 08:15:00,4.42
TK00004798,P000911,T0000496,S0072,S0094,2025-01-01 08:15:00,3.7
TK00004799,P000492,T0000027,S0009,S0085,2025-01-01 08:15:00,4.62
TK00004800,P000385,T0000762,S0032,S0071,2025-01-01 08:15:00,3.66
TK00004801,P000623,T0001247,S0031,S0071,2025-01-01 08:15:00,3.3
TK00004802,P000805,T0000917,S0025,S0089,2025-01-01 08:15:00,1.51
TK00004803,P000310,T0001951,S0036,S0063,2025-01-01 08:15:00,2.66
TK00004804,P000137,T0000443,S0082,S0082,2025-01-01 08:15:00,4.86
TK00004804,P000137,T0000443,S0082,S0082,2025-01-01 08:15:00,4.86
TK00004805,P000244,T0000060,S0067,S0021,2025-01-01 08:15:00,3.24
TK00004806,P000417,T0001207,S0064,S0093,2025-01-01 08:15:00,3.79
TK00004807,P000438,T0000121,S0085,S0012,2025-01-01 08:15:00,3.76
TK00004808,P000503,T0000345,S0043,S0094,2025-01-01 08:15:00,4.51
TK00004809,P000564,T0000045,S0023,S0041,2025-01-01 08:15:00,1.76
TK00004810,P000037,T0001236,S0022,S0001,2025-01-01 08:15:00,4.51
TK00004811,P000889,T0001872,S0092,S0097,2025-01-01 08:15:00,4.49
TK00004812,P000137,T0001196,S0083,S0010,2025-01-01 08:15:00,3.83
TK00004813,P000249,T0000910,S0080,S0092,2025-01-01 08:15:00,3.01
TK00004814,P000625,T0001670,S0077,S0095,2025-01-01 08:15:00,3.16
TK00004815,P000166,T0000531,S0024,S0076,2025-01-01 08:15:00,2.48
TK00004816,P000121,T0000251,S0077,S0093,2025-01-01 08:15:00,4.36
TK00004817,P000259,T0001149,S0092,S0069,2025-01-01 08:15:00,1.94
TK00004818,P000474,T0001767,S0007,S0002,2025-01-01 08:15:00,4.13
TK00004819,P000620,T0001775,S0040,S0043,2025-01-01 08:15:00,4.72
TK00004820,P000308,T0001519,S0067,S0045,2025-01-01 08:15:00,2.7
TK00004821,P000689,T0001195,S0099,S0019,2025-01-01 08:15:00,3.62
TK00004822,P000078,T0001840,S0085,S0011,2025-01-01 08:15:00,3.77
TK00004823,P000325,T0000684,S0084,S0091,2025-01-01 08:15:00,1.64
TK00004824,P000664,T0001256,S0003,S0018,2025-01-01 08:15:00,1.92
TK00004825,P000059,T0000689,S0072,S0052,2025-01-01 08:15:00,3.75
TK00004826,P000812,T0000255,S0021,S0081,2025-01-01 08:15:00,4.79
TK00004827,P000360,T0001912,S0051,S0065,2025-01-01 08:15:00,3.86
TK00004827,P000360,T0001912,S0051,S0065,2025-01-01 08:15:00,3.86
TK00004828,P000994,T0001860,S0060,S0053,2025-01-01 08:15:00,3.32
TK00004829,,T0000114,S0036,S0078,2025-01-01 08:15:00,1.81
TK00004830,P000105,T0001164,S0078,S0083,2025-01-01 08:15:00,2.69
TK00004831,P000615,T0001590,S0006,S0090,2025-01-01 08:15:00,4.85
TK00004832,P000474,T0000982,S0040,S0019,2025-01-01 08:15:00,3.79
TK00004833,P000359,T0001635,S0005,S0014,2025-01-01 08:15:00,3.41
TK00004834,P000681,T0001988,S0026,S0058,2025-01-01 08:15:00,3.26
TK00004835,P000637,T0001946,S0002,S0079,2025-01-01 08:15:00,3.67
TK00004836,P000489,T0000278,S0065,S0080,2025-01-01 08:15:00,4.31
TK00004837,P000047,T0001409,S0032,S0049,2025-01-01 08:15:00,2.51
TK00004838,P000281,T0001823,S0035,S0066,2025-01-01 08:15:00,3.73
TK00004839,P000631,T0000963,S0039,S0067,2025-01-01 08:15:00,1.94
TK00004840,P000197,T0001822,S0068,S0083,2025-01-01 08:15:00,2.74
TK00004841,P000390,T0001237,S0015,S0088,2025-01-01 08:15:00,3.1
TK00004842,P000848,T0000589,S0043,S0006,2025-01-01 08:15:00,1.74
TK00004843,P000591,T0000979,S0026,S0035,2025-01-01 08:15:00,2.02
TK00004844,P000614,T0000686,S0017,S0039,2025-01-01 08:15:00,2.39
TK00004845,P000171,T0001713,S0063,S0087,2025-01-01 08:15:00,4.92
TK00004846,P000403,T0000905,S0040,S0089,2025-01-01 08:15:00,2.51
TK00004847,P000818,T0000451,S0009,S0086,2025-01-01 08:15:00,3.28
TK00004848,P000581,T0000616,S0075,S0046,2025-01-01 08:15:00,2.22
TK00004849,P000662,T0000742,S0059,S0061,2025-01-01 08:15:00,2.57
TK00004850,P000899,T0000791,S0094,S0045,2025-01-01 08:15:00,1.68
TK00004851,P000594,T0001103,S0019,S0083,2025-01-01 08:15:00,1.97
TK00004852,P000880,T0000146,S0040,S0043,2025-01-01 08:15:00,2.35
TK00004853,P000124,T0001901,S0073,S0093,2025-01-01 08:15:00,4.42
TK00004854,P000859,T0000918,S0021,S0048,2025-01-01 08:15:00,4.67
TK00004855,P000397,T0000668,S0067,S0002,2025-01-01 08:15:00,3.96
TK00004856,P000623,T0001464,S0039,S0057,2025-01-01 08:15:00,3.93
TK00004857,P000138,T0001550,S0065,S0006,2025-01-01 08:15:00,4.89
TK00004858,P000776,T0000265,S0064,S0079,2025-01-01 08:15:00,2.21
TK00004859,P000964,T0001866,S0052,S0030,2025-01-01 08:15:00,4.01
TK00004860,P000150,T0001119,S0071,S0010,2025-01-01 08:15:00,1.96
TK00004861,P000951,T0001975,S0094,S0083,2025-01-01 08:15:00,2.24
TK00004862,P000462,T0000413,S0029,S0022,2025-01-01 08:15:00,3.57
TK00004863,P000665,T0001249,S0044,S0066,2025-01-01 08:15:00,2.02
TK00004864,P000504,T0001923,S0072,S0078,2025-01-01 08:15:00,4.16
TK00004865,P000196,T0001687,S0044,S0088,2025-01-01 08:15:00,3.24
TK00004866,P000335,T0001953,S0046,S0095,2025-01-01 08:15:00,4.45
TK00004867,P000447,T0000303,S0059,S0074,2025-01-01 08:15:00,3.65
TK00004868,P000760,T0001826,S0095,S0099,2025-01-01 08:15:00,4.3
TK00004869,P000749,T0001360,S0043,S0039,2025-01-01 08:15:00,4.23
TK00004870,P000879,T0001561,S0002,S0065,2025-01-01 08:15:00,2.81
TK00004871,P000447,T0000023,S0078,S0002,2025-01-01 08:15:00,3.96
TK00004872,P000702,T0001317,S0056,S0020,2025-01-01 08:15:00,4.03
TK00004873,P000108,T0001089,S0095,S0096,2025-01-01 08:15:00,1.79
TK00004874,P000893,T0001876,S0036,S0017,2025-01-01 08:15:00,4.6
TK00004875,P000624,T0000662,S0031,S0019,2025-01-01 08:15:00,4.12
TK00004876,P000554,T0001213,S0036,S0076,2025-01-01 08:15:00,4.95
TK00004877,P000790,T0001892,S0023,S0016,2025-01-01 08:15:00,4.38
TK00004878,P000437,T0000914,S0005,S0032,2025-01-01 08:15:00,3.9
TK00004879,P000364,T0000519,S0097,S0077,2025-01-01 08:15:00,1.95
TK00004880,P000190,T0001208,S0020,S0044,2025-01-01 08:15:00,3.37
TK00004881,P000542,T0000885,S0062,S0068,2025-01-01 08:15:00,3.41
TK00004882,P000864,T0000116,S0079,S0085,2025-01-01 08:15:00,2.46
TK00004883,P000805,T0001446,S0099,S0083,2025-01-01 08:15:00,4.19
TK00004884,P000772,T0000947,S0011,S0095,2025-01-01 08:15:00,4.46
TK00004885,P000275,T0001160,S0033,S0046,2025-01-01 08:15:00,4.71
TK00004886,P000345,T0001021,S0006,S0083,2025-01-01 08:15:00,4.05
TK00004887,P000757,T0001867,S0064,S0057,2025-01-01 08:15:00,2.67
TK00004888,P000574,T0000745,S0060,S0004,2025-01-01 08:15:00,1.61
TK00004889,P000128,T0000016,S0007,S0090,2025-01-01 08:15:00,3.21
TK00004890,P000607,T0000062,S0042,S0015,2025-01-01 08:15:00,2.47
TK00004891,P000807,T0001911,S0026,S0078,2025-01-01 08:15:00,3.77
TK00004892,P000883,T0001202,S0009,S0062,2025-01-01 08:15:00,4.03
TK00004893,P000233,T0001521,S0085,S0017,2025-01-01 08:15:00,1.9
TK00004894,P000111,T0001311,S0019,S0038,2025-01-01 08:15:00,4.14
TK00004895,P000474,T0001995,S0001,S0042,2025-01-01 08:15:00,3.47
TK00004896,P000256,T0000044,S0004,S0043,2025-01-01 08:15:00,3.73
TK00004897,P000992,T0000330,S0055,S0002,2025-01-01 08:15:00,3.76
TK00004898,P000891,T0000210,S0095,S0022,2025-01-01 08:15:00,4.02
TK00004899,P000428,T0000909,S0011,S0010,2025-01-01 08:15:00,2.42
TK00004900,P000165,T0000957,S0025,S0038,2025-01-01 08:15:00,4.89
TK00004901,P000724,T0000193,S0036,S0088,2025-01-01 08:15:00,3.58
TK00004902,P000282,T0000620,S0082,S0060,2025-01-01 08:15:00,4.56
TK00004903,P000829,T0000345,S0024,S0040,2025-01-01 08:15:00,2.71
TK00004904,P000439,T0001428,S0095,S0077,2025-01-01 08:15:00,2.53
TK00004905,P000881,T0001673,S0004,S0070,2025-01-01 08:15:00,4.7
TK00004906,P000744,T0001742,S0086,S0048,2025-01-01 08:15:00,1.97
TK00004907,P000045,T0001209,S0005,S0059,2025-01-01 08:15:00,4.49
TK00004908,P000325,T0000293,S0023,S0003,2025-01-01 08:15:00,3.65
TK00004909,P000788,T0000786,S0028,S0005,2025-01-01 08:15:00,4.57
TK00004909,P000788,T0000786,S0028,S0005,2025-01-01 08:15:00,4.57
TK00004910,P000940,T0001860,S0033,S0098,2025-01-01 08:15:00,3.45
TK00004911,P000546,T0000334,S0010,S0064,2025-01-01 08:15:00,4.43
TK00004912,P000221,T0001288,S0080,S0024,2025-01-01 08:15:00,3.0
TK00004913,P000693,T0001863,S0061,S0040,2025-01-01 08:15:00,2.76
TK00004914,P000137,T0000117,S0026,S0044,2025-01-01 08:15:00,4.21
TK00004915,P000600,T0000767,S0073,S0053,2025-01-01 08:15:00,3.18
TK00004916,P000364,T0000269,S0028,S0052,2025-01-01 08:15:00,1.8
TK00004917,P000752,T0001669,S0065,S0013,2025-01-01 08:15:00,4.73
TK00004918,P000017,T0001107,S0082,S0065,2025-01-01 08:15:00,3.29
TK00004919,P000363,T0001220,S0072,S0020,2025-01-01 08:15:00,2.48
TK00004920,P000248,T0000228,S0039,S0015,2025-01-01 08:15:00,1.72
TK00004921,P000495,T0000418,S0082,S0087,2025-01-01 08:15:00,4.76
TK00004922,,T0001856,S0062,S0084,2025-01-01 08:15:00,3.42
TK00004923,P000546,T0000447,S0031,S0080,2025-01-01 08:15:00,2.29
TK00004924,P000496,T0001503,S0099,S0002,2025-01-01 08:15:00,3.44
TK00004925,P000173,T0000329,S0038,S0022,2025-01-01 08:15:00,4.84
TK00004926,P000676,T0001563,S0059,S0017,2025-01-01 08:15:00,3.36
TK00004927,P000034,T0001953,S0098,S0080,2025-01-01 08:15:00,2.92
TK00004928,P000779,T0000095,S0033,S0008,2025-01-01 08:15:00,2.29
TK00004929,P000366,T0000403,S0088,S0026,2025-01-01 08:15:00,3.73
TK00004930,P000284,T0001061,S0083,S0039,2025-01-01 08:15:00,2.31
TK00004931,P000193,T0000705,S0001,S0048,2025-01-01 08:15:00,2.62
TK00004932,P000241,T0001019,S0010,S0044,2025-01-01 08:15:00,1.55
TK00004933,P000259,T0001724,S0043,S0013,2025-01-01 08:15:00,1.83
TK00004934,P000764,T0000757,S0077,S0034,2025-01-01 08:15:00,2.66
TK00004935,P000075,T0000029,S0007,S0021,2025-01-01 08:15:00,3.82
TK00004936,P000007,T0001235,S0047,S0095,2025-01-01 08:15:00,4.93
TK00004937,P000806,T0000555,S0010,S0023,2025-01-01 08:15:00,2.1
TK00004938,P000019,T0001296,S0033,S0012,2025-01-01 08:15:00,2.51
TK00004939,P000105,T0001384,S0008,S0099,2025-01-01 08:15:00,3.84
TK00004940,P000275,T0001525,S0094,S0089,2025-01-01 08:15:00,4.03
TK00004940,P000275,T0001525,S0094,S0089,2025-01-01 08:15:00,4.03
TK00004941,P000732,T0001558,S0070,S0024,2025-01-01 08:15:00,2.44
TK00004942,P000627,T0001391,S0031,S0059,2025-01-01 08:15:00,2.66
TK00004943,P000714,T0001358,S0039,S0004,2025-01-01 08:15:00,2.53
TK00004944,P000492,T0001835,S0051,S0090,2025-01-01 08:15:00,3.06
TK00004945,P000253,T0000207,S0084,S0062,2025-01-01 08:15:00,1.8
TK00004946,P000720,T0000238,S0046,S0015,2025-01-01 08:15:00,4.55
TK00004947,P000207,T0000709,S0075,S0044,2025-01-01 08:15:00,2.07
TK00004948,P000981,T0000745,S0073,S0032,2025-01-01 08:15:00,3.25
TK00004949,P000017,T0000191,S0051,S0094,2025-01-01 08:15:00,2.76
TK00004950,P000762,T0001655,S0051,S0015,2025-01-01 08:15:00,3.64
TK00004951,P000823,T0000411,S0066,S0037,2025-01-01 08:15:00,4.36
TK00004952,P000577,T0001767,S0081,S0078,2025-01-01 08:15:00,4.09
TK00004953,,T0001999,S0065,S0053,2025-01-01 08:15:00,2.64
TK00004954,P000706,T0001000,S0093,S0048,2025-01-01 08:15:00,1.62
TK00004955,P000357,T0001066,S0076,S0036,2025-01-01 08:15:00,4.14
TK00004956,P000567,T0001095,S0031,S0091,2025-01-01 08:15:00,4.21
TK00004957,P000080,T0000398,S0021,S0023,2025-01-01 08:15:00,3.79
TK00004958,P000611,T0001341,S0004,S0029,2025-01-01 08:15:00,2.23
TK00004959,P000629,T0001534,S0011,S0052,2025-01-01 08:15:00,1.55
TK00004960,P000140,T0000831,S0024,S0008,2025-01-01 08:15:00,2.22
TK00004961,P000716,T0001526,S0056,S0059,2025-01-01 08:15:00,2.63
TK00004962,P000238,T0001930,S0002,S0078,2025-01-01 08:15:00,4.92
TK00004963,P000226,T0000159,S0044,S0061,2025-01-01 08:15:00,3.31
TK00004964,P000827,T0001642,S0021,S0094,2025-01-01 08:15:00,3.09
TK00004965,P000683,T0000421,S0096,S0031,2025-01-01 08:15:00,4.51
TK00004966,P000619,T0000420,S0054,S0008,2025-01-01 08:15:00,2.69
TK00004967,P000205,T0000987,S0017,S0054,2025-01-01 08:15:00,1.65
TK00004968,P000705,T0000337,S0011,S0017,2025-01-01 08:15:00,4.26
TK00004969,P000582,T0001889,S0003,S0033,2025-01-01 08:15:00,5.0
TK00004970,P000993,T0000278,S0035,S0087,2025-01-01 08:15:00,2.72
TK00004971,P000731,T0001140,S0073,S0090,2025-01-01 08:15:00,1.93
TK00004972,P000598,T0000134,S0084,S0087,2025-01-01 08:15:00,3.8
TK00004973,P000774,T0001121,S0081,S0061,2025-01-01 08:15:00,2.81
TK00004974,P000294,T0001752,S0037,S0070,2025-01-01 08:15:00,4.82
TK00004975,P000491,T0000830,S0071,S0081,2025-01-01 08:15:00,3.12
TK00004976,P000493,T0000005,S0051,S0041,2025-01-01 08:15:00,4.62
TK00004977,P000966,T0000954,S0054,S0085,2025-01-01 08:15:00,3.67
TK00004978,P000352,T0001651,S0047,S0092,2025-01-01 08:15:00,2.82
TK00004979,P000318,T0000921,S0034,S0007,2025-01-01 08:15:00,3.7
TK00004980,P000714,T0000760,S0094,S0078,2025-01-01 08:15:00,3.35
TK00004981,P000319,T0001834,S0045,S0015,2025-01-01 08:15:00,3.22
TK00004982,P000699,T0000983,S0072,S0092,2025-01-01 08:15:00,1.82
TK00004983,P000967,T0000308,S0065,S0075,2025-01-01 08:15:00,3.69
TK00004984,P000975,T0001875,S0041,S0092,2025-01-01 08:15:00,1.98
TK00004985,P000043,T0001379,S0063,S0043,2025-01-01 08:15:00,3.08
TK00004986,P000711,T0000301,S0100,S0097,2025-01-01 08:15:00,3.88
TK00004987,P000025,T0000817,S0025,S0064,2025-01-01 08:15:00,1.6
TK00004988,P000538,T0001095,S0017,S0078,2025-01-01 08:15:00,3.82
TK00004989,P000974,T0000002,S0082,S0030,2025-01-01 08:15:00,3.27
TK00004990,P000478,T0000161,S0088,S0088,2025-01-01 08:15:00,1.59
TK00004991,P000730,T0000276,S0068,S0055,2025-01-01 08:15:00,3.79
TK00004991,P000730,T0000276,S0068,S0055,2025-01-01 08:15:00,3.79
TK00004992,P000978,T0001486,S0099,S0060,2025-01-01 08:15:00,2.06
TK00004993,P000639,T0001249,S0093,S0062,2025-01-01 08:15:00,3.03
TK00004994,P000094,T0001806,S0087,S0001,2025-01-01 08:15:00,5.0
TK00004995,P000359,T0001246,S0023,S0023,2025-01-01 08:15:00,4.47
TK00004995,P000359,T0001246,S0023,S0023,2025-01-01 08:15:00,4.47
TK00004996,P000699,T0000465,S0016,S0050,2025-01-01 08:15:00,3.27
TK00004997,P000789,T0000913,S0028,S0088,2025-01-01 08:15:00,4.07
TK00004998,P000849,T0001629,S0096,S0022,2025-01-01 08:15:00,3.77
TK00004999,P000457,T0001056,S0005,S0052,2025-01-01 08:15:00,1.67
TK00005000,P000475,T0000343,S0006,S0003,2025-01-01 08:15:00,2.35
