trip_id,route_id,vehicle_id,service_date,scheduled_start,status
T0000001,R002,V0030,2025-01-05,08:00:00,Completed
T0000002,R014,V0008,2025-01-01,08:00:00,Completed
T0000003,R009,V0010,2025-01-04,08:00:00,Completed
T0000004,R017,V0001,2025-01-01,08:00:00,Completed
T0000005,R010,V0024,2025-01-04,08:00:00,Completed
T0000006,R002,V0043,2025-01-03,08:00:00,Completed
T0000007,R012,V0039,2025-01-03,08:00:00,Completed
T0000008,R005,V0043,2025-01-03,08:00:00,Completed
T0000009,R001,V0026,2025-01-07,08:00:00,Completed
T0000010,R007,V0013,2025-01-03,08:00:00,Completed
T0000011,R016,V0041,2025-01-04,08:00:00,Completed
T0000012,R004,V0042,2025-01-07,08:00:00,Completed
T0000013,R011,V0028,2025-01-07,08:00:00,Completed
T0000014,R004,V0046,2025-01-03,08:00:00,Completed
T0000015,R018,V0025,2025-01-03,08:00:00,Completed
T0000016,R007,V0018,2025-01-06,08:00:00,Completed
T0000017,R013,V0010,2025-01-01,08:00:00,Completed
T0000018,R011,V0009,2025-01-05,08:00:00,Completed
T0000019,R009,V0008,2025-01-05,08:00:00,Completed
T0000020,R007,V0027,2025-01-03,08:00:00,Completed
T0000021,R009,V0031,2025-01-02,08:00:00,Completed
T0000022,R011,V0041,2025-01-02,08:00:00,Completed
T0000023,R013,V0015,2025-01-05,08:00:00,Completed
T0000024,R015,V0013,2025-01-03,08:00:00,Completed
T0000025,R004,V0044,2025-01-03,08:00:00,Completed
T0000026,R012,V0015,2025-01-07,08:00:00,Completed
T0000027,R015,V0040,2025-01-07,08:00:00,Completed
T0000028,R012,V0018,2025-01-02,08:00:00,Completed
T0000029,R008,V0007,2025-01-06,08:00:00,Completed
T0000030,R015,V0035,2025-01-02,08:00:00,Completed
T0000031,R014,V0024,2025-01-01,08:00:00,Completed
T0000032,R009,V0020,2025-01-05,08:00:00,Completed
T0000033,R020,V0045,2025-01-01,08:00:00,Completed
T0000034,R020,V0020,2025-01-05,08:00:00,Completed
T0000035,R012,V0017,2025-01-03,08:00:00,Completed
T0000036,R003,V0003,2025-01-01,08:00:00,Completed
T0000037,R001,V0047,2025-01-04,08:00:00,Completed
T0000038,R008,V0008,2025-01-04,08:00:00,Completed
T0000039,R008,V0032,2025-01-04,08:00:00,Completed
T0000040,R009,V0050,2025-01-04,08:00:00,Completed
T0000041,R016,V0011,2025-01-03,08:00:00,Completed
T0000042,R013,V0038,2025-01-05,08:00:00,Completed
T0000043,R010,V0003,2025-01-03,08:00:00,Completed
T0000044,R016,V0039,2025-01-01,08:00:00,Completed
T0000045,R020,V0026,2025-01-06,08:00:00,Completed
T0000046,R015,V0007,2025-01-05,08:00:00,Completed
T0000047,R014,V0013,2025-01-04,08:00:00,Completed
T0000048,R015,V0029,2025-01-01,08:00:00,Completed
T0000049,R009,V0044,2025-01-04,08:00:00,Completed
T0000050,R002,V0010,2025-01-01,08:00:00,Completed
T0000051,R009,V0021,2025-01-03,08:00:00,Completed
T0000052,R008,V0032,2025-01-06,08:00:00,Completed
T0000053,R018,V0025,2025-01-02,08:00:00,Completed
T0000054,R015,V0033,2025-01-03,08:00:00,Completed
T0000055,R005,V0031,2025-01-02,08:00:00,Completed
T0000056,R002,V0039,2025-01-01,08:00:00,Completed
T0000057,R001,V0018,2025-01-04,08:00:00,Completed
T0000058,R011,V0012,2025-01-04,08:00:00,Completed
T0000059,R020,V0006,2025-01-03,08:00:00,Completed
T0000060,R004,V0029,2025-01-04,08:00:00,Completed
T0000061,R016,V0045,2025-01-07,08:00:00,Completed
T0000062,R013,V0028,2025-01-01,08:00:00,Completed
T0000063,R015,V0026,2025-01-07,08:00:00,Completed
T0000064,R015,V0043,2025-01-07,08:00:00,Completed
T0000065,R004,V0045,2025-01-02,08:00:00,Completed
T0000066,R017,V0014,2025-01-03,08:00:00,Completed
T0000067,R001,V0021,2025-01-06,08:00:00,Completed
T0000068,R008,V0039,2025-01-06,08:00:00,Completed
T0000069,R017,V0028,2025-01-06,08:00:00,Completed
T0000070,R003,V0010,2025-01-03,08:00:00,Completed
T0000071,R015,V0014,2025-01-07,08:00:00,Completed
T0000072,R019,V0024,2025-01-02,08:00:00,Completed
T0000073,R014,V0013,2025-01-02,08:00:00,Completed
T0000074,R002,V0018,2025-01-06,08:00:00,Completed
T0000075,R014,V0024,2025-01-04,08:00:00,Cancelled
T0000076,R004,V0013,2025-01-03,08:00:00,Completed
T0000077,R018,V0044,2025-01-05,08:00:00,Completed
T0000078,R017,V0016,2025-01-06,08:00:00,Completed
T0000079,R020,V0024,2025-01-07,08:00:00,Completed
T0000080,R010,V0047,2025-01-03,08:00:00,Completed
T0000081,R001,V0010,2025-01-03,08:00:00,Completed
T0000082,R010,V0049,2025-01-04,08:00:00,Completed
T0000083,R004,V0019,2025-01-01,08:00:00,Completed
T0000084,R014,V0030,2025-01-02,08:00:00,Completed
T0000085,R020,V0044,2025-01-07,08:00:00,Completed
T0000086,R007,V0025,2025-01-07,08:00:00,Completed
T0000087,R013,V0004,2025-01-01,08:00:00,Completed
T0000088,R007,V0022,2025-01-02,08:00:00,Completed
T0000089,R003,V0014,2025-01-07,08:00:00,Completed
T0000090,R011,V0038,2025-01-07,08:00:00,Completed
T0000091,R017,V0024,2025-01-05,08:00:00,Completed
T0000092,R012,V0028,2025-01-02,08:00:00,Completed
T0000093,R002,V0004,2025-01-04,08:00:00,Completed
T0000094,R010,V0036,2025-01-06,08:00:00,Completed
T0000095,R019,V0042,2025-01-04,08:00:00,Completed
T0000096,R010,V0030,2025-01-02,08:00:00,Completed
T0000097,R008,V0022,2025-01-05,08:00:00,Completed
T0000098,R003,V0022,2025-01-04,08:00:00,Completed
T0000099,R016,V0032,2025-01-03,08:00:00,Completed
T0000100,R019,V0049,2025-01-06,08:00:00,Completed
T0000101,R019,V0034,2025-01-06,08:00:00,Completed
T0000102,R015,V0018,2025-01-05,08:00:00,Completed
T0000103,R011,V0006,2025-01-04,08:00:00,Completed
T0000104,R001,V0047,2025-01-02,08:00:00,Completed
T0000105,R006,V0018,2025-01-01,08:00:00,Completed
T0000106,R002,V0032,2025-01-04,08:00:00,Completed
T0000107,R012,V0038,2025-01-01,08:00:00,Completed
T0000108,R004,V0028,2025-01-03,08:00:00,Completed
T0000109,R016,V0024,2025-01-07,08:00:00,Completed
T0000110,R008,V0027,2025-01-04,08:00:00,Completed
T0000111,R012,V0043,2025-01-02,08:00:00,Completed
T0000112,R006,V0027,2025-01-01,08:00:00,Completed
T0000113,R002,V0025,2025-01-02,08:00:00,Completed
T0000114,R004,V0024,2025-01-04,08:00:00,Completed
T0000115,R016,V0047,2025-01-05,08:00:00,Completed
T0000116,R011,V0011,2025-01-01,08:00:00,Completed
T0000117,R005,V0038,2025-01-02,08:00:00,Completed
T0000118,R003,V0024,2025-01-01,08:00:00,Completed
T0000119,R005,V0007,2025-01-07,08:00:00,Completed
T0000120,R006,V0027,2025-01-04,08:00:00,Completed
T0000121,R018,V0028,2025-01-04,08:00:00,Completed
T0000122,R005,V0003,2025-01-04,08:00:00,Completed
T0000123,R006,V0030,2025-01-04,08:00:00,Completed
T0000124,R007,V0025,2025-01-01,08:00:00,Completed
T0000125,R015,V0002,2025-01-02,08:00:00,Completed
T0000126,R003,V0022,2025-01-05,08:00:00,Completed
T0000127,R004,V0008,2025-01-01,08:00:00,Completed
T0000128,R006,V0040,2025-01-05,08:00:00,Completed
T0000129,R018,V0005,2025-01-06,08:00:00,Completed
T0000130,R018,V0029,2025-01-02,08:00:00,Completed
T0000131,R014,V0033,2025-01-04,08:00:00,Completed
T0000132,R008,V0042,2025-01-05,08:00:00,Completed
T0000133,R014,V0037,2025-01-03,08:00:00,Completed
T0000134,R001,V0011,2025-01-02,08:00:00,Completed
T0000135,R009,V0008,2025-01-06,08:00:00,Completed
T0000136,R018,V0026,2025-01-03,08:00:00,Completed
T0000137,R012,V0045,2025-01-07,08:00:00,Completed
T0000138,R011,V0008,2025-01-02,08:00:00,Completed
T0000139,R011,V0003,2025-01-07,08:00:00,Completed
T0000140,R009,V0024,2025-01-07,08:00:00,Completed
T0000141,R007,V0005,2025-01-07,08:00:00,Completed
T0000142,R005,V0045,2025-01-04,08:00:00,Completed
T0000143,R014,V0016,2025-01-02,08:00:00,Completed
T0000144,R017,V0031,2025-01-05,08:00:00,Completed
T0000145,R014,V0040,2025-01-04,08:00:00,Completed
T0000146,R001,V0020,2025-01-06,08:00:00,Completed
T0000147,R001,V0024,2025-01-06,08:00:00,Completed
T0000148,R020,V0019,2025-01-04,08:00:00,Completed
T0000149,R012,V0044,2025-01-03,08:00:00,Completed
T0000150,R012,V0037,2025-01-02,08:00:00,Completed
T0000151,R019,V0040,2025-01-06,08:00:00,Completed
T0000152,R004,V0013,2025-01-06,08:00:00,Completed
T0000153,R008,V0028,2025-01-01,08:00:00,Completed
T0000154,R008,V0017,2025-01-03,08:00:00,Completed
T0000155,R011,V0003,2025-01-04,08:00:00,Completed
T0000156,R007,V0001,2025-01-03,08:00:00,Cancelled
T0000157,R020,V0038,2025-01-05,08:00:00,Completed
T0000158,R017,V0040,2025-01-01,08:00:00,Completed
T0000159,R012,V0006,2025-01-05,08:00:00,Completed
T0000160,R009,V0006,2025-01-07,08:00:00,Completed
T0000161,R004,V0017,2025-01-04,08:00:00,Completed
T0000162,R015,V0023,2025-01-06,08:00:00,Completed
T0000163,R011,V0011,2025-01-06,08:00:00,Completed
T0000164,R009,V0022,2025-01-04,08:00:00,Completed
T0000165,R012,V0030,2025-01-02,08:00:00,Completed
T0000166,R017,V0012,2025-01-07,08:00:00,Completed
T0000167,R009,V0050,2025-01-02,08:00:00,Completed
T0000168,R005,V0046,2025-01-02,08:00:00,Completed
T0000169,R004,V0037,2025-01-05,08:00:00,Completed
T0000170,R014,V0040,2025-01-04,08:00:00,Completed
T0000171,R011,V0033,2025-01-02,08:00:00,Completed
T0000172,R011,V0035,2025-01-06,08:00:00,Completed
T0000173,R005,V0020,2025-01-01,08:00:00,Completed
T0000174,R006,V0002,2025-01-07,08:00:00,Completed
T0000175,R015,V0024,2025-01-01,08:00:00,Completed
T0000176,R019,V0027,2025-01-03,08:00:00,Completed
T0000177,R015,V0005,2025-01-04,08:00:00,Completed
T0000178,R007,V0018,2025-01-06,08:00:00,Completed
T0000179,R013,V0010,2025-01-05,08:00:00,Completed
T0000180,R013,V0044,2025-01-07,08:00:00,Completed
T0000181,R010,V0017,2025-01-04,08:00:00,Completed
T0000182,R002,V0035,2025-01-06,08:00:00,Completed
T0000183,R014,V0003,2025-01-04,08:00:00,Completed
T0000184,R016,V0025,2025-01-04,08:00:00,Completed
T0000185,R001,V0046,2025-01-07,08:00:00,Completed
T0000186,R020,V0033,2025-01-07,08:00:00,Completed
T0000187,R002,V0034,2025-01-03,08:00:00,Completed
T0000188,R007,V0015,2025-01-03,08:00:00,Completed
T0000189,R002,V0016,2025-01-07,08:00:00,Completed
T0000190,R011,V0014,2025-01-07,08:00:00,Completed
T0000191,R017,V0012,2025-01-02,08:00:00,Completed
T0000192,R020,V0013,2025-01-04,08:00:00,Completed
T0000193,R015,V0022,2025-01-02,08:00:00,Completed
T0000194,R019,V0005,2025-01-04,08:00:00,Completed
T0000195,R008,V0001,2025-01-05,08:00:00,Completed
T0000196,R020,V0029,2025-01-05,08:00:00,Completed
T0000197,R004,V0005,2025-01-05,08:00:00,Completed
T0000198,R006,V0033,2025-01-07,08:00:00,Completed
T0000199,R011,V0028,2025-01-03,08:00:00,Completed
T0000200,R017,V0025,2025-01-07,08:00:00,Completed
T0000201,R009,V0018,2025-01-07,08:00:00,Completed
T0000202,R011,V0002,2025-01-05,08:00:00,Completed
T0000203,R008,V0019,2025-01-01,08:00:00,Completed
T0000204,R019,V0029,2025-01-02,08:00:00,Completed
T0000205,R003,V0002,2025-01-07,08:00:00,Completed
T0000206,R004,V0014,2025-01-02,08:00:00,Completed
T0000207,R011,V0027,2025-01-04,08:00:00,Completed
T0000208,R011,V0026,2025-01-04,08:00:00,Completed
T0000209,R015,V0039,2025-01-04,08:00:00,Completed
T0000210,R013,V0045,2025-01-06,08:00:00,Completed
T0000211,R012,V0043,2025-01-07,08:00:00,Completed
T0000212,R005,V0043,2025-01-03,08:00:00,Completed
T0000213,R009,V0025,2025-01-04,08:00:00,Completed
T0000214,R006,V0016,2025-01-02,08:00:00,Completed
T0000215,R003,V0020,2025-01-07,08:00:00,Completed
T0000216,R015,V0016,2025-01-04,08:00:00,Completed
T0000217,R008,V0007,2025-01-01,08:00:00,Completed
T0000218,R008,V0002,2025-01-06,08:00:00,Completed
T0000219,R003,V0003,2025-01-06,08:00:00,Completed
T0000220,R008,V0048,2025-01-02,08:00:00,Completed
T0000221,R018,V0004,2025-01-03,08:00:00,Completed
T0000222,R006,V0005,2025-01-06,08:00:00,Completed
T0000223,R010,V0013,2025-01-05,08:00:00,Completed
T0000224,R006,V0004,2025-01-07,08:00:00,Completed
T0000225,R016,V0040,2025-01-01,08:00:00,Completed
T0000226,R004,V0018,2025-01-05,08:00:00,Completed
T0000227,R009,V0004,2025-01-05,08:00:00,Completed
T0000228,R010,V0048,2025-01-05,08:00:00,Completed
T0000229,R015,V0034,2025-01-03,08:00:00,Completed
T0000230,R002,V0011,2025-01-04,08:00:00,Completed
T0000231,R003,V0019,2025-01-05,08:00:00,Completed
T0000232,R020,V0046,2025-01-05,08:00:00,Completed
T0000233,R018,V0036,2025-01-06,08:00:00,Completed
T0000234,R016,V0010,2025-01-02,08:00:00,Completed
T0000235,R019,V0026,2025-01-05,08:00:00,Completed
T0000236,R012,V0035,2025-01-07,08:00:00,Completed
T0000237,R007,V0001,2025-01-04,08:00:00,Completed
T0000238,R015,V0009,2025-01-01,08:00:00,Completed
T0000239,R013,V0008,2025-01-01,08:00:00,Completed
T0000240,R017,V0022,2025-01-07,08:00:00,Completed
T0000241,R004,V0009,2025-01-06,08:00:00,Completed
T0000242,R015,V0034,2025-01-03,08:00:00,Completed
T0000243,R011,V0011,2025-01-07,08:00:00,Completed
T0000244,R001,V0036,2025-01-03,08:00:00,Completed
T0000245,R008,V0037,2025-01-07,08:00:00,Completed
T0000246,R007,V0020,2025-01-07,08:00:00,Completed
T0000247,R008,V0010,2025-01-02,08:00:00,Completed
T0000248,R002,V0049,2025-01-05,08:00:00,Completed
T0000249,R007,V0045,2025-01-05,08:00:00,Completed
T0000250,R019,V0001,2025-01-05,08:00:00,Completed
T0000251,R010,V0003,2025-01-03,08:00:00,Completed
T0000252,R020,V0037,2025-01-06,08:00:00,Completed
T0000253,R007,V0033,2025-01-01,08:00:00,Completed
T0000254,R009,V0033,2025-01-01,08:00:00,Completed
T0000255,R008,V0008,2025-01-07,08:00:00,Completed
T0000256,R016,V0030,2025-01-01,08:00:00,Completed
T0000257,R002,V0020,2025-01-01,08:00:00,Completed
T0000258,R008,V0027,2025-01-01,08:00:00,Completed
T0000259,R008,V0026,2025-01-06,08:00:00,Completed
T0000260,R009,V0029,2025-01-04,08:00:00,Completed
T0000261,R007,V0031,2025-01-06,08:00:00,Completed
T0000262,R008,V0014,2025-01-03,08:00:00,Completed
T0000263,R010,V0008,2025-01-01,08:00:00,Completed
T0000264,R006,V0006,2025-01-04,08:00:00,Cancelled
T0000265,R009,V0008,2025-01-05,08:00:00,Completed
T0000266,R019,V0002,2025-01-01,08:00:00,Completed
T0000267,R017,V0043,2025-01-06,08:00:00,Completed
T0000268,R016,V0006,2025-01-01,08:00:00,Completed
T0000269,R002,V0002,2025-01-05,08:00:00,Completed
T0000270,R016,V0027,2025-01-01,08:00:00,Completed
T0000271,R006,V0034,2025-01-02,08:00:00,Completed
T0000272,R007,V0016,2025-01-01,08:00:00,Completed
T0000273,R001,V0044,2025-01-02,08:00:00,Completed
T0000274,R005,V0019,2025-01-04,08:00:00,Completed
T0000275,R019,V0041,2025-01-02,08:00:00,Completed
T0000276,R003,V0043,2025-01-02,08:00:00,Completed
T0000277,R015,V0048,2025-01-02,08:00:00,Completed
T0000278,R001,V0001,2025-01-03,08:00:00,Completed
T0000279,R002,V0031,2025-01-03,08:00:00,Completed
T0000280,R017,V0013,2025-01-02,08:00:00,Completed
T0000281,R011,V0039,2025-01-04,08:00:00,Completed
T0000282,R011,V0019,2025-01-03,08:00:00,Completed
T0000283,R014,V0005,2025-01-07,08:00:00,Completed
T0000284,R010,V0027,2025-01-06,08:00:00,Completed
T0000285,R015,V0013,2025-01-05,08:00:00,Completed
T0000286,R004,V0049,2025-01-02,08:00:00,Completed
T0000287,R015,V0012,2025-01-05,08:00:00,Completed
T0000288,R002,V0001,2025-01-02,08:00:00,Completed
T0000289,R018,V0005,2025-01-01,08:00:00,Cancelled
T0000290,R017,V0009,2025-01-02,08:00:00,Completed
T0000291,R012,V0048,2025-01-02,08:00:00,Completed
T0000292,R014,V0040,2025-01-02,08:00:00,Completed
T0000293,R004,V0011,2025-01-04,08:00:00,Completed
T0000294,R018,V0047,2025-01-04,08:00:00,Completed
T0000295,R003,V0011,2025-01-04,08:00:00,Completed
T0000296,R013,V0013,2025-01-07,08:00:00,Completed
T0000297,R018,V0040,2025-01-04,08:00:00,Completed
T0000298,R011,V0039,2025-01-02,08:00:00,Completed
T0000299,R012,V0021,2025-01-02,08:00:00,Completed
T0000300,R006,V0008,2025-01-07,08:00:00,Completed
T0000301,R015,V0045,2025-01-06,08:00:00,Completed
T0000302,R019,V0028,2025-01-02,08:00:00,Completed
T0000303,R002,V0045,2025-01-06,08:00:00,Completed
T0000304,R020,V0007,2025-01-04,08:00:00,Completed
T0000305,R003,V0028,2025-01-04,08:00:00,Completed
T0000306,R014,V0049,2025-01-02,08:00:00,Completed
T0000307,R010,V0040,2025-01-01,08:00:00,Completed
T0000308,R007,V0015,2025-01-03,08:00:00,Completed
T0000309,R009,V0028,2025-01-05,08:00:00,Completed
T0000310,R013,V0048,2025-01-04,08:00:00,Completed
T0000311,R012,V0027,2025-01-04,08:00:00,Completed
T0000312,R012,V0036,2025-01-04,08:00:00,Completed
T0000313,R019,V0037,2025-01-03,08:00:00,Completed
T0000314,R011,V0021,2025-01-03,08:00:00,Completed
T0000315,R020,V0038,2025-01-07,08:00:00,Completed
T0000316,R006,V0018,2025-01-04,08:00:00,Completed
T0000317,R011,V0019,2025-01-02,08:00:00,Completed
T0000318,R019,V0013,2025-01-07,08:00:00,Completed
T0000319,R005,V0007,2025-01-02,08:00:00,Completed
T0000320,R008,V0006,2025-01-02,08:00:00,Completed
T0000321,R010,V0043,2025-01-07,08:00:00,Completed
T0000322,R015,V0002,2025-01-01,08:00:00,Completed
T0000323,R009,V0014,2025-01-03,08:00:00,Completed
T0000324,R014,V0018,2025-01-04,08:00:00,Completed
T0000325,R007,V0036,2025-01-04,08:00:00,Completed
T0000326,R011,V0039,2025-01-07,08:00:00,Completed
T0000327,R013,V0042,2025-01-03,08:00:00,Completed
T0000328,R006,V0026,2025-01-05,08:00:00,Completed
T0000329,R003,V0039,2025-01-07,08:00:00,Completed
T0000330,R008,V0039,2025-01-01,08:00:00,Completed
T0000331,R004,V0046,2025-01-05,08:00:00,Completed
T0000332,R016,V0015,2025-01-06,08:00:00,Completed
T0000333,R009,V0030,2025-01-05,08:00:00,Completed
T0000334,R018,V0023,2025-01-06,08:00:00,Completed
T0000335,R004,V0004,2025-01-04,08:00:00,Completed
T0000336,R002,V0040,2025-01-05,08:00:00,Completed
T0000337,R019,V0005,2025-01-02,08:00:00,Completed
T0000338,R003,V0049,2025-01-06,08:00:00,Completed
T0000339,R007,V0012,2025-01-04,08:00:00,Completed
T0000340,R001,V0005,2025-01-03,08:00:00,Completed
T0000341,R006,V0036,2025-01-03,08:00:00,Completed
T0000342,R002,V0007,2025-01-02,08:00:00,Completed
T0000343,R010,V0036,2025-01-04,08:00:00,Completed
T0000344,R013,V0015,2025-01-05,08:00:00,Completed
T0000345,R018,V0024,2025-01-04,08:00:00,Completed
T0000346,R015,V0019,2025-01-01,08:00:00,Completed
T0000347,R005,V0009,2025-01-04,08:00:00,Completed
T0000348,R007,V0024,2025-01-01,08:00:00,Completed
T0000349,R010,V0035,2025-01-04,08:00:00,Completed
T0000350,R017,V0047,2025-01-05,08:00:00,Completed
T0000351,R006,V0003,2025-01-04,08:00:00,Completed
T0000352,R014,V0033,2025-01-04,08:00:00,Completed
T0000353,R002,V0045,2025-01-06,08:00:00,Completed
T0000354,R008,V0012,2025-01-05,08:00:00,Completed
T0000355,R011,V0032,2025-01-03,08:00:00,Completed
T0000356,R015,V0042,2025-01-03,08:00:00,Completed
T0000357,R009,V0039,2025-01-06,08:00:00,Completed
T0000358,R011,V0019,2025-01-01,08:00:00,Completed
T0000359,R002,V0025,2025-01-02,08:00:00,Completed
T0000360,R014,V0017,2025-01-01,08:00:00,Completed
T0000361,R009,V0049,2025-01-06,08:00:00,Completed
T0000362,R010,V0006,2025-01-05,08:00:00,Completed
T0000363,R011,V0020,2025-01-03,08:00:00,Completed
T0000364,R019,V0037,2025-01-07,08:00:00,Completed
T0000365,R005,V0022,2025-01-03,08:00:00,Completed
T0000366,R015,V0007,2025-01-01,08:00:00,Completed
T0000367,R001,V0014,2025-01-05,08:00:00,Completed
T0000368,R002,V0016,2025-01-01,08:00:00,Completed
T0000369,R005,V0039,2025-01-05,08:00:00,Completed
T0000370,R001,V0005,2025-01-02,08:00:00,Completed
T0000371,R004,V0031,2025-01-03,08:00:00,Completed
T0000372,R008,V0037,2025-01-07,08:00:00,Completed
T0000373,R004,V0030,2025-01-05,08:00:00,Completed
T0000374,R012,V0005,2025-01-05,08:00:00,Completed
T0000375,R014,V0016,2025-01-05,08:00:00,Completed
T0000376,R020,V0028,2025-01-03,08:00:00,Completed
T0000377,R010,V0006,2025-01-07,08:00:00,Completed
T0000378,R016,V0037,2025-01-06,08:00:00,Completed
T0000379,R010,V0038,2025-01-04,08:00:00,Completed
T0000380,R012,V0043,2025-01-01,08:00:00,Completed
T0000381,R011,V0026,2025-01-04,08:00:00,Completed
T0000382,R019,V0006,2025-01-01,08:00:00,Completed
T0000383,R006,V0007,2025-01-07,08:00:00,Completed
T0000384,R015,V0028,2025-01-03,08:00:00,Completed
T0000385,R017,V0027,2025-01-06,08:00:00,Completed
T0000386,R012,V0019,2025-01-01,08:00:00,Completed
T0000387,R017,V0048,2025-01-01,08:00:00,Completed
T0000388,R004,V0016,2025-01-06,08:00:00,Completed
T0000389,R011,V0030,2025-01-05,08:00:00,Completed
T0000390,R014,V0013,2025-01-06,08:00:00,Completed
T0000391,R014,V0011,2025-01-05,08:00:00,Completed
T0000392,R020,V0041,2025-01-06,08:00:00,Completed
T0000393,R006,V0042,2025-01-04,08:00:00,Completed
T0000394,R002,V0019,2025-01-01,08:00:00,Completed
T0000395,R004,V0004,2025-01-04,08:00:00,Completed
T0000396,R005,V0011,2025-01-05,08:00:00,Completed
T0000397,R002,V0009,2025-01-06,08:00:00,Completed
T0000398,R002,V0030,2025-01-05,08:00:00,Completed
T0000399,R003,V0018,2025-01-06,08:00:00,Completed
T0000400,R011,V0028,2025-01-01,08:00:00,Completed
T0000401,R009,V0028,2025-01-03,08:00:00,Completed
T0000402,R004,V0015,2025-01-06,08:00:00,Completed
T0000403,R020,V0037,2025-01-01,08:00:00,Completed
T0000404,R018,V0002,2025-01-05,08:00:00,Completed
T0000405,R018,V0021,2025-01-03,08:00:00,Completed
T0000406,R006,V0001,2025-01-06,08:00:00,Completed
T0000407,R012,V0034,2025-01-05,08:00:00,Completed
T0000408,R008,V0037,2025-01-06,08:00:00,Completed
T0000409,R001,V0035,2025-01-05,08:00:00,Completed
T0000410,R015,V0043,2025-01-02,08:00:00,Completed
T0000411,R005,V0003,2025-01-01,08:00:00,Completed
T0000412,R004,V0032,2025-01-04,08:00:00,Completed
T0000413,R011,V0046,2025-01-05,08:00:00,Completed
T0000414,R018,V0002,2025-01-04,08:00:00,Completed
T0000415,R009,V0008,2025-01-02,08:00:00,Completed
T0000416,R018,V0043,2025-01-02,08:00:00,Completed
T0000417,R002,V0004,2025-01-01,08:00:00,Completed
T0000418,R016,V0030,2025-01-04,08:00:00,Completed
T0000419,R003,V0007,2025-01-01,08:00:00,Completed
T0000420,R003,V0002,2025-01-04,08:00:00,Completed
T0000421,R016,V0014,2025-01-05,08:00:00,Completed
T0000422,R003,V0045,2025-01-02,08:00:00,Completed
T0000423,R019,V0011,2025-01-01,08:00:00,Completed
T0000424,R015,V0026,2025-01-04,08:00:00,Completed
T0000425,R004,V0003,2025-01-01,08:00:00,Completed
T0000426,R017,V0038,2025-01-04,08:00:00,Completed
T0000427,R003,V0044,2025-01-05,08:00:00,Completed
T0000428,R002,V0027,2025-01-04,08:00:00,Completed
T0000429,R003,V0019,2025-01-07,08:00:00,Completed
T0000430,R006,V0024,2025-01-01,08:00:00,Completed
T0000431,R003,V0049,2025-01-01,08:00:00,Completed
T0000432,R016,V0043,2025-01-07,08:00:00,Completed
T0000433,R017,V0023,2025-01-04,08:00:00,Cancelled
T0000434,R020,V0036,2025-01-01,08:00:00,Completed
T0000435,R015,V0049,2025-01-03,08:00:00,Completed
T0000436,R010,V0024,2025-01-02,08:00:00,Completed
T0000437,R018,V0049,2025-01-03,08:00:00,Completed
T0000438,R016,V0044,2025-01-05,08:00:00,Completed
T0000439,R010,V0022,2025-01-01,08:00:00,Completed
T0000440,R012,V0026,2025-01-01,08:00:00,Completed
T0000441,R018,V0012,2025-01-02,08:00:00,Completed
T0000442,R020,V0018,2025-01-04,08:00:00,Completed
T0000443,R012,V0049,2025-01-05,08:00:00,Completed
T0000444,R019,V0007,2025-01-04,08:00:00,Completed
T0000445,R013,V0046,2025-01-02,08:00:00,Completed
T0000446,R005,V0034,2025-01-04,08:00:00,Completed
T0000447,R008,V0048,2025-01-02,08:00:00,Completed
T0000448,R001,V0018,2025-01-03,08:00:00,Completed
T0000449,R007,V0032,2025-01-07,08:00:00,Completed
T0000450,R002,V0043,2025-01-05,08:00:00,Completed
T0000451,R011,V0008,2025-01-06,08:00:00,Completed
T0000452,R001,V0023,2025-01-04,08:00:00,Completed
T0000453,R010,V0044,2025-01-05,08:00:00,Completed
T0000454,R002,V0041,2025-01-06,08:00:00,Completed
T0000455,R016,V0040,2025-01-06,08:00:00,Completed
T0000456,R013,V0024,2025-01-03,08:00:00,Completed
T0000457,R015,V0037,2025-01-07,08:00:00,Completed
T0000458,R014,V0021,2025-01-04,08:00:00,Completed
T0000459,R006,V0007,2025-01-02,08:00:00,Completed
T0000460,R010,V0041,2025-01-01,08:00:00,Completed
T0000461,R005,V0023,2025-01-04,08:00:00,Completed
T0000462,R006,V0029,2025-01-01,08:00:00,Completed
T0000463,R009,V0022,2025-01-02,08:00:00,Completed
T0000464,R011,V0043,2025-01-04,08:00:00,Completed
T0000465,R009,V0032,2025-01-07,08:00:00,Completed
T0000466,R015,V0003,2025-01-01,08:00:00,Completed
T0000467,R012,V0025,2025-01-04,08:00:00,Completed
T0000468,R010,V0033,2025-01-07,08:00:00,Completed
T0000469,R003,V0049,2025-01-04,08:00:00,Completed
T0000470,R003,V0050,2025-01-04,08:00:00,Completed
T0000471,R006,V0020,2025-01-04,08:00:00,Completed
T0000472,R001,V0022,2025-01-03,08:00:00,Completed
T0000473,R016,V0012,2025-01-05,08:00:00,Completed
T0000474,R008,V0009,2025-01-07,08:00:00,Completed
T0000475,R014,V0050,2025-01-02,08:00:00,Completed
T0000476,R005,V0014,2025-01-03,08:00:00,Completed
T0000477,R016,V0016,2025-01-07,08:00:00,Completed
T0000478,R010,V0049,2025-01-02,08:00:00,Completed
T0000479,R014,V0024,2025-01-02,08:00:00,Completed
T0000480,R001,V0023,2025-01-03,08:00:00,Completed
T0000481,R011,V0010,2025-01-05,08:00:00,Completed
T0000482,R001,V0003,2025-01-01,08:00:00,Completed
T0000483,R003,V0043,2025-01-01,08:00:00,Completed
T0000484,R005,V0027,2025-01-05,08:00:00,Completed
T0000485,R017,V0009,2025-01-04,08:00:00,Completed
T0000486,R020,V0012,2025-01-05,08:00:00,Completed
T0000487,R013,V0010,2025-01-04,08:00:00,Completed
T0000488,R001,V0045,2025-01-06,08:00:00,Completed
T0000489,R015,V0015,2025-01-07,08:00:00,Completed
T0000490,R010,V0043,2025-01-03,08:00:00,Completed
T0000491,R014,V0050,2025-01-02,08:00:00,Completed
T0000492,R015,V0025,2025-01-02,08:00:00,Completed
T0000493,R006,V0036,2025-01-02,08:00:00,Completed
T0000494,R009,V0006,2025-01-05,08:00:00,Completed
T0000495,R011,V0044,2025-01-04,08:00:00,Completed
T0000496,R003,V0043,2025-01-03,08:00:00,Completed
T0000497,R017,V0014,2025-01-03,08:00:00,Completed
T0000498,R011,V0034,2025-01-06,08:00:00,Completed
T0000499,R004,V0013,2025-01-01,08:00:00,Completed
T0000500,R002,V0045,2025-01-02,08:00:00,Completed
T0000501,R006,V0015,2025-01-03,08:00:00,Completed
T0000502,R016,V0009,2025-01-03,08:00:00,Completed
T0000503,R002,V0031,2025-01-05,08:00:00,Completed
T0000504,R017,V0048,2025-01-06,08:00:00,Completed
T0000505,R004,V0017,2025-01-01,08:00:00,Completed
T0000506,R013,V0048,2025-01-02,08:00:00,Completed
T0000507,R012,V0023,2025-01-07,08:00:00,Completed
T0000508,R007,V0036,2025-01-07,08:00:00,Completed
T0000509,R011,V0009,2025-01-01,08:00:00,Completed
T0000510,R008,V0013,2025-01-01,08:00:00,Completed
T0000511,R019,V0040,2025-01-04,08:00:00,Completed
T0000512,R017,V0043,2025-01-06,08:00:00,Completed
T0000513,R003,V0022,2025-01-02,08:00:00,Completed
T0000514,R011,V0041,2025-01-01,08:00:00,Completed
T0000515,R003,V0016,2025-01-05,08:00:00,Completed
T0000516,R003,V0037,2025-01-04,08:00:00,Completed
T0000517,R005,V0010,2025-01-04,08:00:00,Completed
T0000518,R018,V0030,2025-01-03,08:00:00,Completed
T0000519,R012,V0033,2025-01-06,08:00:00,Completed
T0000520,R006,V0023,2025-01-04,08:00:00,Completed
T0000521,R009,V0025,2025-01-04,08:00:00,Completed
T0000522,R011,V0022,2025-01-05,08:00:00,Completed
T0000523,R005,V0038,2025-01-03,08:00:00,Completed
T0000524,R007,V0025,2025-01-02,08:00:00,Completed
T0000525,R005,V0032,2025-01-05,08:00:00,Completed
T0000526,R015,V0008,2025-01-04,08:00:00,Completed
T0000527,R009,V0021,2025-01-07,08:00:00,Completed
T0000528,R020,V0001,2025-01-01,08:00:00,Completed
T0000529,R013,V0027,2025-01-03,08:00:00,Completed
T0000530,R014,V0016,2025-01-07,08:00:00,Completed
T0000531,R016,V0023,2025-01-02,08:00:00,Completed
T0000532,R004,V0009,2025-01-04,08:00:00,Completed
T0000533,R014,V0023,2025-01-02,08:00:00,Completed
T0000534,R015,V0033,2025-01-07,08:00:00,Completed
T0000535,R018,V0004,2025-01-05,08:00:00,Completed
T0000536,R019,V0031,2025-01-06,08:00:00,Completed
T0000537,R012,V0027,2025-01-05,08:00:00,Completed
T0000538,R005,V0009,2025-01-02,08:00:00,Completed
T0000539,R003,V0046,2025-01-05,08:00:00,Completed
T0000540,R007,V0020,2025-01-05,08:00:00,Completed
T0000541,R020,V0015,2025-01-02,08:00:00,Completed
T0000542,R001,V0011,2025-01-01,08:00:00,Completed
T0000543,R019,V0020,2025-01-02,08:00:00,Completed
T0000544,R015,V0045,2025-01-02,08:00:00,Completed
T0000545,R012,V0046,2025-01-05,08:00:00,Completed
T0000546,R014,V0032,2025-01-03,08:00:00,Completed
T0000547,R016,V0050,2025-01-04,08:00:00,Completed
T0000548,R006,V0049,2025-01-03,08:00:00,Completed
T0000549,R001,V0019,2025-01-05,08:00:00,Completed
T0000550,R020,V0040,2025-01-05,08:00:00,Completed
T0000551,R010,V0004,2025-01-03,08:00:00,Completed
T0000552,R011,V0034,2025-01-04,08:00:00,Completed
T0000553,R012,V0020,2025-01-05,08:00:00,Completed
T0000554,R011,V0023,2025-01-01,08:00:00,Completed
T0000555,R018,V0010,2025-01-07,08:00:00,Completed
T0000556,R005,V0041,2025-01-02,08:00:00,Completed
T0000557,R010,V0047,2025-01-07,08:00:00,Completed
T0000558,R008,V0021,2025-01-07,08:00:00,Completed
T0000559,R014,V0008,2025-01-05,08:00:00,Completed
T0000560,R019,V0037,2025-01-02,08:00:00,Completed
T0000561,R010,V0010,2025-01-06,08:00:00,Completed
T0000562,R005,V0044,2025-01-01,08:00:00,Completed
T0000563,R006,V0029,2025-01-05,08:00:00,Completed
T0000564,R012,V0030,2025-01-07,08:00:00,Completed
T0000565,R008,V0038,2025-01-06,08:00:00,Completed
T0000566,R005,V0037,2025-01-03,08:00:00,Completed
T0000567,R006,V0031,2025-01-02,08:00:00,Completed
T0000568,R020,V0034,2025-01-07,08:00:00,Completed
T0000569,R009,V0019,2025-01-01,08:00:00,Completed
T0000570,R009,V0012,2025-01-04,08:00:00,Completed
T0000571,R008,V0007,2025-01-03,08:00:00,Completed
T0000572,R011,V0048,2025-01-05,08:00:00,Completed
T0000573,R017,V0026,2025-01-05,08:00:00,Completed
T0000574,R005,V0029,2025-01-04,08:00:00,Completed
T0000575,R006,V0026,2025-01-07,08:00:00,Cancelled
T0000576,R012,V0032,2025-01-04,08:00:00,Completed
T0000577,R015,V0047,2025-01-05,08:00:00,Completed
T0000578,R015,V0011,2025-01-07,08:00:00,Completed
T0000579,R011,V0039,2025-01-01,08:00:00,Completed
T0000580,R013,V0050,2025-01-07,08:00:00,Completed
T0000581,R009,V0033,2025-01-03,08:00:00,Completed
T0000582,R011,V0024,2025-01-02,08:00:00,Completed
T0000583,R018,V0002,2025-01-03,08:00:00,Completed
T0000584,R010,V0005,2025-01-05,08:00:00,Completed
T0000585,R013,V0020,2025-01-05,08:00:00,Completed
T0000586,R006,V0002,2025-01-02,08:00:00,Completed
T0000587,R005,V0003,2025-01-05,08:00:00,Completed
T0000588,R020,V0029,2025-01-03,08:00:00,Completed
T0000589,R004,V0011,2025-01-06,08:00:00,Completed
T0000590,R006,V0027,2025-01-04,08:00:00,Completed
T0000591,R008,V0004,2025-01-03,08:00:00,Completed
T0000592,R009,V0011,2025-01-06,08:00:00,Completed
T0000593,R002,V0021,2025-01-03,08:00:00,Completed
T0000594,R001,V0019,2025-01-01,08:00:00,Completed
T0000595,R011,V0007,2025-01-05,08:00:00,Completed
T0000596,R008,V0036,2025-01-07,08:00:00,Completed
T0000597,R004,V0018,2025-01-01,08:00:00,Completed
T0000598,R001,V0012,2025-01-05,08:00:00,Completed
T0000599,R004,V0019,2025-01-03,08:00:00,Completed
T0000600,R006,V0018,2025-01-05,08:00:00,Completed
T0000601,R007,V0005,2025-01-07,08:00:00,Completed
T0000602,R010,V0035,2025-01-02,08:00:00,Completed
T0000603,R003,V0009,2025-01-07,08:00:00,Completed
T0000604,R011,V0014,2025-01-03,08:00:00,Completed
T0000605,R012,V0017,2025-01-06,08:00:00,Completed
T0000606,R002,V0006,2025-01-05,08:00:00,Completed
T0000607,R020,V0009,2025-01-06,08:00:00,Completed
T0000608,R004,V0046,2025-01-03,08:00:00,Completed
T0000609,R002,V0025,2025-01-04,08:00:00,Completed
T0000610,R015,V0049,2025-01-02,08:00:00,Completed
T0000611,R001,V0031,2025-01-07,08:00:00,Completed
T0000612,R018,V0008,2025-01-05,08:00:00,Completed
T0000613,R014,V0050,2025-01-01,08:00:00,Completed
T0000614,R011,V0022,2025-01-07,08:00:00,Completed
T0000615,R017,V0039,2025-01-04,08:00:00,Completed
T0000616,R003,V0006,2025-01-04,08:00:00,Completed
T0000617,R002,V0046,2025-01-06,08:00:00,Completed
T0000618,R006,V0041,2025-01-06,08:00:00,Completed
T0000619,R007,V0005,2025-01-07,08:00:00,Completed
T0000620,R011,V0012,2025-01-04,08:00:00,Completed
T0000621,R019,V0050,2025-01-07,08:00:00,Completed
T0000622,R007,V0003,2025-01-05,08:00:00,Completed
T0000623,R003,V0026,2025-01-03,08:00:00,Completed
T0000624,R004,V0032,2025-01-04,08:00:00,Completed
T0000625,R011,V0009,2025-01-01,08:00:00,Completed
T0000626,R001,V0034,2025-01-05,08:00:00,Completed
T0000627,R003,V0039,2025-01-02,08:00:00,Completed
T0000628,R002,V0005,2025-01-05,08:00:00,Completed
T0000629,R011,V0041,2025-01-07,08:00:00,Completed
T0000630,R007,V0048,2025-01-07,08:00:00,Completed
T0000631,R009,V0026,2025-01-02,08:00:00,Completed
T0000632,R013,V0039,2025-01-01,08:00:00,Completed
T0000633,R017,V0030,2025-01-03,08:00:00,Completed
T0000634,R006,V0035,2025-01-03,08:00:00,Completed
T0000635,R011,V0027,2025-01-04,08:00:00,Completed
T0000636,R015,V0025,2025-01-03,08:00:00,Completed
T0000637,R012,V0041,2025-01-02,08:00:00,Completed
T0000638,R007,V0010,2025-01-05,08:00:00,Completed
T0000639,R014,V0013,2025-01-01,08:00:00,Completed
T0000640,R012,V0038,2025-01-01,08:00:00,Completed
T0000641,R016,V0017,2025-01-06,08:00:00,Completed
T0000642,R006,V0029,2025-01-03,08:00:00,Completed
T0000643,R004,V0007,2025-01-05,08:00:00,Completed
T0000644,R013,V0023,2025-01-06,08:00:00,Completed
T0000645,R004,V0037,2025-01-03,08:00:00,Completed
T0000646,R004,V0025,2025-01-07,08:00:00,Completed
T0000647,R008,V0008,2025-01-04,08:00:00,Completed
T0000648,R004,V0020,2025-01-03,08:00:00,Completed
T0000649,R005,V0035,2025-01-02,08:00:00,Completed
T0000650,R003,V0018,2025-01-01,08:00:00,Completed
T0000651,R010,V0032,2025-01-07,08:00:00,Completed
T0000652,R012,V0004,2025-01-01,08:00:00,Completed
T0000653,R001,V0033,2025-01-02,08:00:00,Completed
T0000654,R008,V0048,2025-01-01,08:00:00,Completed
T0000655,R014,V0040,2025-01-03,08:00:00,Completed
T0000656,R020,V0043,2025-01-01,08:00:00,Completed
T0000657,R014,V0025,2025-01-05,08:00:00,Completed
T0000658,R018,V0040,2025-01-06,08:00:00,Completed
T0000659,R011,V0035,2025-01-03,08:00:00,Completed
T0000660,R008,V0020,2025-01-05,08:00:00,Completed
T0000661,R010,V0049,2025-01-01,08:00:00,Completed
T0000662,R013,V0006,2025-01-06,08:00:00,Completed
T0000663,R002,V0018,2025-01-07,08:00:00,Completed
T0000664,R011,V0005,2025-01-05,08:00:00,Completed
T0000665,R006,V0015,2025-01-05,08:00:00,Completed
T0000666,R016,V0015,2025-01-02,08:00:00,Completed
T0000667,R014,V0012,2025-01-02,08:00:00,Completed
T0000668,R007,V0027,2025-01-06,08:00:00,Completed
T0000669,R015,V0004,2025-01-06,08:00:00,Completed
T0000670,R013,V0011,2025-01-06,08:00:00,Completed
T0000671,R007,V0026,2025-01-01,08:00:00,Completed
T0000672,R012,V0014,2025-01-05,08:00:00,Completed
T0000673,R019,V0034,2025-01-06,08:00:00,Completed
T0000674,R010,V0013,2025-01-06,08:00:00,Completed
T0000675,R015,V0029,2025-01-06,08:00:00,Completed
T0000676,R018,V0039,2025-01-01,08:00:00,Completed
T0000677,R013,V0037,2025-01-05,08:00:00,Completed
T0000678,R005,V0041,2025-01-01,08:00:00,Completed
T0000679,R004,V0022,2025-01-03,08:00:00,Completed
T0000680,R017,V0030,2025-01-06,08:00:00,Completed
T0000681,R003,V0040,2025-01-07,08:00:00,Completed
T0000682,R001,V0008,2025-01-02,08:00:00,Completed
T0000683,R017,V0023,2025-01-03,08:00:00,Completed
T0000684,R001,V0024,2025-01-01,08:00:00,Completed
T0000685,R014,V0027,2025-01-01,08:00:00,Completed
T0000686,R015,V0006,2025-01-05,08:00:00,Completed
T0000687,R014,V0028,2025-01-07,08:00:00,Completed
T0000688,R014,V0019,2025-01-03,08:00:00,Completed
T0000689,R013,V0014,2025-01-04,08:00:00,Completed
T0000690,R017,V0044,2025-01-04,08:00:00,Completed
T0000691,R006,V0002,2025-01-04,08:00:00,Completed
T0000692,R019,V0011,2025-01-05,08:00:00,Completed
T0000693,R015,V0021,2025-01-06,08:00:00,Completed
T0000694,R001,V0035,2025-01-03,08:00:00,Completed
T0000695,R010,V0026,2025-01-07,08:00:00,Completed
T0000696,R012,V0034,2025-01-02,08:00:00,Completed
T0000697,R018,V0011,2025-01-02,08:00:00,Completed
T0000698,R008,V0024,2025-01-05,08:00:00,Completed
T0000699,R016,V0026,2025-01-03,08:00:00,Completed
T0000700,R016,V0043,2025-01-05,08:00:00,Completed
T0000701,R001,V0037,2025-01-01,08:00:00,Completed
T0000702,R004,V0033,2025-01-02,08:00:00,Completed
T0000703,R008,V0031,2025-01-06,08:00:00,Completed
T0000704,R002,V0032,2025-01-03,08:00:00,Completed
T0000705,R017,V0042,2025-01-05,08:00:00,Completed
T0000706,R006,V0024,2025-01-03,08:00:00,Completed
T0000707,R019,V0022,2025-01-01,08:00:00,Completed
T0000708,R012,V0041,2025-01-02,08:00:00,Completed
T0000709,R016,V0033,2025-01-07,08:00:00,Completed
T0000710,R014,V0009,2025-01-04,08:00:00,Completed
T0000711,R008,V0035,2025-01-03,08:00:00,Completed
T0000712,R005,V0050,2025-01-06,08:00:00,Completed
T0000713,R015,V0004,2025-01-03,08:00:00,Completed
T0000714,R004,V0037,2025-01-06,08:00:00,Completed
T0000715,R017,V0008,2025-01-03,08:00:00,Completed
T0000716,R013,V0023,2025-01-05,08:00:00,Completed
T0000717,R003,V0011,2025-01-02,08:00:00,Completed
T0000718,R001,V0048,2025-01-07,08:00:00,Completed
T0000719,R010,V0002,2025-01-06,08:00:00,Completed
T0000720,R010,V0011,2025-01-01,08:00:00,Completed
T0000721,R018,V0034,2025-01-05,08:00:00,Completed
T0000722,R018,V0044,2025-01-06,08:00:00,Completed
T0000723,R008,V0007,2025-01-07,08:00:00,Completed
T0000724,R019,V0042,2025-01-07,08:00:00,Completed
T0000725,R014,V0020,2025-01-04,08:00:00,Completed
T0000726,R012,V0024,2025-01-04,08:00:00,Completed
T0000727,R015,V0012,2025-01-05,08:00:00,Completed
T0000728,R007,V0002,2025-01-05,08:00:00,Completed
T0000729,R012,V0013,2025-01-01,08:00:00,Completed
T0000730,R003,V0038,2025-01-07,08:00:00,Completed
T0000731,R007,V0017,2025-01-03,08:00:00,Completed
T0000732,R001,V0010,2025-01-07,08:00:00,Completed
T0000733,R016,V0024,2025-01-06,08:00:00,Completed
T0000734,R019,V0036,2025-01-01,08:00:00,Completed
T0000735,R011,V0040,2025-01-07,08:00:00,Completed
T0000736,R008,V0007,2025-01-07,08:00:00,Completed
T0000737,R018,V0019,2025-01-01,08:00:00,Completed
T0000738,R010,V0004,2025-01-04,08:00:00,Completed
T0000739,R001,V0041,2025-01-02,08:00:00,Completed
T0000740,R015,V0027,2025-01-01,08:00:00,Completed
T0000741,R013,V0022,2025-01-03,08:00:00,Completed
T0000742,R019,V0011,2025-01-03,08:00:00,Completed
T0000743,R015,V0035,2025-01-04,08:00:00,Completed
T0000744,R002,V0047,2025-01-02,08:00:00,Completed
T0000745,R016,V0030,2025-01-04,08:00:00,Completed
T0000746,R014,V0040,2025-01-06,08:00:00,Completed
T0000747,R017,V0040,2025-01-07,08:00:00,Completed
T0000748,R018,V0019,2025-01-07,08:00:00,Completed
T0000749,R007,V0015,2025-01-01,08:00:00,Completed
T0000750,R020,V0032,2025-01-03,08:00:00,Completed
T0000751,R003,V0006,2025-01-07,08:00:00,Completed
T0000752,R005,V0004,2025-01-06,08:00:00,Completed
T0000753,R007,V0019,2025-01-05,08:00:00,Cancelled
T0000754,R010,V0026,2025-01-07,08:00:00,Completed
T0000755,R005,V0028,2025-01-05,08:00:00,Completed
T0000756,R003,V0019,2025-01-01,08:00:00,Completed
T0000757,R003,V0028,2025-01-05,08:00:00,Completed
T0000758,R018,V0025,2025-01-01,08:00:00,Completed
T0000759,R012,V0039,2025-01-06,08:00:00,Completed
T0000760,R013,V0021,2025-01-06,08:00:00,Completed
T0000761,R020,V0030,2025-01-04,08:00:00,Completed
T0000762,R014,V0026,2025-01-01,08:00:00,Completed
T0000763,R020,V0010,2025-01-07,08:00:00,Completed
T0000764,R007,V0015,2025-01-05,08:00:00,Cancelled
T0000765,R008,V0036,2025-01-04,08:00:00,Completed
T0000766,R012,V0015,2025-01-06,08:00:00,Completed
T0000767,R013,V0044,2025-01-02,08:00:00,Completed
T0000768,R015,V0029,2025-01-01,08:00:00,Completed
T0000769,R014,V0001,2025-01-03,08:00:00,Completed
T0000770,R016,V0021,2025-01-03,08:00:00,Completed
T0000771,R009,V0036,2025-01-01,08:00:00,Completed
T0000772,R020,V0002,2025-01-01,08:00:00,Cancelled
T0000773,R015,V0025,2025-01-02,08:00:00,Completed
T0000774,R020,V0005,2025-01-01,08:00:00,Completed
T0000775,R017,V0042,2025-01-05,08:00:00,Cancelled
T0000776,R003,V0004,2025-01-02,08:00:00,Completed
T0000777,R014,V0045,2025-01-04,08:00:00,Completed
T0000778,R018,V0015,2025-01-07,08:00:00,Completed
T0000779,R015,V0013,2025-01-02,08:00:00,Completed
T0000780,R019,V0013,2025-01-01,08:00:00,Completed
T0000781,R008,V0039,2025-01-04,08:00:00,Completed
T0000782,R005,V0050,2025-01-03,08:00:00,Completed
T0000783,R018,V0015,2025-01-03,08:00:00,Completed
T0000784,R010,V0042,2025-01-02,08:00:00,Completed
T0000785,R020,V0031,2025-01-02,08:00:00,Completed
T0000786,R004,V0001,2025-01-01,08:00:00,Completed
T0000787,R006,V0047,2025-01-03,08:00:00,Completed
T0000788,R017,V0040,2025-01-05,08:00:00,Completed
T0000789,R008,V0033,2025-01-05,08:00:00,Completed
T0000790,R005,V0040,2025-01-03,08:00:00,Completed
T0000791,R003,V0012,2025-01-02,08:00:00,Completed
T0000792,R008,V0013,2025-01-06,08:00:00,Completed
T0000793,R011,V0011,2025-01-02,08:00:00,Completed
T0000794,R008,V0042,2025-01-03,08:00:00,Completed
T0000795,R008,V0005,2025-01-01,08:00:00,Completed
T0000796,R015,V0031,2025-01-03,08:00:00,Completed
T0000797,R018,V0050,2025-01-03,08:00:00,Completed
T0000798,R007,V0015,2025-01-04,08:00:00,Completed
T0000799,R018,V0042,2025-01-06,08:00:00,Completed
T0000800,R004,V0015,2025-01-07,08:00:00,Completed
T0000801,R017,V0016,2025-01-01,08:00:00,Completed
T0000802,R005,V0033,2025-01-04,08:00:00,Completed
T0000803,R020,V0018,2025-01-06,08:00:00,Completed
T0000804,R016,V0002,2025-01-07,08:00:00,Completed
T0000805,R012,V0035,2025-01-03,08:00:00,Completed
T0000806,R005,V0001,2025-01-04,08:00:00,Completed
T0000807,R008,V0008,2025-01-06,08:00:00,Completed
T0000808,R012,V0011,2025-01-02,08:00:00,Completed
T0000809,R003,V0047,2025-01-03,08:00:00,Completed
T0000810,R015,V0043,2025-01-06,08:00:00,Completed
T0000811,R002,V0049,2025-01-01,08:00:00,Completed
T0000812,R014,V0012,2025-01-03,08:00:00,Completed
T0000813,R013,V0034,2025-01-07,08:00:00,Completed
T0000814,R008,V0043,2025-01-01,08:00:00,Completed
T0000815,R007,V0046,2025-01-06,08:00:00,Completed
T0000816,R002,V0003,2025-01-05,08:00:00,Completed
T0000817,R002,V0030,2025-01-04,08:00:00,Completed
T0000818,R013,V0046,2025-01-04,08:00:00,Completed
T0000819,R013,V0049,2025-01-04,08:00:00,Completed
T0000820,R015,V0002,2025-01-02,08:00:00,Completed
T0000821,R016,V0040,2025-01-01,08:00:00,Completed
T0000822,R011,V0007,2025-01-07,08:00:00,Completed
T0000823,R011,V0037,2025-01-04,08:00:00,Completed
T0000824,R012,V0015,2025-01-06,08:00:00,Completed
T0000825,R011,V0007,2025-01-06,08:00:00,Completed
T0000826,R001,V0020,2025-01-03,08:00:00,Completed
T0000827,R010,V0032,2025-01-06,08:00:00,Completed
T0000828,R018,V0013,2025-01-05,08:00:00,Completed
T0000829,R006,V0038,2025-01-07,08:00:00,Completed
T0000830,R005,V0044,2025-01-01,08:00:00,Completed
T0000831,R012,V0004,2025-01-05,08:00:00,Completed
T0000832,R006,V0027,2025-01-04,08:00:00,Cancelled
T0000833,R007,V0019,2025-01-06,08:00:00,Completed
T0000834,R012,V0027,2025-01-02,08:00:00,Completed
T0000835,R001,V0015,2025-01-03,08:00:00,Completed
T0000836,R002,V0022,2025-01-07,08:00:00,Completed
T0000837,R004,V0018,2025-01-04,08:00:00,Completed
T0000838,R012,V0032,2025-01-07,08:00:00,Completed
T0000839,R015,V0033,2025-01-07,08:00:00,Completed
T0000840,R004,V0021,2025-01-05,08:00:00,Completed
T0000841,R015,V0039,2025-01-01,08:00:00,Completed
T0000842,R014,V0003,2025-01-02,08:00:00,Completed
T0000843,R009,V0035,2025-01-07,08:00:00,Completed
T0000844,R009,V0033,2025-01-07,08:00:00,Completed
T0000845,R019,V0012,2025-01-03,08:00:00,Completed
T0000846,R003,V0019,2025-01-04,08:00:00,Completed
T0000847,R016,V0004,2025-01-02,08:00:00,Completed
T0000848,R017,V0046,2025-01-07,08:00:00,Completed
T0000849,R007,V0021,2025-01-03,08:00:00,Completed
T0000850,R001,V0013,2025-01-04,08:00:00,Completed
T0000851,R006,V0040,2025-01-07,08:00:00,Completed
T0000852,R002,V0047,2025-01-07,08:00:00,Completed
T0000853,R018,V0026,2025-01-01,08:00:00,Completed
T0000854,R003,V0040,2025-01-06,08:00:00,Completed
T0000855,R009,V0048,2025-01-02,08:00:00,Completed
T0000856,R006,V0006,2025-01-06,08:00:00,Completed
T0000857,R002,V0047,2025-01-03,08:00:00,Completed
T0000858,R009,V0010,2025-01-04,08:00:00,Completed
T0000859,R001,V0026,2025-01-04,08:00:00,Completed
T0000860,R020,V0026,2025-01-02,08:00:00,Completed
T0000861,R001,V0025,2025-01-02,08:00:00,Completed
T0000862,R007,V0039,2025-01-05,08:00:00,Completed
T0000863,R001,V0010,2025-01-04,08:00:00,Completed
T0000864,R018,V0036,2025-01-05,08:00:00,Completed
T0000865,R007,V0006,2025-01-05,08:00:00,Completed
T0000866,R015,V0007,2025-01-06,08:00:00,Completed
T0000867,R010,V0045,2025-01-05,08:00:00,Completed
T0000868,R001,V0016,2025-01-06,08:00:00,Completed
T0000869,R003,V0016,2025-01-03,08:00:00,Completed
T0000870,R014,V0007,2025-01-01,08:00:00,Completed
T0000871,R005,V0007,2025-01-02,08:00:00,Completed
T0000872,R003,V0033,2025-01-01,08:00:00,Completed
T0000873,R003,V0012,2025-01-03,08:00:00,Completed
T0000874,R004,V0025,2025-01-03,08:00:00,Completed
T0000875,R017,V0049,2025-01-05,08:00:00,Completed
T0000876,R018,V0043,2025-01-04,08:00:00,Completed
T0000877,R004,V0028,2025-01-02,08:00:00,Completed
T0000878,R010,V0008,2025-01-05,08:00:00,Cancelled
T0000879,R010,V0047,2025-01-02,08:00:00,Completed
T0000880,R015,V0006,2025-01-03,08:00:00,Completed
T0000881,R010,V0002,2025-01-02,08:00:00,Completed
T0000882,R014,V0025,2025-01-06,08:00:00,Completed
T0000883,R019,V0029,2025-01-06,08:00:00,Completed
T0000884,R017,V0022,2025-01-05,08:00:00,Completed
T0000885,R020,V0047,2025-01-04,08:00:00,Completed
T0000886,R017,V0043,2025-01-02,08:00:00,Completed
T0000887,R004,V0049,2025-01-03,08:00:00,Completed
T0000888,R019,V0046,2025-01-04,08:00:00,Completed
T0000889,R006,V0032,2025-01-05,08:00:00,Completed
T0000890,R017,V0008,2025-01-06,08:00:00,Completed
T0000891,R015,V0025,2025-01-06,08:00:00,Completed
T0000892,R004,V0038,2025-01-06,08:00:00,Completed
T0000893,R003,V0037,2025-01-05,08:00:00,Completed
T0000894,R016,V0039,2025-01-05,08:00:00,Completed
T0000895,R014,V0038,2025-01-03,08:00:00,Completed
T0000896,R004,V0008,2025-01-07,08:00:00,Completed
T0000897,R007,V0041,2025-01-02,08:00:00,Completed
T0000898,R009,V0031,2025-01-04,08:00:00,Completed
T0000899,R010,V0048,2025-01-03,08:00:00,Completed
T0000900,R011,V0038,2025-01-04,08:00:00,Completed
T0000901,R003,V0023,2025-01-04,08:00:00,Completed
T0000902,R018,V0018,2025-01-01,08:00:00,Completed
T0000903,R017,V0037,2025-01-04,08:00:00,Completed
T0000904,R014,V0020,2025-01-04,08:00:00,Completed
T0000905,R014,V0048,2025-01-04,08:00:00,Completed
T0000906,R015,V0036,2025-01-07,08:00:00,Completed
T0000907,R015,V0027,2025-01-03,08:00:00,Completed
T0000908,R020,V0037,2025-01-07,08:00:00,Completed
T0000909,R016,V0033,2025-01-07,08:00:00,Completed
T0000910,R014,V0037,2025-01-04,08:00:00,Completed
T0000911,R020,V0045,2025-01-01,08:00:00,Completed
T0000912,R017,V0045,2025-01-04,08:00:00,Completed
T0000913,R019,V0015,2025-01-07,08:00:00,Cancelled
T0000914,R005,V0020,2025-01-06,08:00:00,Completed
T0000915,R003,V0037,2025-01-04,08:00:00,Completed
T0000916,R016,V0033,2025-01-05,08:00:00,Completed
T0000917,R001,V0048,2025-01-03,08:00:00,Completed
T0000918,R012,V0003,2025-01-05,08:00:00,Completed
T0000919,R008,V0024,2025-01-02,08:00:00,Completed
T0000920,R014,V0016,2025-01-05,08:00:00,Completed
T0000921,R013,V0036,2025-01-04,08:00:00,Completed
T0000922,R016,V0047,2025-01-05,08:00:00,Completed
T0000923,R018,V0042,2025-01-04,08:00:00,Completed
T0000924,R016,V0047,2025-01-05,08:00:00,Completed
T0000925,R019,V0031,2025-01-03,08:00:00,Completed
T0000926,R020,V0004,2025-01-02,08:00:00,Completed
T0000927,R004,V0031,2025-01-03,08:00:00,Completed
T0000928,R009,V0024,2025-01-02,08:00:00,Completed
T0000929,R006,V0003,2025-01-05,08:00:00,Completed
T0000930,R015,V0049,2025-01-07,08:00:00,Completed
T0000931,R003,V0033,2025-01-07,08:00:00,Completed
T0000932,R020,V0004,2025-01-02,08:00:00,Completed
T0000933,R003,V0026,2025-01-02,08:00:00,Completed
T0000934,R004,V0025,2025-01-03,08:00:00,Completed
T0000935,R012,V0044,2025-01-03,08:00:00,Completed
T0000936,R005,V0042,2025-01-04,08:00:00,Completed
T0000937,R012,V0016,2025-01-03,08:00:00,Completed
T0000938,R013,V0001,2025-01-05,08:00:00,Completed
T0000939,R018,V0032,2025-01-07,08:00:00,Completed
T0000940,R012,V0026,2025-01-01,08:00:00,Completed
T0000941,R017,V0032,2025-01-01,08:00:00,Completed
T0000942,R018,V0049,2025-01-05,08:00:00,Completed
T0000943,R018,V0003,2025-01-04,08:00:00,Completed
T0000944,R012,V0021,2025-01-03,08:00:00,Completed
T0000945,R016,V0025,2025-01-06,08:00:00,Completed
T0000946,R017,V0050,2025-01-04,08:00:00,Completed
T0000947,R014,V0006,2025-01-07,08:00:00,Completed
T0000948,R003,V0034,2025-01-07,08:00:00,Completed
T0000949,R003,V0042,2025-01-05,08:00:00,Completed
T0000950,R016,V0011,2025-01-03,08:00:00,Completed
T0000951,R005,V0049,2025-01-05,08:00:00,Completed
T0000952,R012,V0011,2025-01-04,08:00:00,Completed
T0000953,R005,V0012,2025-01-07,08:00:00,Completed
T0000954,R011,V0047,2025-01-03,08:00:00,Completed
T0000955,R007,V0005,2025-01-03,08:00:00,Completed
T0000956,R009,V0033,2025-01-04,08:00:00,Completed
T0000957,R019,V0006,2025-01-02,08:00:00,Completed
T0000958,R007,V0042,2025-01-02,08:00:00,Completed
T0000959,R020,V0002,2025-01-07,08:00:00,Completed
T0000960,R003,V0045,2025-01-07,08:00:00,Completed
T0000961,R013,V0007,2025-01-07,08:00:00,Completed
T0000962,R005,V0044,2025-01-02,08:00:00,Completed
T0000963,R001,V0041,2025-01-02,08:00:00,Completed
T0000964,R014,V0008,2025-01-06,08:00:00,Completed
T0000965,R019,V0009,2025-01-02,08:00:00,Completed
T0000966,R020,V0003,2025-01-05,08:00:00,Completed
T0000967,R011,V0039,2025-01-03,08:00:00,Completed
T0000968,R007,V0045,2025-01-01,08:00:00,Completed
T0000969,R001,V0004,2025-01-05,08:00:00,Completed
T0000970,R003,V0034,2025-01-02,08:00:00,Completed
T0000971,R003,V0045,2025-01-01,08:00:00,Completed
T0000972,R019,V0038,2025-01-02,08:00:00,Completed
T0000973,R010,V0039,2025-01-04,08:00:00,Completed
T0000974,R017,V0029,2025-01-04,08:00:00,Completed
T0000975,R005,V0032,2025-01-03,08:00:00,Completed
T0000976,R018,V0013,2025-01-04,08:00:00,Completed
T0000977,R009,V0023,2025-01-04,08:00:00,Completed
T0000978,R015,V0022,2025-01-04,08:00:00,Completed
T0000979,R016,V0048,2025-01-03,08:00:00,Completed
T0000980,R014,V0012,2025-01-06,08:00:00,Completed
T0000981,R005,V0035,2025-01-05,08:00:00,Completed
T0000982,R004,V0041,2025-01-03,08:00:00,Completed
T0000983,R012,V0030,2025-01-06,08:00:00,Completed
T0000984,R014,V0037,2025-01-01,08:00:00,Completed
T0000985,R012,V0021,2025-01-03,08:00:00,Completed
T0000986,R020,V0003,2025-01-04,08:00:00,Completed
T0000987,R014,V0021,2025-01-03,08:00:00,Completed
T0000988,R017,V0016,2025-01-07,08:00:00,Completed
T0000989,R008,V0037,2025-01-01,08:00:00,Completed
T0000990,R018,V0014,2025-01-01,08:00:00,Completed
T0000991,R014,V0020,2025-01-01,08:00:00,Completed
T0000992,R002,V0045,2025-01-05,08:00:00,Completed
T0000993,R005,V0025,2025-01-07,08:00:00,Completed
T0000994,R011,V0029,2025-01-01,08:00:00,Completed
T0000995,R001,V0004,2025-01-01,08:00:00,Completed
T0000996,R017,V0047,2025-01-05,08:00:00,Completed
T0000997,R018,V0021,2025-01-05,08:00:00,Completed
T0000998,R012,V0015,2025-01-01,08:00:00,Completed
T0000999,R008,V0017,2025-01-06,08:00:00,Completed
T0001000,R016,V0026,2025-01-05,08:00:00,Completed
T0001001,R018,V0027,2025-01-01,08:00:00,Completed
T0001002,R013,V0037,2025-01-04,08:00:00,Completed
T0001003,R004,V0002,2025-01-06,08:00:00,Completed
T0001004,R001,V0025,2025-01-04,08:00:00,Completed
T0001005,R010,V0001,2025-01-02,08:00:00,Completed
T0001006,R002,V0030,2025-01-01,08:00:00,Completed
T0001007,R014,V0033,2025-01-03,08:00:00,Completed
T0001008,R002,V0030,2025-01-04,08:00:00,Completed
T0001009,R001,V0016,2025-01-01,08:00:00,Completed
T0001010,R006,V0006,2025-01-02,08:00:00,Completed
T0001011,R012,V0034,2025-01-04,08:00:00,Completed
T0001012,R009,V0032,2025-01-02,08:00:00,Completed
T0001013,R016,V0044,2025-01-05,08:00:00,Completed
T0001014,R016,V0002,2025-01-02,08:00:00,Completed
T0001015,R004,V0005,2025-01-06,08:00:00,Completed
T0001016,R011,V0015,2025-01-07,08:00:00,Completed
T0001017,R005,V0045,2025-01-04,08:00:00,Completed
T0001018,R009,V0006,2025-01-03,08:00:00,Completed
T0001019,R015,V0021,2025-01-05,08:00:00,Completed
T0001020,R006,V0023,2025-01-06,08:00:00,Completed
T0001021,R009,V0019,2025-01-01,08:00:00,Completed
T0001022,R003,V0040,2025-01-07,08:00:00,Completed
T0001023,R006,V0034,2025-01-02,08:00:00,Completed
T0001024,R005,V0009,2025-01-05,08:00:00,Completed
T0001025,R002,V0050,2025-01-07,08:00:00,Completed
T0001026,R003,V0049,2025-01-02,08:00:00,Completed
T0001027,R016,V0035,2025-01-03,08:00:00,Completed
T0001028,R003,V0045,2025-01-05,08:00:00,Completed
T0001029,R018,V0030,2025-01-06,08:00:00,Completed
T0001030,R011,V0020,2025-01-02,08:00:00,Completed
T0001031,R008,V0041,2025-01-07,08:00:00,Completed
T0001032,R014,V0004,2025-01-06,08:00:00,Completed
T0001033,R017,V0016,2025-01-05,08:00:00,Completed
T0001034,R008,V0041,2025-01-06,08:00:00,Completed
T0001035,R008,V0044,2025-01-04,08:00:00,Completed
T0001036,R004,V0034,2025-01-02,08:00:00,Completed
T0001037,R005,V0031,2025-01-02,08:00:00,Completed
T0001038,R006,V0038,2025-01-04,08:00:00,Completed
T0001039,R005,V0032,2025-01-07,08:00:00,Completed
T0001040,R010,V0037,2025-01-04,08:00:00,Completed
T0001041,R020,V0033,2025-01-03,08:00:00,Completed
T0001042,R003,V0009,2025-01-07,08:00:00,Completed
T0001043,R005,V0024,2025-01-03,08:00:00,Completed
T0001044,R007,V0045,2025-01-02,08:00:00,Completed
T0001045,R008,V0033,2025-01-01,08:00:00,Completed
T0001046,R015,V0039,2025-01-04,08:00:00,Completed
T0001047,R008,V0026,2025-01-07,08:00:00,Completed
T0001048,R012,V0009,2025-01-06,08:00:00,Completed
T0001049,R008,V0042,2025-01-01,08:00:00,Completed
T0001050,R009,V0045,2025-01-02,08:00:00,Completed
T0001051,R002,V0048,2025-01-05,08:00:00,Completed
T0001052,R005,V0043,2025-01-03,08:00:00,Completed
T0001053,R005,V0046,2025-01-05,08:00:00,Completed
T0001054,R006,V0010,2025-01-04,08:00:00,Completed
T0001055,R009,V0048,2025-01-04,08:00:00,Completed
T0001056,R009,V0009,2025-01-05,08:00:00,Completed
T0001057,R001,V0045,2025-01-03,08:00:00,Completed
T0001058,R019,V0034,2025-01-06,08:00:00,Completed
T0001059,R003,V0010,2025-01-04,08:00:00,Completed
T0001060,R003,V0038,2025-01-05,08:00:00,Completed
T0001061,R015,V0027,2025-01-07,08:00:00,Completed
T0001062,R007,V0033,2025-01-05,08:00:00,Completed
T0001063,R010,V0033,2025-01-03,08:00:00,Completed
T0001064,R008,V0043,2025-01-01,08:00:00,Completed
T0001065,R015,V0026,2025-01-01,08:00:00,Completed
T0001066,R011,V0033,2025-01-07,08:00:00,Completed
T0001067,R009,V0029,2025-01-06,08:00:00,Completed
T0001068,R019,V0010,2025-01-01,08:00:00,Cancelled
T0001069,R011,V0050,2025-01-03,08:00:00,Completed
T0001070,R011,V0019,2025-01-02,08:00:00,Completed
T0001071,R015,V0011,2025-01-07,08:00:00,Completed
T0001072,R017,V0030,2025-01-06,08:00:00,Completed
T0001073,R005,V0038,2025-01-02,08:00:00,Completed
T0001074,R015,V0034,2025-01-07,08:00:00,Completed
T0001075,R010,V0030,2025-01-05,08:00:00,Completed
T0001076,R013,V0022,2025-01-04,08:00:00,Completed
T0001077,R013,V0039,2025-01-01,08:00:00,Completed
T0001078,R020,V0024,2025-01-07,08:00:00,Completed
T0001079,R002,V0010,2025-01-07,08:00:00,Completed
T0001080,R019,V0032,2025-01-07,08:00:00,Completed
T0001081,R010,V0022,2025-01-03,08:00:00,Completed
T0001082,R011,V0025,2025-01-06,08:00:00,Completed
T0001083,R011,V0004,2025-01-04,08:00:00,Completed
T0001084,R018,V0025,2025-01-01,08:00:00,Completed
T0001085,R011,V0019,2025-01-05,08:00:00,Completed
T0001086,R012,V0020,2025-01-01,08:00:00,Completed
T0001087,R005,V0029,2025-01-07,08:00:00,Completed
T0001088,R003,V0039,2025-01-04,08:00:00,Completed
T0001089,R012,V0043,2025-01-06,08:00:00,Completed
T0001090,R005,V0040,2025-01-02,08:00:00,Completed
T0001091,R015,V0050,2025-01-03,08:00:00,Completed
T0001092,R015,V0038,2025-01-06,08:00:00,Completed
T0001093,R011,V0043,2025-01-03,08:00:00,Completed
T0001094,R018,V0031,2025-01-01,08:00:00,Completed
T0001095,R001,V0010,2025-01-07,08:00:00,Completed
T0001096,R014,V0033,2025-01-06,08:00:00,Completed
T0001097,R003,V0009,2025-01-04,08:00:00,Completed
T0001098,R001,V0033,2025-01-05,08:00:00,Completed
T0001099,R015,V0022,2025-01-07,08:00:00,Completed
T0001100,R014,V0014,2025-01-01,08:00:00,Completed
T0001101,R015,V0023,2025-01-03,08:00:00,Completed
T0001102,R006,V0009,2025-01-05,08:00:00,Completed
T0001103,R004,V0047,2025-01-04,08:00:00,Completed
T0001104,R014,V0024,2025-01-04,08:00:00,Completed
T0001105,R014,V0025,2025-01-01,08:00:00,Completed
T0001106,R018,V0017,2025-01-06,08:00:00,Completed
T0001107,R018,V0002,2025-01-04,08:00:00,Completed
T0001108,R012,V0021,2025-01-07,08:00:00,Completed
T0001109,R005,V0033,2025-01-02,08:00:00,Completed
T0001110,R004,V0023,2025-01-01,08:00:00,Completed
T0001111,R001,V0022,2025-01-04,08:00:00,Completed
T0001112,R001,V0037,2025-01-01,08:00:00,Completed
T0001113,R014,V0048,2025-01-06,08:00:00,Completed
T0001114,R011,V0019,2025-01-05,08:00:00,Completed
T0001115,R020,V0047,2025-01-03,08:00:00,Completed
T0001116,R002,V0010,2025-01-01,08:00:00,Completed
T0001117,R017,V0034,2025-01-02,08:00:00,Completed
T0001118,R005,V0029,2025-01-01,08:00:00,Completed
T0001119,R019,V0027,2025-01-03,08:00:00,Completed
T0001120,R001,V0006,2025-01-06,08:00:00,Completed
T0001121,R017,V0049,2025-01-02,08:00:00,Completed
T0001122,R018,V0037,2025-01-03,08:00:00,Completed
T0001123,R007,V0007,2025-01-02,08:00:00,Completed
T0001124,R014,V0001,2025-01-04,08:00:00,Completed
T0001125,R019,V0025,2025-01-03,08:00:00,Completed
T0001126,R005,V0020,2025-01-01,08:00:00,Completed
T0001127,R001,V0041,2025-01-07,08:00:00,Completed
T0001128,R016,V0029,2025-01-05,08:00:00,Completed
T0001129,R006,V0045,2025-01-07,08:00:00,Completed
T0001130,R014,V0002,2025-01-03,08:00:00,Completed
T0001131,R010,V0049,2025-01-02,08:00:00,Completed
T0001132,R013,V0042,2025-01-06,08:00:00,Completed
T0001133,R018,V0036,2025-01-04,08:00:00,Completed
T0001134,R016,V0024,2025-01-03,08:00:00,Completed
T0001135,R006,V0047,2025-01-07,08:00:00,Completed
T0001136,R002,V0006,2025-01-04,08:00:00,Completed
T0001137,R008,V0022,2025-01-07,08:00:00,Completed
T0001138,R005,V0025,2025-01-04,08:00:00,Completed
T0001139,R011,V0003,2025-01-01,08:00:00,Completed
T0001140,R005,V0046,2025-01-04,08:00:00,Completed
T0001141,R007,V0040,2025-01-05,08:00:00,Completed
T0001142,R016,V0040,2025-01-02,08:00:00,Completed
T0001143,R019,V0049,2025-01-03,08:00:00,Completed
T0001144,R009,V0043,2025-01-05,08:00:00,Completed
T0001145,R013,V0022,2025-01-01,08:00:00,Completed
T0001146,R017,V0039,2025-01-01,08:00:00,Completed
T0001147,R012,V0038,2025-01-02,08:00:00,Completed
T0001148,R001,V0039,2025-01-04,08:00:00,Completed
T0001149,R009,V0035,2025-01-07,08:00:00,Completed
T0001150,R013,V0039,2025-01-05,08:00:00,Completed
T0001151,R004,V0042,2025-01-06,08:00:00,Completed
T0001152,R013,V0014,2025-01-02,08:00:00,Completed
T0001153,R010,V0026,2025-01-06,08:00:00,Completed
T0001154,R008,V0041,2025-01-01,08:00:00,Completed
T0001155,R015,V0026,2025-01-02,08:00:00,Completed
T0001156,R005,V0048,2025-01-07,08:00:00,Completed
T0001157,R003,V0007,2025-01-06,08:00:00,Completed
T0001158,R014,V0014,2025-01-05,08:00:00,Completed
T0001159,R004,V0023,2025-01-07,08:00:00,Completed
T0001160,R010,V0039,2025-01-05,08:00:00,Completed
T0001161,R018,V0049,2025-01-07,08:00:00,Completed
T0001162,R002,V0025,2025-01-05,08:00:00,Completed
T0001163,R002,V0021,2025-01-05,08:00:00,Completed
T0001164,R009,V0002,2025-01-05,08:00:00,Completed
T0001165,R008,V0033,2025-01-07,08:00:00,Completed
T0001166,R006,V0023,2025-01-03,08:00:00,Completed
T0001167,R018,V0019,2025-01-04,08:00:00,Completed
T0001168,R010,V0047,2025-01-04,08:00:00,Completed
T0001169,R013,V0020,2025-01-05,08:00:00,Completed
T0001170,R010,V0026,2025-01-01,08:00:00,Completed
T0001171,R014,V0011,2025-01-02,08:00:00,Completed
T0001172,R013,V0009,2025-01-04,08:00:00,Completed
T0001173,R018,V0022,2025-01-06,08:00:00,Completed
T0001174,R018,V0038,2025-01-03,08:00:00,Completed
T0001175,R011,V0011,2025-01-02,08:00:00,Completed
T0001176,R001,V0013,2025-01-06,08:00:00,Completed
T0001177,R003,V0026,2025-01-03,08:00:00,Completed
T0001178,R006,V0041,2025-01-03,08:00:00,Completed
T0001179,R003,V0046,2025-01-04,08:00:00,Completed
T0001180,R016,V0049,2025-01-04,08:00:00,Completed
T0001181,R014,V0050,2025-01-04,08:00:00,Completed
T0001182,R002,V0027,2025-01-07,08:00:00,Completed
T0001183,R010,V0001,2025-01-01,08:00:00,Completed
T0001184,R002,V0049,2025-01-07,08:00:00,Completed
T0001185,R005,V0048,2025-01-02,08:00:00,Completed
T0001186,R006,V0015,2025-01-04,08:00:00,Completed
T0001187,R016,V0042,2025-01-04,08:00:00,Completed
T0001188,R010,V0003,2025-01-05,08:00:00,Completed
T0001189,R016,V0031,2025-01-06,08:00:00,Completed
T0001190,R007,V0034,2025-01-05,08:00:00,Completed
T0001191,R002,V0005,2025-01-05,08:00:00,Completed
T0001192,R012,V0035,2025-01-05,08:00:00,Completed
T0001193,R017,V0036,2025-01-01,08:00:00,Completed
T0001194,R009,V0008,2025-01-07,08:00:00,Completed
T0001195,R004,V0013,2025-01-03,08:00:00,Completed
T0001196,R015,V0042,2025-01-04,08:00:00,Completed
T0001197,R020,V0021,2025-01-03,08:00:00,Completed
T0001198,R013,V0029,2025-01-07,08:00:00,Completed
T0001199,R017,V0020,2025-01-02,08:00:00,Completed
T0001200,R017,V0035,2025-01-05,08:00:00,Completed
T0001201,R015,V0045,2025-01-05,08:00:00,Completed
T0001202,R017,V0039,2025-01-03,08:00:00,Completed
T0001203,R011,V0041,2025-01-07,08:00:00,Completed
T0001204,R016,V0044,2025-01-03,08:00:00,Completed
T0001205,R008,V0015,2025-01-07,08:00:00,Completed
T0001206,R004,V0025,2025-01-04,08:00:00,Completed
T0001207,R008,V0025,2025-01-07,08:00:00,Completed
T0001208,R019,V0002,2025-01-03,08:00:00,Completed
T0001209,R015,V0049,2025-01-01,08:00:00,Completed
T0001210,R014,V0025,2025-01-02,08:00:00,Completed
T0001211,R014,V0021,2025-01-05,08:00:00,Completed
T0001212,R003,V0032,2025-01-06,08:00:00,Completed
T0001213,R010,V0050,2025-01-05,08:00:00,Completed
T0001214,R016,V0007,2025-01-01,08:00:00,Cancelled
T0001215,R015,V0035,2025-01-05,08:00:00,Completed
T0001216,R010,V0012,2025-01-05,08:00:00,Completed
T0001217,R019,V0043,2025-01-06,08:00:00,Completed
T0001218,R003,V0036,2025-01-04,08:00:00,Completed
T0001219,R007,V0034,2025-01-03,08:00:00,Completed
T0001220,R019,V0015,2025-01-04,08:00:00,Completed
T0001221,R010,V0014,2025-01-06,08:00:00,Completed
T0001222,R002,V0001,2025-01-03,08:00:00,Completed
T0001223,R001,V0005,2025-01-02,08:00:00,Completed
T0001224,R003,V0023,2025-01-04,08:00:00,Cancelled
T0001225,R016,V0045,2025-01-04,08:00:00,Completed
T0001226,R019,V0005,2025-01-04,08:00:00,Completed
T0001227,R003,V0019,2025-01-03,08:00:00,Completed
T0001228,R020,V0038,2025-01-06,08:00:00,Completed
T0001229,R007,V0012,2025-01-04,08:00:00,Completed
T0001230,R002,V0035,2025-01-03,08:00:00,Completed
T0001231,R006,V0050,2025-01-02,08:00:00,Completed
T0001232,R019,V0043,2025-01-04,08:00:00,Completed
T0001233,R002,V0038,2025-01-01,08:00:00,Completed
T0001234,R019,V0035,2025-01-04,08:00:00,Completed
T0001235,R014,V0002,2025-01-03,08:00:00,Completed
T0001236,R017,V0047,2025-01-03,08:00:00,Completed
T0001237,R010,V0009,2025-01-03,08:00:00,Completed
T0001238,R003,V0014,2025-01-07,08:00:00,Completed
T0001239,R003,V0041,2025-01-07,08:00:00,Completed
T0001240,R006,V0015,2025-01-05,08:00:00,Completed
T0001241,R005,V0048,2025-01-01,08:00:00,Completed
T0001242,R015,V0030,2025-01-07,08:00:00,Completed
T0001243,R012,V0023,2025-01-07,08:00:00,Completed
T0001244,R007,V0035,2025-01-03,08:00:00,Completed
T0001245,R008,V0013,2025-01-05,08:00:00,Completed
T0001246,R001,V0038,2025-01-01,08:00:00,Completed
T0001247,R004,V0027,2025-01-03,08:00:00,Completed
T0001248,R002,V0027,2025-01-06,08:00:00,Completed
T0001249,R015,V0050,2025-01-06,08:00:00,Completed
T0001250,R005,V0014,2025-01-06,08:00:00,Completed
T0001251,R019,V0033,2025-01-05,08:00:00,Completed
T0001252,R012,V0039,2025-01-06,08:00:00,Completed
T0001253,R009,V0038,2025-01-05,08:00:00,Completed
T0001254,R005,V0022,2025-01-05,08:00:00,Completed
T0001255,R007,V0007,2025-01-01,08:00:00,Completed
T0001256,R017,V0033,2025-01-05,08:00:00,Completed
T0001257,R014,V0004,2025-01-06,08:00:00,Completed
T0001258,R008,V0021,2025-01-02,08:00:00,Completed
T0001259,R007,V0036,2025-01-06,08:00:00,Completed
T0001260,R018,V0001,2025-01-03,08:00:00,Completed
T0001261,R009,V0032,2025-01-04,08:00:00,Completed
T0001262,R011,V0025,2025-01-05,08:00:00,Completed
T0001263,R006,V0025,2025-01-05,08:00:00,Completed
T0001264,R006,V0029,2025-01-06,08:00:00,Completed
T0001265,R017,V0025,2025-01-01,08:00:00,Completed
T0001266,R004,V0017,2025-01-04,08:00:00,Completed
T0001267,R006,V0005,2025-01-03,08:00:00,Completed
T0001268,R001,V0049,2025-01-07,08:00:00,Completed
T0001269,R010,V0021,2025-01-07,08:00:00,Completed
T0001270,R006,V0006,2025-01-07,08:00:00,Completed
T0001271,R015,V0046,2025-01-01,08:00:00,Completed
T0001272,R008,V0009,2025-01-07,08:00:00,Completed
T0001273,R001,V0004,2025-01-03,08:00:00,Completed
T0001274,R020,V0040,2025-01-04,08:00:00,Completed
T0001275,R005,V0007,2025-01-02,08:00:00,Completed
T0001276,R006,V0015,2025-01-03,08:00:00,Completed
T0001277,R003,V0037,2025-01-03,08:00:00,Completed
T0001278,R012,V0029,2025-01-04,08:00:00,Completed
T0001279,R012,V0046,2025-01-03,08:00:00,Completed
T0001280,R002,V0043,2025-01-02,08:00:00,Completed
T0001281,R020,V0049,2025-01-03,08:00:00,Completed
T0001282,R005,V0035,2025-01-06,08:00:00,Completed
T0001283,R019,V0045,2025-01-05,08:00:00,Completed
T0001284,R014,V0022,2025-01-07,08:00:00,Cancelled
T0001285,R015,V0043,2025-01-03,08:00:00,Completed
T0001286,R012,V0042,2025-01-03,08:00:00,Completed
T0001287,R015,V0046,2025-01-07,08:00:00,Completed
T0001288,R019,V0037,2025-01-04,08:00:00,Completed
T0001289,R004,V0015,2025-01-06,08:00:00,Completed
T0001290,R014,V0015,2025-01-03,08:00:00,Completed
T0001291,R001,V0020,2025-01-06,08:00:00,Completed
T0001292,R003,V0005,2025-01-07,08:00:00,Completed
T0001293,R018,V0026,2025-01-06,08:00:00,Completed
T0001294,R010,V0039,2025-01-07,08:00:00,Completed
T0001295,R005,V0033,2025-01-04,08:00:00,Completed
T0001296,R013,V0017,2025-01-03,08:00:00,Completed
T0001297,R020,V0027,2025-01-04,08:00:00,Completed
T0001298,R006,V0049,2025-01-01,08:00:00,Completed
T0001299,R006,V0041,2025-01-07,08:00:00,Completed
T0001300,R020,V0050,2025-01-07,08:00:00,Completed
T0001301,R013,V0037,2025-01-07,08:00:00,Completed
T0001302,R019,V0020,2025-01-03,08:00:00,Completed
T0001303,R002,V0044,2025-01-07,08:00:00,Completed
T0001304,R002,V0006,2025-01-05,08:00:00,Cancelled
T0001305,R010,V0020,2025-01-01,08:00:00,Completed
T0001306,R018,V0002,2025-01-07,08:00:00,Completed
T0001307,R012,V0012,2025-01-07,08:00:00,Completed
T0001308,R002,V0027,2025-01-02,08:00:00,Completed
T0001309,R007,V0048,2025-01-01,08:00:00,Completed
T0001310,R008,V0028,2025-01-05,08:00:00,Completed
T0001311,R019,V0036,2025-01-03,08:00:00,Completed
T0001312,R011,V0002,2025-01-07,08:00:00,Completed
T0001313,R008,V0009,2025-01-01,08:00:00,Completed
T0001314,R010,V0011,2025-01-02,08:00:00,Completed
T0001315,R002,V0039,2025-01-01,08:00:00,Completed
T0001316,R007,V0008,2025-01-01,08:00:00,Completed
T0001317,R017,V0047,2025-01-07,08:00:00,Completed
T0001318,R015,V0047,2025-01-02,08:00:00,Completed
T0001319,R015,V0014,2025-01-04,08:00:00,Completed
T0001320,R003,V0033,2025-01-07,08:00:00,Completed
T0001321,R012,V0026,2025-01-03,08:00:00,Completed
T0001322,R019,V0007,2025-01-03,08:00:00,Completed
T0001323,R020,V0046,2025-01-07,08:00:00,Completed
T0001324,R008,V0014,2025-01-05,08:00:00,Completed
T0001325,R006,V0026,2025-01-04,08:00:00,Completed
T0001326,R014,V0024,2025-01-02,08:00:00,Completed
T0001327,R015,V0046,2025-01-04,08:00:00,Completed
T0001328,R005,V0017,2025-01-06,08:00:00,Completed
T0001329,R020,V0027,2025-01-06,08:00:00,Completed
T0001330,R011,V0003,2025-01-05,08:00:00,Completed
T0001331,R020,V0011,2025-01-06,08:00:00,Completed
T0001332,R012,V0036,2025-01-03,08:00:00,Completed
T0001333,R017,V0032,2025-01-01,08:00:00,Completed
T0001334,R004,V0044,2025-01-06,08:00:00,Completed
T0001335,R001,V0030,2025-01-03,08:00:00,Completed
T0001336,R016,V0030,2025-01-05,08:00:00,Completed
T0001337,R011,V0048,2025-01-01,08:00:00,Completed
T0001338,R013,V0020,2025-01-04,08:00:00,Completed
T0001339,R019,V0011,2025-01-06,08:00:00,Completed
T0001340,R012,V0026,2025-01-05,08:00:00,Completed
T0001341,R004,V0046,2025-01-01,08:00:00,Completed
T0001342,R020,V0025,2025-01-03,08:00:00,Completed
T0001343,R015,V0047,2025-01-01,08:00:00,Completed
T0001344,R020,V0012,2025-01-07,08:00:00,Completed
T0001345,R006,V0019,2025-01-04,08:00:00,Completed
T0001346,R002,V0015,2025-01-03,08:00:00,Completed
T0001347,R007,V0008,2025-01-04,08:00:00,Completed
T0001348,R005,V0004,2025-01-06,08:00:00,Completed
T0001349,R019,V0023,2025-01-02,08:00:00,Completed
T0001350,R007,V0043,2025-01-03,08:00:00,Completed
T0001351,R018,V0035,2025-01-05,08:00:00,Completed
T0001352,R018,V0028,2025-01-01,08:00:00,Completed
T0001353,R003,V0034,2025-01-04,08:00:00,Completed
T0001354,R008,V0017,2025-01-06,08:00:00,Completed
T0001355,R001,V0002,2025-01-03,08:00:00,Completed
T0001356,R017,V0050,2025-01-04,08:00:00,Completed
T0001357,R009,V0029,2025-01-01,08:00:00,Completed
T0001358,R015,V0041,2025-01-03,08:00:00,Completed
T0001359,R010,V0004,2025-01-05,08:00:00,Completed
T0001360,R004,V0017,2025-01-07,08:00:00,Completed
T0001361,R015,V0034,2025-01-07,08:00:00,Completed
T0001362,R008,V0022,2025-01-03,08:00:00,Completed
T0001363,R016,V0036,2025-01-02,08:00:00,Completed
T0001364,R001,V0041,2025-01-05,08:00:00,Completed
T0001365,R017,V0010,2025-01-02,08:00:00,Completed
T0001366,R007,V0017,2025-01-04,08:00:00,Completed
T0001367,R009,V0047,2025-01-04,08:00:00,Completed
T0001368,R003,V0007,2025-01-01,08:00:00,Completed
T0001369,R019,V0023,2025-01-04,08:00:00,Completed
T0001370,R012,V0036,2025-01-06,08:00:00,Completed
T0001371,R008,V0049,2025-01-07,08:00:00,Completed
T0001372,R005,V0044,2025-01-04,08:00:00,Completed
T0001373,R004,V0048,2025-01-02,08:00:00,Completed
T0001374,R014,V0011,2025-01-03,08:00:00,Completed
T0001375,R020,V0041,2025-01-05,08:00:00,Completed
T0001376,R018,V0012,2025-01-07,08:00:00,Completed
T0001377,R001,V0021,2025-01-03,08:00:00,Completed
T0001378,R016,V0047,2025-01-05,08:00:00,Completed
T0001379,R019,V0025,2025-01-01,08:00:00,Completed
T0001380,R007,V0046,2025-01-03,08:00:00,Completed
T0001381,R004,V0018,2025-01-06,08:00:00,Completed
T0001382,R016,V0034,2025-01-05,08:00:00,Completed
T0001383,R001,V0042,2025-01-05,08:00:00,Completed
T0001384,R008,V0014,2025-01-02,08:00:00,Completed
T0001385,R011,V0034,2025-01-05,08:00:00,Completed
T0001386,R003,V0003,2025-01-07,08:00:00,Completed
T0001387,R009,V0026,2025-01-04,08:00:00,Completed
T0001388,R018,V0047,2025-01-03,08:00:00,Completed
T0001389,R020,V0005,2025-01-07,08:00:00,Completed
T0001390,R003,V0003,2025-01-05,08:00:00,Completed
T0001391,R011,V0017,2025-01-07,08:00:00,Completed
T0001392,R015,V0044,2025-01-01,08:00:00,Completed
T0001393,R020,V0008,2025-01-05,08:00:00,Completed
T0001394,R008,V0010,2025-01-02,08:00:00,Completed
T0001395,R015,V0029,2025-01-05,08:00:00,Completed
T0001396,R015,V0002,2025-01-06,08:00:00,Completed
T0001397,R008,V0008,2025-01-07,08:00:00,Completed
T0001398,R019,V0035,2025-01-05,08:00:00,Completed
T0001399,R006,V0001,2025-01-03,08:00:00,Completed
T0001400,R014,V0003,2025-01-04,08:00:00,Completed
T0001401,R005,V0002,2025-01-02,08:00:00,Completed
T0001402,R011,V0023,2025-01-07,08:00:00,Completed
T0001403,R002,V0040,2025-01-07,08:00:00,Completed
T0001404,R008,V0034,2025-01-03,08:00:00,Completed
T0001405,R006,V0025,2025-01-07,08:00:00,Completed
T0001406,R014,V0039,2025-01-03,08:00:00,Completed
T0001407,R012,V0030,2025-01-04,08:00:00,Completed
T0001408,R020,V0005,2025-01-04,08:00:00,Completed
T0001409,R018,V0019,2025-01-06,08:00:00,Completed
T0001410,R009,V0018,2025-01-07,08:00:00,Completed
T0001411,R008,V0040,2025-01-05,08:00:00,Completed
T0001412,R007,V0035,2025-01-04,08:00:00,Completed
T0001413,R008,V0010,2025-01-05,08:00:00,Completed
T0001414,R005,V0012,2025-01-04,08:00:00,Completed
T0001415,R017,V0047,2025-01-03,08:00:00,Completed
T0001416,R008,V0025,2025-01-05,08:00:00,Completed
T0001417,R005,V0039,2025-01-04,08:00:00,Completed
T0001418,R020,V0017,2025-01-04,08:00:00,Completed
T0001419,R009,V0032,2025-01-07,08:00:00,Completed
T0001420,R015,V0034,2025-01-01,08:00:00,Completed
T0001421,R016,V0023,2025-01-02,08:00:00,Completed
T0001422,R020,V0001,2025-01-07,08:00:00,Completed
T0001423,R017,V0001,2025-01-01,08:00:00,Completed
T0001424,R008,V0001,2025-01-07,08:00:00,Completed
T0001425,R017,V0048,2025-01-06,08:00:00,Cancelled
T0001426,R019,V0039,2025-01-02,08:00:00,Completed
T0001427,R002,V0028,2025-01-04,08:00:00,Completed
T0001428,R018,V0018,2025-01-06,08:00:00,Completed
T0001429,R013,V0007,2025-01-05,08:00:00,Completed
T0001430,R011,V0046,2025-01-06,08:00:00,Completed
T0001431,R014,V0011,2025-01-01,08:00:00,Completed
T0001432,R016,V0030,2025-01-06,08:00:00,Completed
T0001433,R012,V0049,2025-01-06,08:00:00,Completed
T0001434,R018,V0045,2025-01-07,08:00:00,Completed
T0001435,R017,V0006,2025-01-06,08:00:00,Completed
T0001436,R010,V0034,2025-01-02,08:00:00,Completed
T0001437,R009,V0024,2025-01-01,08:00:00,Completed
T0001438,R014,V0049,2025-01-07,08:00:00,Completed
T0001439,R010,V0045,2025-01-01,08:00:00,Completed
T0001440,R015,V0001,2025-01-03,08:00:00,Completed
T0001441,R017,V0018,2025-01-02,08:00:00,Completed
T0001442,R009,V0013,2025-01-03,08:00:00,Completed
T0001443,R003,V0004,2025-01-07,08:00:00,Completed
T0001444,R012,V0038,2025-01-02,08:00:00,Completed
T0001445,R015,V0003,2025-01-03,08:00:00,Completed
T0001446,R020,V0037,2025-01-06,08:00:00,Completed
T0001447,R020,V0039,2025-01-04,08:00:00,Completed
T0001448,R001,V0004,2025-01-02,08:00:00,Completed
T0001449,R004,V0039,2025-01-03,08:00:00,Completed
T0001450,R007,V0026,2025-01-01,08:00:00,Completed
T0001451,R009,V0009,2025-01-03,08:00:00,Completed
T0001452,R005,V0011,2025-01-02,08:00:00,Completed
T0001453,R001,V0040,2025-01-06,08:00:00,Completed
T0001454,R020,V0016,2025-01-07,08:00:00,Completed
T0001455,R008,V0035,2025-01-03,08:00:00,Completed
T0001456,R016,V0028,2025-01-06,08:00:00,Completed
T0001457,R012,V0050,2025-01-05,08:00:00,Completed
T0001458,R015,V0012,2025-01-04,08:00:00,Completed
T0001459,R007,V0041,2025-01-04,08:00:00,Completed
T0001460,R006,V0047,2025-01-02,08:00:00,Completed
T0001461,R013,V0012,2025-01-04,08:00:00,Completed
T0001462,R020,V0039,2025-01-05,08:00:00,Completed
T0001463,R012,V0024,2025-01-07,08:00:00,Completed
T0001464,R006,V0041,2025-01-03,08:00:00,Completed
T0001465,R015,V0015,2025-01-05,08:00:00,Completed
T0001466,R009,V0022,2025-01-05,08:00:00,Completed
T0001467,R003,V0039,2025-01-05,08:00:00,Completed
T0001468,R001,V0034,2025-01-04,08:00:00,Completed
T0001469,R011,V0015,2025-01-05,08:00:00,Completed
T0001470,R006,V0040,2025-01-04,08:00:00,Completed
T0001471,R013,V0049,2025-01-01,08:00:00,Completed
T0001472,R014,V0030,2025-01-01,08:00:00,Completed
T0001473,R011,V0017,2025-01-03,08:00:00,Completed
T0001474,R005,V0009,2025-01-03,08:00:00,Completed
T0001475,R015,V0029,2025-01-07,08:00:00,Completed
T0001476,R019,V0046,2025-01-05,08:00:00,Completed
T0001477,R016,V0010,2025-01-06,08:00:00,Completed
T0001478,R014,V0038,2025-01-02,08:00:00,Completed
T0001479,R001,V0031,2025-01-02,08:00:00,Completed
T0001480,R006,V0030,2025-01-05,08:00:00,Completed
T0001481,R019,V0016,2025-01-03,08:00:00,Completed
T0001482,R011,V0021,2025-01-03,08:00:00,Completed
T0001483,R004,V0022,2025-01-04,08:00:00,Completed
T0001484,R006,V0019,2025-01-06,08:00:00,Completed
T0001485,R017,V0021,2025-01-05,08:00:00,Completed
T0001486,R008,V0024,2025-01-02,08:00:00,Completed
T0001487,R010,V0005,2025-01-07,08:00:00,Completed
T0001488,R017,V0010,2025-01-02,08:00:00,Completed
T0001489,R017,V0045,2025-01-03,08:00:00,Completed
T0001490,R019,V0031,2025-01-05,08:00:00,Completed
T0001491,R009,V0006,2025-01-05,08:00:00,Completed
T0001492,R004,V0008,2025-01-06,08:00:00,Completed
T0001493,R003,V0035,2025-01-03,08:00:00,Completed
T0001494,R012,V0043,2025-01-03,08:00:00,Completed
T0001495,R002,V0048,2025-01-04,08:00:00,Completed
T0001496,R008,V0026,2025-01-06,08:00:00,Completed
T0001497,R014,V0029,2025-01-04,08:00:00,Completed
T0001498,R005,V0011,2025-01-02,08:00:00,Completed
T0001499,R018,V0040,2025-01-07,08:00:00,Completed
T0001500,R011,V0019,2025-01-06,08:00:00,Completed
T0001501,R001,V0013,2025-01-06,08:00:00,Completed
T0001502,R016,V0001,2025-01-05,08:00:00,Completed
T0001503,R014,V0022,2025-01-05,08:00:00,Completed
T0001504,R005,V0046,2025-01-03,08:00:00,Completed
T0001505,R010,V0017,2025-01-05,08:00:00,Completed
T0001506,R002,V0044,2025-01-05,08:00:00,Completed
T0001507,R002,V0022,2025-01-02,08:00:00,Completed
T0001508,R007,V0045,2025-01-04,08:00:00,Completed
T0001509,R003,V0041,2025-01-07,08:00:00,Completed
T0001510,R004,V0015,2025-01-07,08:00:00,Completed
T0001511,R014,V0023,2025-01-05,08:00:00,Completed
T0001512,R012,V0040,2025-01-02,08:00:00,Completed
T0001513,R008,V0050,2025-01-02,08:00:00,Completed
T0001514,R008,V0034,2025-01-03,08:00:00,Completed
T0001515,R016,V0018,2025-01-05,08:00:00,Completed
T0001516,R018,V0002,2025-01-07,08:00:00,Completed
T0001517,R002,V0005,2025-01-02,08:00:00,Completed
T0001518,R013,V0020,2025-01-04,08:00:00,Completed
T0001519,R004,V0049,2025-01-03,08:00:00,Completed
T0001520,R001,V0031,2025-01-06,08:00:00,Completed
T0001521,R016,V0025,2025-01-07,08:00:00,Completed
T0001522,R010,V0024,2025-01-03,08:00:00,Completed
T0001523,R020,V0009,2025-01-04,08:00:00,Completed
T0001524,R014,V0021,2025-01-03,08:00:00,Completed
T0001525,R010,V0017,2025-01-01,08:00:00,Completed
T0001526,R008,V0030,2025-01-02,08:00:00,Completed
T0001527,R001,V0006,2025-01-02,08:00:00,Completed
T0001528,R013,V0043,2025-01-02,08:00:00,Completed
T0001529,R014,V0050,2025-01-03,08:00:00,Completed
T0001530,R005,V0037,2025-01-07,08:00:00,Completed
T0001531,R019,V0039,2025-01-05,08:00:00,Completed
T0001532,R011,V0001,2025-01-04,08:00:00,Completed
T0001533,R010,V0048,2025-01-01,08:00:00,Completed
T0001534,R010,V0009,2025-01-04,08:00:00,Completed
T0001535,R019,V0020,2025-01-07,08:00:00,Completed
T0001536,R005,V0032,2025-01-04,08:00:00,Completed
T0001537,R011,V0019,2025-01-03,08:00:00,Completed
T0001538,R019,V0048,2025-01-01,08:00:00,Completed
T0001539,R013,V0002,2025-01-02,08:00:00,Completed
T0001540,R006,V0031,2025-01-05,08:00:00,Completed
T0001541,R016,V0026,2025-01-03,08:00:00,Completed
T0001542,R019,V0018,2025-01-06,08:00:00,Completed
T0001543,R008,V0007,2025-01-02,08:00:00,Completed
T0001544,R016,V0042,2025-01-03,08:00:00,Completed
T0001545,R006,V0046,2025-01-05,08:00:00,Completed
T0001546,R011,V0044,2025-01-06,08:00:00,Completed
T0001547,R020,V0037,2025-01-04,08:00:00,Completed
T0001548,R011,V0046,2025-01-02,08:00:00,Completed
T0001549,R006,V0013,2025-01-05,08:00:00,Completed
T0001550,R014,V0025,2025-01-02,08:00:00,Completed
T0001551,R015,V0024,2025-01-04,08:00:00,Completed
T0001552,R001,V0033,2025-01-02,08:00:00,Completed
T0001553,R009,V0042,2025-01-07,08:00:00,Completed
T0001554,R018,V0010,2025-01-05,08:00:00,Completed
T0001555,R013,V0009,2025-01-02,08:00:00,Completed
T0001556,R001,V0010,2025-01-07,08:00:00,Completed
T0001557,R019,V0029,2025-01-06,08:00:00,Completed
T0001558,R012,V0006,2025-01-02,08:00:00,Completed
T0001559,R018,V0048,2025-01-04,08:00:00,Completed
T0001560,R018,V0003,2025-01-01,08:00:00,Completed
T0001561,R020,V0048,2025-01-04,08:00:00,Completed
T0001562,R008,V0044,2025-01-06,08:00:00,Completed
T0001563,R009,V0024,2025-01-06,08:00:00,Completed
T0001564,R010,V0024,2025-01-07,08:00:00,Completed
T0001565,R001,V0043,2025-01-07,08:00:00,Completed
T0001566,R015,V0025,2025-01-07,08:00:00,Completed
T0001567,R020,V0012,2025-01-04,08:00:00,Completed
T0001568,R015,V0011,2025-01-05,08:00:00,Completed
T0001569,R020,V0011,2025-01-04,08:00:00,Completed
T0001570,R005,V0035,2025-01-06,08:00:00,Completed
T0001571,R019,V0050,2025-01-06,08:00:00,Completed
T0001572,R012,V0025,2025-01-07,08:00:00,Completed
T0001573,R008,V0016,2025-01-05,08:00:00,Completed
T0001574,R019,V0031,2025-01-07,08:00:00,Completed
T0001575,R014,V0006,2025-01-07,08:00:00,Completed
T0001576,R012,V0045,2025-01-04,08:00:00,Completed
T0001577,R012,V0047,2025-01-02,08:00:00,Completed
T0001578,R005,V0009,2025-01-03,08:00:00,Completed
T0001579,R014,V0035,2025-01-01,08:00:00,Completed
T0001580,R013,V0009,2025-01-03,08:00:00,Completed
T0001581,R015,V0047,2025-01-01,08:00:00,Completed
T0001582,R012,V0026,2025-01-06,08:00:00,Completed
T0001583,R013,V0040,2025-01-06,08:00:00,Completed
T0001584,R002,V0003,2025-01-05,08:00:00,Completed
T0001585,R006,V0016,2025-01-04,08:00:00,Completed
T0001586,R009,V0047,2025-01-02,08:00:00,Completed
T0001587,R014,V0034,2025-01-05,08:00:00,Completed
T0001588,R009,V0036,2025-01-02,08:00:00,Completed
T0001589,R004,V0005,2025-01-07,08:00:00,Completed
T0001590,R012,V0033,2025-01-04,08:00:00,Completed
T0001591,R015,V0027,2025-01-05,08:00:00,Completed
T0001592,R020,V0013,2025-01-01,08:00:00,Completed
T0001593,R006,V0025,2025-01-06,08:00:00,Completed
T0001594,R008,V0010,2025-01-04,08:00:00,Completed
T0001595,R009,V0030,2025-01-04,08:00:00,Completed
T0001596,R016,V0028,2025-01-01,08:00:00,Completed
T0001597,R003,V0006,2025-01-02,08:00:00,Completed
T0001598,R010,V0015,2025-01-02,08:00:00,Completed
T0001599,R003,V0019,2025-01-05,08:00:00,Completed
T0001600,R019,V0006,2025-01-04,08:00:00,Completed
T0001601,R004,V0049,2025-01-03,08:00:00,Completed
T0001602,R019,V0046,2025-01-03,08:00:00,Completed
T0001603,R001,V0035,2025-01-04,08:00:00,Completed
T0001604,R018,V0006,2025-01-02,08:00:00,Completed
T0001605,R018,V0047,2025-01-03,08:00:00,Completed
T0001606,R018,V0003,2025-01-02,08:00:00,Completed
T0001607,R010,V0050,2025-01-03,08:00:00,Completed
T0001608,R015,V0026,2025-01-07,08:00:00,Completed
T0001609,R017,V0030,2025-01-02,08:00:00,Completed
T0001610,R001,V0001,2025-01-05,08:00:00,Completed
T0001611,R014,V0026,2025-01-02,08:00:00,Completed
T0001612,R007,V0014,2025-01-03,08:00:00,Completed
T0001613,R013,V0040,2025-01-02,08:00:00,Completed
T0001614,R001,V0050,2025-01-01,08:00:00,Completed
T0001615,R002,V0040,2025-01-05,08:00:00,Completed
T0001616,R018,V0004,2025-01-06,08:00:00,Completed
T0001617,R007,V0005,2025-01-05,08:00:00,Completed
T0001618,R010,V0013,2025-01-02,08:00:00,Completed
T0001619,R004,V0001,2025-01-05,08:00:00,Completed
T0001620,R003,V0047,2025-01-04,08:00:00,Completed
T0001621,R019,V0050,2025-01-07,08:00:00,Completed
T0001622,R017,V0042,2025-01-04,08:00:00,Completed
T0001623,R018,V0017,2025-01-06,08:00:00,Completed
T0001624,R019,V0041,2025-01-07,08:00:00,Cancelled
T0001625,R019,V0039,2025-01-07,08:00:00,Completed
T0001626,R013,V0006,2025-01-01,08:00:00,Completed
T0001627,R006,V0042,2025-01-05,08:00:00,Completed
T0001628,R019,V0015,2025-01-02,08:00:00,Completed
T0001629,R011,V0049,2025-01-02,08:00:00,Completed
T0001630,R004,V0014,2025-01-06,08:00:00,Completed
T0001631,R010,V0016,2025-01-01,08:00:00,Completed
T0001632,R002,V0028,2025-01-04,08:00:00,Completed
T0001633,R015,V0017,2025-01-02,08:00:00,Completed
T0001634,R013,V0033,2025-01-07,08:00:00,Completed
T0001635,R016,V0009,2025-01-04,08:00:00,Completed
T0001636,R010,V0030,2025-01-01,08:00:00,Completed
T0001637,R014,V0012,2025-01-03,08:00:00,Completed
T0001638,R020,V0002,2025-01-04,08:00:00,Completed
T0001639,R003,V0034,2025-01-05,08:00:00,Completed
T0001640,R015,V0036,2025-01-01,08:00:00,Completed
T0001641,R017,V0037,2025-01-04,08:00:00,Completed
T0001642,R013,V0037,2025-01-03,08:00:00,Completed
T0001643,R003,V0010,2025-01-02,08:00:00,Cancelled
T0001644,R013,V0029,2025-01-05,08:00:00,Completed
T0001645,R010,V0031,2025-01-06,08:00:00,Completed
T0001646,R014,V0048,2025-01-06,08:00:00,Completed
T0001647,R017,V0046,2025-01-06,08:00:00,Completed
T0001648,R010,V0007,2025-01-03,08:00:00,Completed
T0001649,R005,V0036,2025-01-03,08:00:00,Completed
T0001650,R019,V0049,2025-01-02,08:00:00,Completed
T0001651,R002,V0003,2025-01-05,08:00:00,Completed
T0001652,R017,V0044,2025-01-05,08:00:00,Completed
T0001653,R017,V0008,2025-01-06,08:00:00,Completed
T0001654,R016,V0013,2025-01-02,08:00:00,Completed
T0001655,R011,V0014,2025-01-07,08:00:00,Completed
T0001656,R006,V0003,2025-01-01,08:00:00,Completed
T0001657,R012,V0038,2025-01-02,08:00:00,Completed
T0001658,R005,V0031,2025-01-02,08:00:00,Completed
T0001659,R004,V0042,2025-01-02,08:00:00,Completed
T0001660,R019,V0040,2025-01-05,08:00:00,Completed
T0001661,R007,V0022,2025-01-07,08:00:00,Completed
T0001662,R018,V0026,2025-01-01,08:00:00,Completed
T0001663,R007,V0037,2025-01-03,08:00:00,Completed
T0001664,R019,V0024,2025-01-06,08:00:00,Completed
T0001665,R019,V0011,2025-01-04,08:00:00,Completed
T0001666,R017,V0008,2025-01-07,08:00:00,Completed
T0001667,R001,V0029,2025-01-06,08:00:00,Completed
T0001668,R018,V0023,2025-01-06,08:00:00,Completed
T0001669,R005,V0004,2025-01-02,08:00:00,Completed
T0001670,R003,V0003,2025-01-07,08:00:00,Completed
T0001671,R012,V0048,2025-01-07,08:00:00,Completed
T0001672,R005,V0042,2025-01-05,08:00:00,Completed
T0001673,R013,V0023,2025-01-06,08:00:00,Completed
T0001674,R002,V0019,2025-01-02,08:00:00,Completed
T0001675,R012,V0009,2025-01-07,08:00:00,Completed
T0001676,R019,V0041,2025-01-01,08:00:00,Completed
T0001677,R005,V0030,2025-01-01,08:00:00,Completed
T0001678,R009,V0022,2025-01-01,08:00:00,Completed
T0001679,R007,V0019,2025-01-01,08:00:00,Completed
T0001680,R003,V0020,2025-01-07,08:00:00,Completed
T0001681,R002,V0024,2025-01-01,08:00:00,Completed
T0001682,R009,V0023,2025-01-03,08:00:00,Completed
T0001683,R007,V0034,2025-01-05,08:00:00,Completed
T0001684,R012,V0050,2025-01-01,08:00:00,Completed
T0001685,R010,V0032,2025-01-01,08:00:00,Completed
T0001686,R005,V0007,2025-01-01,08:00:00,Completed
T0001687,R004,V0019,2025-01-05,08:00:00,Completed
T0001688,R013,V0009,2025-01-06,08:00:00,Completed
T0001689,R014,V0002,2025-01-01,08:00:00,Completed
T0001690,R001,V0011,2025-01-05,08:00:00,Completed
T0001691,R006,V0019,2025-01-07,08:00:00,Completed
T0001692,R020,V0011,2025-01-04,08:00:00,Completed
T0001693,R003,V0004,2025-01-03,08:00:00,Completed
T0001694,R019,V0001,2025-01-03,08:00:00,Completed
T0001695,R012,V0018,2025-01-06,08:00:00,Completed
T0001696,R016,V0031,2025-01-03,08:00:00,Completed
T0001697,R010,V0026,2025-01-07,08:00:00,Completed
T0001698,R011,V0025,2025-01-02,08:00:00,Completed
T0001699,R009,V0033,2025-01-01,08:00:00,Completed
T0001700,R011,V0004,2025-01-01,08:00:00,Completed
T0001701,R004,V0032,2025-01-01,08:00:00,Completed
T0001702,R001,V0009,2025-01-06,08:00:00,Completed
T0001703,R013,V0049,2025-01-03,08:00:00,Completed
T0001704,R011,V0025,2025-01-01,08:00:00,Completed
T0001705,R017,V0008,2025-01-05,08:00:00,Completed
T0001706,R019,V0006,2025-01-03,08:00:00,Completed
T0001707,R018,V0019,2025-01-07,08:00:00,Completed
T0001708,R015,V0017,2025-01-05,08:00:00,Completed
T0001709,R016,V0003,2025-01-07,08:00:00,Completed
T0001710,R009,V0031,2025-01-02,08:00:00,Completed
T0001711,R019,V0020,2025-01-04,08:00:00,Completed
T0001712,R019,V0001,2025-01-06,08:00:00,Completed
T0001713,R007,V0039,2025-01-03,08:00:00,Completed
T0001714,R012,V0027,2025-01-04,08:00:00,Completed
T0001715,R017,V0038,2025-01-05,08:00:00,Completed
T0001716,R013,V0028,2025-01-02,08:00:00,Completed
T0001717,R019,V0032,2025-01-04,08:00:00,Completed
T0001718,R012,V0011,2025-01-07,08:00:00,Completed
T0001719,R007,V0046,2025-01-07,08:00:00,Completed
T0001720,R016,V0015,2025-01-07,08:00:00,Completed
T0001721,R014,V0005,2025-01-06,08:00:00,Cancelled
T0001722,R008,V0046,2025-01-04,08:00:00,Completed
T0001723,R016,V0030,2025-01-04,08:00:00,Completed
T0001724,R005,V0001,2025-01-04,08:00:00,Completed
T0001725,R010,V0035,2025-01-03,08:00:00,Completed
T0001726,R005,V0017,2025-01-02,08:00:00,Completed
T0001727,R004,V0007,2025-01-04,08:00:00,Completed
T0001728,R001,V0023,2025-01-05,08:00:00,Completed
T0001729,R011,V0002,2025-01-05,08:00:00,Completed
T0001730,R010,V0029,2025-01-07,08:00:00,Completed
T0001731,R007,V0044,2025-01-07,08:00:00,Completed
T0001732,R006,V0031,2025-01-04,08:00:00,Completed
T0001733,R011,V0017,2025-01-05,08:00:00,Completed
T0001734,R013,V0033,2025-01-03,08:00:00,Completed
T0001735,R004,V0044,2025-01-07,08:00:00,Completed
T0001736,R001,V0033,2025-01-04,08:00:00,Completed
T0001737,R020,V0015,2025-01-03,08:00:00,Completed
T0001738,R011,V0049,2025-01-06,08:00:00,Completed
T0001739,R015,V0003,2025-01-06,08:00:00,Completed
T0001740,R003,V0045,2025-01-04,08:00:00,Completed
T0001741,R016,V0004,2025-01-03,08:00:00,Completed
T0001742,R014,V0019,2025-01-01,08:00:00,Completed
T0001743,R012,V0047,2025-01-02,08:00:00,Completed
T0001744,R007,V0041,2025-01-05,08:00:00,Completed
T0001745,R017,V0012,2025-01-07,08:00:00,Completed
T0001746,R006,V0043,2025-01-02,08:00:00,Completed
T0001747,R011,V0023,2025-01-07,08:00:00,Completed
T0001748,R018,V0024,2025-01-06,08:00:00,Completed
T0001749,R020,V0028,2025-01-02,08:00:00,Completed
T0001750,R005,V0038,2025-01-06,08:00:00,Completed
T0001751,R005,V0007,2025-01-06,08:00:00,Completed
T0001752,R016,V0010,2025-01-04,08:00:00,Completed
T0001753,R018,V0022,2025-01-07,08:00:00,Completed
T0001754,R012,V0014,2025-01-01,08:00:00,Completed
T0001755,R012,V0050,2025-01-05,08:00:00,Completed
T0001756,R004,V0042,2025-01-03,08:00:00,Completed
T0001757,R011,V0042,2025-01-06,08:00:00,Completed
T0001758,R007,V0007,2025-01-03,08:00:00,Completed
T0001759,R011,V0019,2025-01-07,08:00:00,Completed
T0001760,R007,V0033,2025-01-07,08:00:00,Completed
T0001761,R007,V0044,2025-01-03,08:00:00,Completed
T0001762,R019,V0036,2025-01-02,08:00:00,Completed
T0001763,R020,V0012,2025-01-05,08:00:00,Completed
T0001764,R015,V0026,2025-01-03,08:00:00,Completed
T0001765,R005,V0020,2025-01-01,08:00:00,Completed
T0001766,R020,V0033,2025-01-03,08:00:00,Completed
T0001767,R015,V0023,2025-01-07,08:00:00,Cancelled
T0001768,R002,V0049,2025-01-07,08:00:00,Completed
T0001769,R004,V0005,2025-01-03,08:00:00,Completed
T0001770,R009,V0044,2025-01-04,08:00:00,Completed
T0001771,R014,V0013,2025-01-03,08:00:00,Completed
T0001772,R017,V0016,2025-01-01,08:00:00,Completed
T0001773,R007,V0049,2025-01-01,08:00:00,Completed
T0001774,R008,V0034,2025-01-02,08:00:00,Completed
T0001775,R004,V0006,2025-01-07,08:00:00,Completed
T0001776,R020,V0028,2025-01-02,08:00:00,Completed
T0001777,R006,V0019,2025-01-02,08:00:00,Completed
T0001778,R014,V0034,2025-01-02,08:00:00,Completed
T0001779,R010,V0006,2025-01-03,08:00:00,Completed
T0001780,R004,V0049,2025-01-02,08:00:00,Completed
T0001781,R020,V0024,2025-01-07,08:00:00,Completed
T0001782,R010,V0047,2025-01-07,08:00:00,Completed
T0001783,R008,V0046,2025-01-02,08:00:00,Completed
T0001784,R020,V0044,2025-01-04,08:00:00,Completed
T0001785,R019,V0004,2025-01-04,08:00:00,Completed
T0001786,R019,V0048,2025-01-05,08:00:00,Completed
T0001787,R017,V0006,2025-01-06,08:00:00,Completed
T0001788,R012,V0044,2025-01-03,08:00:00,Completed
T0001789,R011,V0046,2025-01-05,08:00:00,Completed
T0001790,R011,V0007,2025-01-05,08:00:00,Completed
T0001791,R003,V0004,2025-01-05,08:00:00,Completed
T0001792,R004,V0040,2025-01-07,08:00:00,Completed
T0001793,R014,V0046,2025-01-07,08:00:00,Cancelled
T0001794,R002,V0001,2025-01-04,08:00:00,Completed
T0001795,R003,V0043,2025-01-07,08:00:00,Completed
T0001796,R017,V0020,2025-01-07,08:00:00,Completed
T0001797,R020,V0044,2025-01-03,08:00:00,Completed
T0001798,R011,V0012,2025-01-03,08:00:00,Completed
T0001799,R018,V0011,2025-01-07,08:00:00,Completed
T0001800,R017,V0002,2025-01-07,08:00:00,Completed
T0001801,R006,V0023,2025-01-07,08:00:00,Completed
T0001802,R001,V0005,2025-01-03,08:00:00,Completed
T0001803,R001,V0041,2025-01-06,08:00:00,Completed
T0001804,R002,V0047,2025-01-02,08:00:00,Completed
T0001805,R002,V0033,2025-01-05,08:00:00,Completed
T0001806,R019,V0039,2025-01-03,08:00:00,Completed
T0001807,R010,V0046,2025-01-06,08:00:00,Completed
T0001808,R012,V0047,2025-01-03,08:00:00,Completed
T0001809,R020,V0003,2025-01-06,08:00:00,Completed
T0001810,R018,V0001,2025-01-06,08:00:00,Completed
T0001811,R010,V0012,2025-01-06,08:00:00,Completed
T0001812,R008,V0032,2025-01-03,08:00:00,Completed
T0001813,R003,V0036,2025-01-06,08:00:00,Completed
T0001814,R020,V0038,2025-01-06,08:00:00,Completed
T0001815,R020,V0041,2025-01-06,08:00:00,Completed
T0001816,R010,V0015,2025-01-06,08:00:00,Completed
T0001817,R003,V0050,2025-01-07,08:00:00,Completed
T0001818,R004,V0018,2025-01-03,08:00:00,Completed
T0001819,R009,V0044,2025-01-05,08:00:00,Completed
T0001820,R007,V0021,2025-01-02,08:00:00,Completed
T0001821,R008,V0011,2025-01-02,08:00:00,Completed
T0001822,R015,V0047,2025-01-02,08:00:00,Completed
T0001823,R010,V0041,2025-01-06,08:00:00,Completed
T0001824,R011,V0049,2025-01-02,08:00:00,Completed
T0001825,R012,V0009,2025-01-03,08:00:00,Completed
T0001826,R011,V0022,2025-01-01,08:00:00,Completed
T0001827,R008,V0050,2025-01-07,08:00:00,Completed
T0001828,R002,V0049,2025-01-02,08:00:00,Completed
T0001829,R016,V0019,2025-01-05,08:00:00,Completed
T0001830,R018,V0044,2025-01-02,08:00:00,Completed
T0001831,R003,V0043,2025-01-05,08:00:00,Completed
T0001832,R005,V0012,2025-01-06,08:00:00,Completed
T0001833,R013,V0006,2025-01-05,08:00:00,Completed
T0001834,R003,V0018,2025-01-06,08:00:00,Completed
T0001835,R001,V0022,2025-01-01,08:00:00,Completed
T0001836,R002,V0025,2025-01-07,08:00:00,Completed
T0001837,R015,V0017,2025-01-07,08:00:00,Completed
T0001838,R018,V0004,2025-01-02,08:00:00,Completed
T0001839,R002,V0005,2025-01-04,08:00:00,Completed
T0001840,R004,V0002,2025-01-05,08:00:00,Completed
T0001841,R010,V0039,2025-01-01,08:00:00,Completed
T0001842,R003,V0001,2025-01-01,08:00:00,Completed
T0001843,R012,V0013,2025-01-04,08:00:00,Completed
T0001844,R019,V0007,2025-01-01,08:00:00,Completed
T0001845,R007,V0017,2025-01-02,08:00:00,Completed
T0001846,R014,V0006,2025-01-04,08:00:00,Completed
T0001847,R014,V0008,2025-01-01,08:00:00,Completed
T0001848,R019,V0012,2025-01-03,08:00:00,Completed
T0001849,R017,V0014,2025-01-01,08:00:00,Completed
T0001850,R020,V0026,2025-01-05,08:00:00,Completed
T0001851,R014,V0033,2025-01-02,08:00:00,Completed
T0001852,R009,V0048,2025-01-04,08:00:00,Completed
T0001853,R015,V0042,2025-01-06,08:00:00,Completed
T0001854,R014,V0031,2025-01-04,08:00:00,Completed
T0001855,R013,V0029,2025-01-07,08:00:00,Completed
T0001856,R005,V0028,2025-01-07,08:00:00,Completed
T0001857,R019,V0032,2025-01-03,08:00:00,Completed
T0001858,R005,V0026,2025-01-02,08:00:00,Completed
T0001859,R005,V0006,2025-01-03,08:00:00,Completed
T0001860,R004,V0043,2025-01-03,08:00:00,Completed
T0001861,R014,V0027,2025-01-06,08:00:00,Completed
T0001862,R013,V0028,2025-01-02,08:00:00,Completed
T0001863,R006,V0040,2025-01-04,08:00:00,Cancelled
T0001864,R013,V0013,2025-01-01,08:00:00,Completed
T0001865,R014,V0016,2025-01-04,08:00:00,Completed
T0001866,R018,V0023,2025-01-04,08:00:00,Completed
T0001867,R003,V0008,2025-01-05,08:00:00,Completed
T0001868,R019,V0035,2025-01-01,08:00:00,Completed
T0001869,R020,V0011,2025-01-04,08:00:00,Completed
T0001870,R010,V0008,2025-01-07,08:00:00,Completed
T0001871,R015,V0046,2025-01-06,08:00:00,Completed
T0001872,R006,V0037,2025-01-01,08:00:00,Completed
T0001873,R017,V0038,2025-01-05,08:00:00,Completed
T0001874,R006,V0047,2025-01-03,08:00:00,Completed
T0001875,R005,V0043,2025-01-05,08:00:00,Completed
T0001876,R010,V0015,2025-01-01,08:00:00,Completed
T0001877,R020,V0026,2025-01-04,08:00:00,Completed
T0001878,R019,V0012,2025-01-06,08:00:00,Completed
T0001879,R008,V0009,2025-01-03,08:00:00,Completed
T0001880,R020,V0028,2025-01-07,08:00:00,Completed
T0001881,R006,V0038,2025-01-02,08:00:00,Completed
T0001882,R002,V0016,2025-01-07,08:00:00,Completed
T0001883,R008,V0030,2025-01-06,08:00:00,Completed
T0001884,R015,V0032,2025-01-03,08:00:00,Completed
T0001885,R018,V0033,2025-01-02,08:00:00,Completed
T0001886,R020,V0025,2025-01-07,08:00:00,Completed
T0001887,R010,V0041,2025-01-05,08:00:00,Cancelled
T0001888,R008,V0028,2025-01-04,08:00:00,Completed
T0001889,R016,V0047,2025-01-05,08:00:00,Completed
T0001890,R009,V0027,2025-01-01,08:00:00,Completed
T0001891,R005,V0018,2025-01-04,08:00:00,Completed
T0001892,R014,V0001,2025-01-02,08:00:00,Completed
T0001893,R004,V0037,2025-01-02,08:00:00,Completed
T0001894,R018,V0028,2025-01-05,08:00:00,Completed
T0001895,R001,V0036,2025-01-03,08:00:00,Completed
T0001896,R008,V0002,2025-01-07,08:00:00,Completed
T0001897,R018,V0044,2025-01-02,08:00:00,Completed
T0001898,R001,V0022,2025-01-03,08:00:00,Completed
T0001899,R006,V0044,2025-01-01,08:00:00,Completed
T0001900,R018,V0015,2025-01-07,08:00:00,Completed
T0001901,R005,V0024,2025-01-01,08:00:00,Completed
T0001902,R006,V0047,2025-01-05,08:00:00,Completed
T0001903,R001,V0029,2025-01-07,08:00:00,Completed
T0001904,R002,V0034,2025-01-02,08:00:00,Completed
T0001905,R015,V0006,2025-01-04,08:00:00,Completed
T0001906,R001,V0024,2025-01-01,08:00:00,Completed
T0001907,R016,V0017,2025-01-07,08:00:00,Completed
T0001908,R020,V0009,2025-01-05,08:00:00,Cancelled
T0001909,R008,V0047,2025-01-04,08:00:00,Completed
T0001910,R001,V0033,2025-01-01,08:00:00,Completed
T0001911,R004,V0008,2025-01-07,08:00:00,Completed
T0001912,R014,V0034,2025-01-01,08:00:00,Completed
T0001913,R004,V0027,2025-01-02,08:00:00,Completed
T0001914,R005,V0030,2025-01-03,08:00:00,Completed
T0001915,R011,V0007,2025-01-02,08:00:00,Completed
T0001916,R007,V0005,2025-01-03,08:00:00,Completed
T0001917,R019,V0025,2025-01-04,08:00:00,Completed
T0001918,R001,V0001,2025-01-01,08:00:00,Completed
T0001919,R017,V0019,2025-01-04,08:00:00,Completed
T0001920,R017,V0023,2025-01-06,08:00:00,Completed
T0001921,R016,V0007,2025-01-05,08:00:00,Completed
T0001922,R008,V0010,2025-01-03,08:00:00,Completed
T0001923,R016,V0042,2025-01-04,08:00:00,Completed
T0001924,R004,V0019,2025-01-03,08:00:00,Completed
T0001925,R014,V0017,2025-01-03,08:00:00,Completed
T0001926,R012,V0049,2025-01-07,08:00:00,Completed
T0001927,R011,V0012,2025-01-04,08:00:00,Completed
T0001928,R014,V0004,2025-01-04,08:00:00,Completed
T0001929,R017,V0007,2025-01-03,08:00:00,Completed
T0001930,R004,V0006,2025-01-04,08:00:00,Completed
T0001931,R005,V0039,2025-01-02,08:00:00,Completed
T0001932,R014,V0021,2025-01-01,08:00:00,Completed
T0001933,R002,V0024,2025-01-01,08:00:00,Completed
T0001934,R010,V0035,2025-01-03,08:00:00,Completed
T0001935,R017,V0038,2025-01-02,08:00:00,Completed
T0001936,R008,V0031,2025-01-03,08:00:00,Completed
T0001937,R016,V0049,2025-01-06,08:00:00,Completed
T0001938,R010,V0018,2025-01-04,08:00:00,Completed
T0001939,R014,V0006,2025-01-01,08:00:00,Completed
T0001940,R011,V0035,2025-01-07,08:00:00,Completed
T0001941,R013,V0025,2025-01-07,08:00:00,Completed
T0001942,R015,V0023,2025-01-02,08:00:00,Completed
T0001943,R012,V0015,2025-01-02,08:00:00,Completed
T0001944,R017,V0021,2025-01-04,08:00:00,Completed
T0001945,R013,V0023,2025-01-05,08:00:00,Completed
T0001946,R014,V0029,2025-01-03,08:00:00,Completed
T0001947,R018,V0050,2025-01-05,08:00:00,Completed
T0001948,R002,V0007,2025-01-01,08:00:00,Completed
T0001949,R016,V0044,2025-01-04,08:00:00,Completed
T0001950,R008,V0017,2025-01-07,08:00:00,Completed
T0001951,R010,V0005,2025-01-07,08:00:00,Completed
T0001952,R015,V0034,2025-01-04,08:00:00,Completed
T0001953,R016,V0032,2025-01-01,08:00:00,Completed
T0001954,R016,V0003,2025-01-04,08:00:00,Completed
T0001955,R012,V0036,2025-01-02,08:00:00,Completed
T0001956,R004,V0048,2025-01-03,08:00:00,Completed
T0001957,R012,V0014,2025-01-05,08:00:00,Completed
T0001958,R017,V0043,2025-01-07,08:00:00,Completed
T0001959,R015,V0008,2025-01-05,08:00:00,Completed
T0001960,R012,V0012,2025-01-01,08:00:00,Completed
T0001961,R012,V0004,2025-01-07,08:00:00,Completed
T0001962,R018,V0039,2025-01-01,08:00:00,Completed
T0001963,R008,V0006,2025-01-06,08:00:00,Completed
T0001964,R016,V0006,2025-01-05,08:00:00,Completed
T0001965,R020,V0033,2025-01-04,08:00:00,Completed
T0001966,R006,V0002,2025-01-07,08:00:00,Completed
T0001967,R001,V0015,2025-01-06,08:00:00,Completed
T0001968,R019,V0048,2025-01-02,08:00:00,Completed
T0001969,R014,V0020,2025-01-01,08:00:00,Completed
T0001970,R013,V0003,2025-01-01,08:00:00,Completed
T0001971,R018,V0022,2025-01-04,08:00:00,Completed
T0001972,R020,V0049,2025-01-04,08:00:00,Completed
T0001973,R020,V0015,2025-01-02,08:00:00,Completed
T0001974,R009,V0036,2025-01-04,08:00:00,Completed
T0001975,R004,V0030,2025-01-02,08:00:00,Completed
T0001976,R005,V0002,2025-01-02,08:00:00,Completed
T0001977,R004,V0022,2025-01-04,08:00:00,Completed
T0001978,R004,V0043,2025-01-02,08:00:00,Completed
T0001979,R006,V0023,2025-01-04,08:00:00,Completed
T0001980,R014,V0022,2025-01-03,08:00:00,Completed
T0001981,R009,V0022,2025-01-02,08:00:00,Completed
T0001982,R012,V0021,2025-01-02,08:00:00,Completed
T0001983,R003,V0026,2025-01-07,08:00:00,Completed
T0001984,R018,V0036,2025-01-05,08:00:00,Completed
T0001985,R010,V0044,2025-01-04,08:00:00,Completed
T0001986,R019,V0015,2025-01-03,08:00:00,Completed
T0001987,R010,V0042,2025-01-06,08:00:00,Completed
T0001988,R016,V0043,2025-01-05,08:00:00,Completed
T0001989,R006,V0042,2025-01-05,08:00:00,Completed
T0001990,R004,V0042,2025-01-07,08:00:00,Completed
T0001991,R009,V0010,2025-01-05,08:00:00,Completed
T0001992,R008,V0003,2025-01-07,08:00:00,Completed
T0001993,R005,V0050,2025-01-07,08:00:00,Completed
T0001994,R009,V0039,2025-01-07,08:00:00,Completed
T0001995,R019,V0013,2025-01-02,08:00:00,Completed
T0001996,R004,V0047,2025-01-07,08:00:00,Completed
T0001997,R014,V0016,2025-01-04,08:00:00,Completed
T0001998,R005,V0050,2025-01-03,08:00:00,Completed
T0001999,R007,V0013,2025-01-06,08:00:00,Completed
T0002000,R002,V0008,2025-01-02,08:00:00,Completed
